mnt/data/photon_26753_work/candidate/app/src/main/java/com/hinnka/mycamera/processor/GlesMgcRawSpatialStacker.kt:3:8: error: unresolved reference: android
import android.graphics.ImageFormat
       ^
mnt/data/photon_26753_work/candidate/app/src/main/java/com/hinnka/mycamera/processor/GlesMgcRawSpatialStacker.kt:4:8: error: unresolved reference: android
import android.opengl.EGL14
       ^
mnt/data/photon_26753_work/candidate/app/src/main/java/com/hinnka/mycamera/processor/GlesMgcRawSpatialStacker.kt:5:8: error: unresolved reference: android
import android.opengl.EGLConfig
       ^
mnt/data/photon_26753_work/candidate/app/src/main/java/com/hinnka/mycamera/processor/GlesMgcRawSpatialStacker.kt:6:8: error: unresolved reference: android
import android.opengl.EGLContext
       ^
mnt/data/photon_26753_work/candidate/app/src/main/java/com/hinnka/mycamera/processor/GlesMgcRawSpatialStacker.kt:7:8: error: unresolved reference: android
import android.opengl.EGLDisplay
       ^
mnt/data/photon_26753_work/candidate/app/src/main/java/com/hinnka/mycamera/processor/GlesMgcRawSpatialStacker.kt:8:8: error: unresolved reference: android
import android.opengl.EGLSurface
       ^
mnt/data/photon_26753_work/candidate/app/src/main/java/com/hinnka/mycamera/processor/GlesMgcRawSpatialStacker.kt:9:8: error: unresolved reference: android
import android.opengl.GLES30
       ^
mnt/data/photon_26753_work/candidate/app/src/main/java/com/hinnka/mycamera/processor/GlesMgcRawSpatialStacker.kt:10:8: error: unresolved reference: android
import android.opengl.GLES31
       ^
mnt/data/photon_26753_work/candidate/app/src/main/java/com/hinnka/mycamera/processor/GlesMgcRawSpatialStacker.kt:11:8: error: unresolved reference: android
import android.util.Half
       ^
mnt/data/photon_26753_work/candidate/app/src/main/java/com/hinnka/mycamera/processor/GlesMgcRawSpatialStacker.kt:12:28: error: unresolved reference: camera
import com.hinnka.mycamera.camera.MultiFrameConfig
                           ^
mnt/data/photon_26753_work/candidate/app/src/main/java/com/hinnka/mycamera/processor/GlesMgcRawSpatialStacker.kt:13:28: error: unresolved reference: model
import com.hinnka.mycamera.model.SafeImage
                           ^
mnt/data/photon_26753_work/candidate/app/src/main/java/com/hinnka/mycamera/processor/GlesMgcRawSpatialStacker.kt:14:28: error: unresolved reference: raw
import com.hinnka.mycamera.raw.MgcSpatialStrengthMap
                           ^
mnt/data/photon_26753_work/candidate/app/src/main/java/com/hinnka/mycamera/processor/GlesMgcRawSpatialStacker.kt:15:28: error: unresolved reference: utils
import com.hinnka.mycamera.utils.LargeDirectBuffer
                           ^
mnt/data/photon_26753_work/candidate/app/src/main/java/com/hinnka/mycamera/processor/GlesMgcRawSpatialStacker.kt:16:28: error: unresolved reference: utils
import com.hinnka.mycamera.utils.PLog
                           ^
mnt/data/photon_26753_work/candidate/app/src/main/java/com/hinnka/mycamera/processor/GlesMgcRawSpatialStacker.kt:17:12: error: unresolved reference: particlesdevs
import com.particlesdevs.photoncamera.processing.IrisTrue2xSrNative
           ^
mnt/data/photon_26753_work/candidate/app/src/main/java/com/hinnka/mycamera/processor/GlesMgcRawSpatialStacker.kt:18:12: error: unresolved reference: particlesdevs
import com.particlesdevs.photoncamera.util.MotionTrace
           ^
mnt/data/photon_26753_work/candidate/app/src/main/java/com/hinnka/mycamera/processor/GlesMgcRawSpatialStacker.kt:48:33: error: unresolved reference: RawNoiseProfileSelection
        noiseProfileSelection = RawNoiseProfileSelection.Camera2,
                                ^
mnt/data/photon_26753_work/candidate/app/src/main/java/com/hinnka/mycamera/processor/GlesMgcRawSpatialStacker.kt:52:22: error: unresolved reference: MgcSpatialOutputMode
        outputMode = MgcSpatialOutputMode.RGB,
                     ^
mnt/data/photon_26753_work/candidate/app/src/main/java/com/hinnka/mycamera/processor/GlesMgcRawSpatialStacker.kt:53:23: error: unresolved reference: MgcMergeMethod
        mergeMethod = MgcMergeMethod.SABRE,
                      ^
mnt/data/photon_26753_work/candidate/app/src/main/java/com/hinnka/mycamera/processor/GlesMgcRawSpatialStacker.kt:57:31: error: unresolved reference: GpuLinearRgbStorage
        gpuLinearRgbStorage = GpuLinearRgbStorage.RGBA16F,
                              ^
mnt/data/photon_26753_work/candidate/app/src/main/java/com/hinnka/mycamera/processor/GlesMgcRawSpatialStacker.kt:81:40: error: unresolved reference: RawNoiseProfileSelection
    private val noiseProfileSelection: RawNoiseProfileSelection,
                                       ^
mnt/data/photon_26753_work/candidate/app/src/main/java/com/hinnka/mycamera/processor/GlesMgcRawSpatialStacker.kt:85:29: error: unresolved reference: MgcSpatialOutputMode
    private val outputMode: MgcSpatialOutputMode,
                            ^
mnt/data/photon_26753_work/candidate/app/src/main/java/com/hinnka/mycamera/processor/GlesMgcRawSpatialStacker.kt:86:30: error: unresolved reference: MgcMergeMethod
    private val mergeMethod: MgcMergeMethod = when (outputMode) {
                             ^
mnt/data/photon_26753_work/candidate/app/src/main/java/com/hinnka/mycamera/processor/GlesMgcRawSpatialStacker.kt:86:47: error: 'when' expression must be exhaustive, add necessary 'else' branch
    private val mergeMethod: MgcMergeMethod = when (outputMode) {
                                              ^
mnt/data/photon_26753_work/candidate/app/src/main/java/com/hinnka/mycamera/processor/GlesMgcRawSpatialStacker.kt:87:9: error: unresolved reference: MgcSpatialOutputMode
        MgcSpatialOutputMode.BAYER -> MgcMergeMethod.SPATIAL_BAYER
        ^
mnt/data/photon_26753_work/candidate/app/src/main/java/com/hinnka/mycamera/processor/GlesMgcRawSpatialStacker.kt:87:39: error: unresolved reference: MgcMergeMethod
        MgcSpatialOutputMode.BAYER -> MgcMergeMethod.SPATIAL_BAYER
                                      ^
mnt/data/photon_26753_work/candidate/app/src/main/java/com/hinnka/mycamera/processor/GlesMgcRawSpatialStacker.kt:88:9: error: unresolved reference: MgcSpatialOutputMode
        MgcSpatialOutputMode.RGB -> MgcMergeMethod.SPATIAL_RGB
        ^
mnt/data/photon_26753_work/candidate/app/src/main/java/com/hinnka/mycamera/processor/GlesMgcRawSpatialStacker.kt:88:37: error: unresolved reference: MgcMergeMethod
        MgcSpatialOutputMode.RGB -> MgcMergeMethod.SPATIAL_RGB
                                    ^
mnt/data/photon_26753_work/candidate/app/src/main/java/com/hinnka/mycamera/processor/GlesMgcRawSpatialStacker.kt:93:38: error: unresolved reference: GpuLinearRgbStorage
    private val gpuLinearRgbStorage: GpuLinearRgbStorage = GpuLinearRgbStorage.RGBA16UI,
                                     ^
mnt/data/photon_26753_work/candidate/app/src/main/java/com/hinnka/mycamera/processor/GlesMgcRawSpatialStacker.kt:93:60: error: unresolved reference: GpuLinearRgbStorage
    private val gpuLinearRgbStorage: GpuLinearRgbStorage = GpuLinearRgbStorage.RGBA16UI,
                                                           ^
mnt/data/photon_26753_work/candidate/app/src/main/java/com/hinnka/mycamera/processor/GlesMgcRawSpatialStacker.kt:124:26: error: unresolved reference: MgcSpatialStrengthMap
        val strengthMap: MgcSpatialStrengthMap,
                         ^
mnt/data/photon_26753_work/candidate/app/src/main/java/com/hinnka/mycamera/processor/GlesMgcRawSpatialStacker.kt:307:25: error: unresolved reference: MgcSpatialRgbFlowBounds
        val flowBounds: MgcSpatialRgbFlowBounds,
                        ^
mnt/data/photon_26753_work/candidate/app/src/main/java/com/hinnka/mycamera/processor/GlesMgcRawSpatialStacker.kt:313:27: error: unresolved reference: MgcSpatialRgbRect
        val sourceRegion: MgcSpatialRgbRect,
                          ^
mnt/data/photon_26753_work/candidate/app/src/main/java/com/hinnka/mycamera/processor/GlesMgcRawSpatialStacker.kt:314:27: error: unresolved reference: MgcSpatialRgbRect
        val uploadRegion: MgcSpatialRgbRect,
                          ^
mnt/data/photon_26753_work/candidate/app/src/main/java/com/hinnka/mycamera/processor/GlesMgcRawSpatialStacker.kt:318:25: error: unresolved reference: MgcSpatialRgbTile
        val bands: List<MgcSpatialRgbTile>,
                        ^
mnt/data/photon_26753_work/candidate/app/src/main/java/com/hinnka/mycamera/processor/GlesMgcRawSpatialStacker.kt:319:29: error: unresolved reference: MgcSpatialRgbTile
        val work: List<Pair<MgcSpatialRgbTile, List<RgbTileFrameRegion>>>,
                            ^
mnt/data/photon_26753_work/candidate/app/src/main/java/com/hinnka/mycamera/processor/GlesMgcRawSpatialStacker.kt:335:33: error: unresolved reference: GpuStackCompletionTimeline
        val completionTimeline: GpuStackCompletionTimeline?,
                                ^
mnt/data/photon_26753_work/candidate/app/src/main/java/com/hinnka/mycamera/processor/GlesMgcRawSpatialStacker.kt:349:29: error: unresolved reference: MgcSpatialRgbTile
        val drawBands: List<MgcSpatialRgbTile>,
                            ^
mnt/data/photon_26753_work/candidate/app/src/main/java/com/hinnka/mycamera/processor/GlesMgcRawSpatialStacker.kt:442:23: error: unresolved reference: MgcSpatialDiagnosticGeometry
        val geometry: MgcSpatialDiagnosticGeometry,
                      ^
mnt/data/photon_26753_work/candidate/app/src/main/java/com/hinnka/mycamera/processor/GlesMgcRawSpatialStacker.kt:443:25: error: unresolved reference: MgcSpatialOutputMode
        val outputMode: MgcSpatialOutputMode,
                        ^
mnt/data/photon_26753_work/candidate/app/src/main/java/com/hinnka/mycamera/processor/GlesMgcRawSpatialStacker.kt:445:30: error: unresolved reference: MgcSpatialStrengthAtlasLayout
        val alignmentLayout: MgcSpatialStrengthAtlasLayout,
                             ^
mnt/data/photon_26753_work/candidate/app/src/main/java/com/hinnka/mycamera/processor/GlesMgcRawSpatialStacker.kt:446:30: error: unresolved reference: MgcSpatialStrengthAtlasLayout
        val rejectionLayout: MgcSpatialStrengthAtlasLayout,
                             ^
mnt/data/photon_26753_work/candidate/app/src/main/java/com/hinnka/mycamera/processor/GlesMgcRawSpatialStacker.kt:510:25: error: unresolved reference: MgcSpatialRgbRect
        val outputCore: MgcSpatialRgbRect,
                        ^
mnt/data/photon_26753_work/candidate/app/src/main/java/com/hinnka/mycamera/processor/GlesMgcRawSpatialStacker.kt:551:41: error: unresolved reference: MultiFrameConfig
    private val normalizedOutputScale = MultiFrameConfig.normalizeOutputScale(outputScale)
                                        ^
mnt/data/photon_26753_work/candidate/app/src/main/java/com/hinnka/mycamera/processor/GlesMgcRawSpatialStacker.kt:552:49: error: unresolved reference: MgcSpatialOutputMode
    private val outputWidth = if (outputMode == MgcSpatialOutputMode.RGB) {
                                                ^
mnt/data/photon_26753_work/candidate/app/src/main/java/com/hinnka/mycamera/processor/GlesMgcRawSpatialStacker.kt:553:9: error: unresolved reference: MultiFrameConfig
        MultiFrameConfig.scaledRawOutputDimension(width, normalizedOutputScale)
        ^
mnt/data/photon_26753_work/candidate/app/src/main/java/com/hinnka/mycamera/processor/GlesMgcRawSpatialStacker.kt:557:50: error: unresolved reference: MgcSpatialOutputMode
    private val outputHeight = if (outputMode == MgcSpatialOutputMode.RGB) {
                                                 ^
mnt/data/photon_26753_work/candidate/app/src/main/java/com/hinnka/mycamera/processor/GlesMgcRawSpatialStacker.kt:558:9: error: unresolved reference: MultiFrameConfig
        MultiFrameConfig.scaledRawOutputDimension(height, normalizedOutputScale)
        ^
mnt/data/photon_26753_work/candidate/app/src/main/java/com/hinnka/mycamera/processor/GlesMgcRawSpatialStacker.kt:603:29: error: unresolved reference: EGLDisplay
    private var eglDisplay: EGLDisplay = EGL14.EGL_NO_DISPLAY
                            ^
mnt/data/photon_26753_work/candidate/app/src/main/java/com/hinnka/mycamera/processor/GlesMgcRawSpatialStacker.kt:603:42: error: unresolved reference: EGL14
    private var eglDisplay: EGLDisplay = EGL14.EGL_NO_DISPLAY
                                         ^
mnt/data/photon_26753_work/candidate/app/src/main/java/com/hinnka/mycamera/processor/GlesMgcRawSpatialStacker.kt:604:29: error: unresolved reference: EGLContext
    private var eglContext: EGLContext = EGL14.EGL_NO_CONTEXT
                            ^
mnt/data/photon_26753_work/candidate/app/src/main/java/com/hinnka/mycamera/processor/GlesMgcRawSpatialStacker.kt:604:42: error: unresolved reference: EGL14
    private var eglContext: EGLContext = EGL14.EGL_NO_CONTEXT
                                         ^
mnt/data/photon_26753_work/candidate/app/src/main/java/com/hinnka/mycamera/processor/GlesMgcRawSpatialStacker.kt:605:29: error: unresolved reference: EGLSurface
    private var eglSurface: EGLSurface = EGL14.EGL_NO_SURFACE
                            ^
mnt/data/photon_26753_work/candidate/app/src/main/java/com/hinnka/mycamera/processor/GlesMgcRawSpatialStacker.kt:605:42: error: unresolved reference: EGL14
    private var eglSurface: EGLSurface = EGL14.EGL_NO_SURFACE
                                         ^
mnt/data/photon_26753_work/candidate/app/src/main/java/com/hinnka/mycamera/processor/GlesMgcRawSpatialStacker.kt:708:46: error: unresolved reference: GlesIris26529SpatialRgbChromaPostprocessor
    private var sabreRgbChromaPostprocessor: GlesIris26529SpatialRgbChromaPostprocessor? = null
                                             ^
mnt/data/photon_26753_work/candidate/app/src/main/java/com/hinnka/mycamera/processor/GlesMgcRawSpatialStacker.kt:723:40: error: unresolved reference: RawNoiseModel
    private var baseFrameCamera2Model: RawNoiseModel = RawNoiseModel.EMPTY
                                       ^
mnt/data/photon_26753_work/candidate/app/src/main/java/com/hinnka/mycamera/processor/GlesMgcRawSpatialStacker.kt:723:56: error: unresolved reference: RawNoiseModel
    private var baseFrameCamera2Model: RawNoiseModel = RawNoiseModel.EMPTY
                                                       ^
mnt/data/photon_26753_work/candidate/app/src/main/java/com/hinnka/mycamera/processor/GlesMgcRawSpatialStacker.kt:728:45: error: unresolved reference: MgcSpatialRgbFlowBounds
    private val conservativeRgbFlowBounds = MgcSpatialRgbFlowBounds(
                                            ^
mnt/data/photon_26753_work/candidate/app/src/main/java/com/hinnka/mycamera/processor/GlesMgcRawSpatialStacker.kt:755:13: error: unresolved reference: PLog
            PLog.d(
            ^
mnt/data/photon_26753_work/candidate/app/src/main/java/com/hinnka/mycamera/processor/GlesMgcRawSpatialStacker.kt:766:36: error: unresolved reference: RawStackFrame
    fun processFrames(frames: List<RawStackFrame>): RawStackResult? {
                                   ^
mnt/data/photon_26753_work/candidate/app/src/main/java/com/hinnka/mycamera/processor/GlesMgcRawSpatialStacker.kt:766:53: error: unresolved reference: RawStackResult
    fun processFrames(frames: List<RawStackFrame>): RawStackResult? {
                                                    ^
mnt/data/photon_26753_work/candidate/app/src/main/java/com/hinnka/mycamera/processor/GlesMgcRawSpatialStacker.kt:768:13: error: unresolved reference: PLog
            PLog.i(
            ^
mnt/data/photon_26753_work/candidate/app/src/main/java/com/hinnka/mycamera/processor/GlesMgcRawSpatialStacker.kt:771:40: error: not enough information to infer type variable R
                    "perFrame=${frames.map { frame ->
                                       ^
mnt/data/photon_26753_work/candidate/app/src/main/java/com/hinnka/mycamera/processor/GlesMgcRawSpatialStacker.kt:771:46: error: cannot infer a type for this parameter. Please specify it explicitly.
                    "perFrame=${frames.map { frame ->
                                             ^
mnt/data/photon_26753_work/candidate/app/src/main/java/com/hinnka/mycamera/processor/GlesMgcRawSpatialStacker.kt:779:29: error: not enough information to infer type variable R
        val images = frames.map { it.image }
                            ^
mnt/data/photon_26753_work/candidate/app/src/main/java/com/hinnka/mycamera/processor/GlesMgcRawSpatialStacker.kt:781:27: error: unresolved reference: MgcSpatialOutputMode
            outputMode != MgcSpatialOutputMode.RGB ||
                          ^
mnt/data/photon_26753_work/candidate/app/src/main/java/com/hinnka/mycamera/processor/GlesMgcRawSpatialStacker.kt:788:20: error: overload resolution ambiguity: 
public inline fun <T> Iterable<TypeVariable(T)>.forEach(action: (TypeVariable(T)) -> Unit): Unit defined in kotlin.collections
public inline fun <K, V> Map<out TypeVariable(K), TypeVariable(V)>.forEach(action: (Map.Entry<TypeVariable(K), TypeVariable(V)>) -> Unit): Unit defined in kotlin.collections
            images.forEach { it.close() }
                   ^
mnt/data/photon_26753_work/candidate/app/src/main/java/com/hinnka/mycamera/processor/GlesMgcRawSpatialStacker.kt:788:30: error: unresolved reference: it
            images.forEach { it.close() }
                             ^
mnt/data/photon_26753_work/candidate/app/src/main/java/com/hinnka/mycamera/processor/GlesMgcRawSpatialStacker.kt:791:26: error: unresolved reference: it
        if (images.any { it.width != width || it.height != height }) {
                         ^
mnt/data/photon_26753_work/candidate/app/src/main/java/com/hinnka/mycamera/processor/GlesMgcRawSpatialStacker.kt:791:47: error: unresolved reference: it
        if (images.any { it.width != width || it.height != height }) {
                                              ^
mnt/data/photon_26753_work/candidate/app/src/main/java/com/hinnka/mycamera/processor/GlesMgcRawSpatialStacker.kt:792:13: error: unresolved reference: PLog
            PLog.e(TAG, "MGC Spatial merge received mixed RAW dimensions")
            ^
mnt/data/photon_26753_work/candidate/app/src/main/java/com/hinnka/mycamera/processor/GlesMgcRawSpatialStacker.kt:793:20: error: overload resolution ambiguity: 
public inline fun <T> Iterable<TypeVariable(T)>.forEach(action: (TypeVariable(T)) -> Unit): Unit defined in kotlin.collections
public inline fun <K, V> Map<out TypeVariable(K), TypeVariable(V)>.forEach(action: (Map.Entry<TypeVariable(K), TypeVariable(V)>) -> Unit): Unit defined in kotlin.collections
            images.forEach { it.close() }
                   ^
mnt/data/photon_26753_work/candidate/app/src/main/java/com/hinnka/mycamera/processor/GlesMgcRawSpatialStacker.kt:793:30: error: unresolved reference: it
            images.forEach { it.close() }
                             ^
mnt/data/photon_26753_work/candidate/app/src/main/java/com/hinnka/mycamera/processor/GlesMgcRawSpatialStacker.kt:796:26: error: unresolved reference: it
        if (images.any { it.format != ImageFormat.RAW_SENSOR }) {
                         ^
mnt/data/photon_26753_work/candidate/app/src/main/java/com/hinnka/mycamera/processor/GlesMgcRawSpatialStacker.kt:796:39: error: unresolved reference: ImageFormat
        if (images.any { it.format != ImageFormat.RAW_SENSOR }) {
                                      ^
mnt/data/photon_26753_work/candidate/app/src/main/java/com/hinnka/mycamera/processor/GlesMgcRawSpatialStacker.kt:797:13: error: unresolved reference: PLog
            PLog.e(TAG, "MGC Spatial merge only accepts RAW_SENSOR images")
            ^
mnt/data/photon_26753_work/candidate/app/src/main/java/com/hinnka/mycamera/processor/GlesMgcRawSpatialStacker.kt:798:20: error: overload resolution ambiguity: 
public inline fun <T> Iterable<TypeVariable(T)>.forEach(action: (TypeVariable(T)) -> Unit): Unit defined in kotlin.collections
public inline fun <K, V> Map<out TypeVariable(K), TypeVariable(V)>.forEach(action: (Map.Entry<TypeVariable(K), TypeVariable(V)>) -> Unit): Unit defined in kotlin.collections
            images.forEach { it.close() }
                   ^
mnt/data/photon_26753_work/candidate/app/src/main/java/com/hinnka/mycamera/processor/GlesMgcRawSpatialStacker.kt:798:30: error: unresolved reference: it
            images.forEach { it.close() }
                             ^
mnt/data/photon_26753_work/candidate/app/src/main/java/com/hinnka/mycamera/processor/GlesMgcRawSpatialStacker.kt:803:19: error: unresolved reference: RawNoiseModel
            ?.let(RawNoiseModel::fromCamera2NoiseProfile)
                  ^
mnt/data/photon_26753_work/candidate/app/src/main/java/com/hinnka/mycamera/processor/GlesMgcRawSpatialStacker.kt:804:24: error: unresolved reference: it
            ?.takeIf { it.hasValidCamera2Profile }
                       ^
mnt/data/photon_26753_work/candidate/app/src/main/java/com/hinnka/mycamera/processor/GlesMgcRawSpatialStacker.kt:805:16: error: unresolved reference: RawNoiseModel
            ?: RawNoiseModel.EMPTY
               ^
mnt/data/photon_26753_work/candidate/app/src/main/java/com/hinnka/mycamera/processor/GlesMgcRawSpatialStacker.kt:806:42: error: not enough information to infer type variable R
        val resolvedNoiseModels = frames.map(::resolveNoiseModelForFrame)
                                         ^
mnt/data/photon_26753_work/candidate/app/src/main/java/com/hinnka/mycamera/processor/GlesMgcRawSpatialStacker.kt:807:39: error: unresolved reference: it
        if (resolvedNoiseModels.any { it.source == RawNoiseModelSource.UNAVAILABLE }) {
                                      ^
mnt/data/photon_26753_work/candidate/app/src/main/java/com/hinnka/mycamera/processor/GlesMgcRawSpatialStacker.kt:807:52: error: unresolved reference: RawNoiseModelSource
        if (resolvedNoiseModels.any { it.source == RawNoiseModelSource.UNAVAILABLE }) {
                                                   ^
mnt/data/photon_26753_work/candidate/app/src/main/java/com/hinnka/mycamera/processor/GlesMgcRawSpatialStacker.kt:808:13: error: unresolved reference: PLog
            PLog.e(
            ^
mnt/data/photon_26753_work/candidate/app/src/main/java/com/hinnka/mycamera/processor/GlesMgcRawSpatialStacker.kt:813:20: error: overload resolution ambiguity: 
public inline fun <T> Iterable<TypeVariable(T)>.forEach(action: (TypeVariable(T)) -> Unit): Unit defined in kotlin.collections
public inline fun <K, V> Map<out TypeVariable(K), TypeVariable(V)>.forEach(action: (Map.Entry<TypeVariable(K), TypeVariable(V)>) -> Unit): Unit defined in kotlin.collections
            images.forEach { it.close() }
                   ^
mnt/data/photon_26753_work/candidate/app/src/main/java/com/hinnka/mycamera/processor/GlesMgcRawSpatialStacker.kt:813:30: error: unresolved reference: it
            images.forEach { it.close() }
                             ^
mnt/data/photon_26753_work/candidate/app/src/main/java/com/hinnka/mycamera/processor/GlesMgcRawSpatialStacker.kt:821:44: error: unresolved reference: GpuStackCompletionTimeline
        var exportedRgbCompletionTimeline: GpuStackCompletionTimeline? = null
                                           ^
mnt/data/photon_26753_work/candidate/app/src/main/java/com/hinnka/mycamera/processor/GlesMgcRawSpatialStacker.kt:828:38: error: unresolved reference: GlesGpuScheduler
        val originalThreadPriority = GlesGpuScheduler.lowerCurrentThreadPriority(TAG)
                                     ^
mnt/data/photon_26753_work/candidate/app/src/main/java/com/hinnka/mycamera/processor/GlesMgcRawSpatialStacker.kt:832:50: error: cannot infer a type for this parameter. Please specify it explicitly.
            val hasBentoCandidate = frames.any { frame ->
                                                 ^
mnt/data/photon_26753_work/candidate/app/src/main/java/com/hinnka/mycamera/processor/GlesMgcRawSpatialStacker.kt:833:31: error: unresolved reference: RawBurstFrameRole
                frame.role == RawBurstFrameRole.HIGHLIGHT_SHORT
                              ^
mnt/data/photon_26753_work/candidate/app/src/main/java/com/hinnka/mycamera/processor/GlesMgcRawSpatialStacker.kt:835:51: error: cannot infer a type for this parameter. Please specify it explicitly.
            val hasShadowLongFrame = frames.any { frame ->
                                                  ^
mnt/data/photon_26753_work/candidate/app/src/main/java/com/hinnka/mycamera/processor/GlesMgcRawSpatialStacker.kt:836:31: error: unresolved reference: RawBurstFrameRole
                frame.role == RawBurstFrameRole.SHADOW_LONG
                              ^
mnt/data/photon_26753_work/candidate/app/src/main/java/com/hinnka/mycamera/processor/GlesMgcRawSpatialStacker.kt:846:13: error: unresolved reference: PLog
            PLog.i(
            ^
mnt/data/photon_26753_work/candidate/app/src/main/java/com/hinnka/mycamera/processor/GlesMgcRawSpatialStacker.kt:860:13: error: unresolved reference: PLog
            PLog.i(
            ^
mnt/data/photon_26753_work/candidate/app/src/main/java/com/hinnka/mycamera/processor/GlesMgcRawSpatialStacker.kt:870:17: error: unresolved reference: GLES30
                GLES30.GL_R16UI,
                ^
mnt/data/photon_26753_work/candidate/app/src/main/java/com/hinnka/mycamera/processor/GlesMgcRawSpatialStacker.kt:871:17: error: unresolved reference: GLES30
                GLES30.GL_NEAREST,
                ^
mnt/data/photon_26753_work/candidate/app/src/main/java/com/hinnka/mycamera/processor/GlesMgcRawSpatialStacker.kt:876:17: error: unresolved reference: GLES30
                GLES30.GL_R16UI,
                ^
mnt/data/photon_26753_work/candidate/app/src/main/java/com/hinnka/mycamera/processor/GlesMgcRawSpatialStacker.kt:877:17: error: unresolved reference: GLES30
                GLES30.GL_NEAREST,
                ^
mnt/data/photon_26753_work/candidate/app/src/main/java/com/hinnka/mycamera/processor/GlesMgcRawSpatialStacker.kt:882:17: error: unresolved reference: GLES30
                GLES30.GL_RGBA16F,
                ^
mnt/data/photon_26753_work/candidate/app/src/main/java/com/hinnka/mycamera/processor/GlesMgcRawSpatialStacker.kt:883:17: error: unresolved reference: GLES30
                GLES30.GL_LINEAR,
                ^
mnt/data/photon_26753_work/candidate/app/src/main/java/com/hinnka/mycamera/processor/GlesMgcRawSpatialStacker.kt:888:17: error: unresolved reference: GLES30
                GLES30.GL_RGBA16F,
                ^
mnt/data/photon_26753_work/candidate/app/src/main/java/com/hinnka/mycamera/processor/GlesMgcRawSpatialStacker.kt:889:17: error: unresolved reference: GLES30
                GLES30.GL_LINEAR,
                ^
mnt/data/photon_26753_work/candidate/app/src/main/java/com/hinnka/mycamera/processor/GlesMgcRawSpatialStacker.kt:891:55: error: unresolved reference: MgcMergeMethod
            val needsSabreCovariance = mergeMethod == MgcMergeMethod.SABRE
                                                      ^
mnt/data/photon_26753_work/candidate/app/src/main/java/com/hinnka/mycamera/processor/GlesMgcRawSpatialStacker.kt:892:57: error: unresolved reference: MgcSpatialOutputMode
            val referenceCovariance = if (outputMode == MgcSpatialOutputMode.RGB || needsSabreCovariance) {
                                                        ^
mnt/data/photon_26753_work/candidate/app/src/main/java/com/hinnka/mycamera/processor/GlesMgcRawSpatialStacker.kt:896:21: error: unresolved reference: GLES30
                    GLES30.GL_RGB10_A2,
                    ^
mnt/data/photon_26753_work/candidate/app/src/main/java/com/hinnka/mycamera/processor/GlesMgcRawSpatialStacker.kt:897:21: error: unresolved reference: GLES30
                    GLES30.GL_LINEAR,
                    ^
mnt/data/photon_26753_work/candidate/app/src/main/java/com/hinnka/mycamera/processor/GlesMgcRawSpatialStacker.kt:902:55: error: unresolved reference: MgcSpatialOutputMode
            val currentCovariance = if (outputMode == MgcSpatialOutputMode.RGB || needsSabreCovariance) {
                                                      ^
mnt/data/photon_26753_work/candidate/app/src/main/java/com/hinnka/mycamera/processor/GlesMgcRawSpatialStacker.kt:906:21: error: unresolved reference: GLES30
                    GLES30.GL_RGB10_A2,
                    ^
mnt/data/photon_26753_work/candidate/app/src/main/java/com/hinnka/mycamera/processor/GlesMgcRawSpatialStacker.kt:907:21: error: unresolved reference: GLES30
                    GLES30.GL_LINEAR,
                    ^
mnt/data/photon_26753_work/candidate/app/src/main/java/com/hinnka/mycamera/processor/GlesMgcRawSpatialStacker.kt:915:54: error: unresolved reference: MgcSpatialOutputMode
            val accumulatorColor = if (outputMode == MgcSpatialOutputMode.BAYER) {
                                                     ^
mnt/data/photon_26753_work/candidate/app/src/main/java/com/hinnka/mycamera/processor/GlesMgcRawSpatialStacker.kt:919:21: error: unresolved reference: GLES30
                    GLES30.GL_RGBA16F,
                    ^
mnt/data/photon_26753_work/candidate/app/src/main/java/com/hinnka/mycamera/processor/GlesMgcRawSpatialStacker.kt:920:21: error: unresolved reference: GLES30
                    GLES30.GL_NEAREST,
                    ^
mnt/data/photon_26753_work/candidate/app/src/main/java/com/hinnka/mycamera/processor/GlesMgcRawSpatialStacker.kt:933:17: error: unresolved reference: MgcSabreResolveTuning
                MgcSabreResolveTuning.demosaicSharpness(
                ^
mnt/data/photon_26753_work/candidate/app/src/main/java/com/hinnka/mycamera/processor/GlesMgcRawSpatialStacker.kt:938:17: error: unresolved reference: it
                it.source == RawNoiseModelSource.CAMERA2_PER_FRAME
                ^
mnt/data/photon_26753_work/candidate/app/src/main/java/com/hinnka/mycamera/processor/GlesMgcRawSpatialStacker.kt:938:30: error: unresolved reference: RawNoiseModelSource
                it.source == RawNoiseModelSource.CAMERA2_PER_FRAME
                             ^
mnt/data/photon_26753_work/candidate/app/src/main/java/com/hinnka/mycamera/processor/GlesMgcRawSpatialStacker.kt:941:17: error: unresolved reference: it
                it.source == RawNoiseModelSource.CAMERA2_BASE_FRAME
                ^
mnt/data/photon_26753_work/candidate/app/src/main/java/com/hinnka/mycamera/processor/GlesMgcRawSpatialStacker.kt:941:30: error: unresolved reference: RawNoiseModelSource
                it.source == RawNoiseModelSource.CAMERA2_BASE_FRAME
                             ^
mnt/data/photon_26753_work/candidate/app/src/main/java/com/hinnka/mycamera/processor/GlesMgcRawSpatialStacker.kt:944:17: error: unresolved reference: it
                it.source == RawNoiseModelSource.GCAM_CALIBRATED
                ^
mnt/data/photon_26753_work/candidate/app/src/main/java/com/hinnka/mycamera/processor/GlesMgcRawSpatialStacker.kt:944:30: error: unresolved reference: RawNoiseModelSource
                it.source == RawNoiseModelSource.GCAM_CALIBRATED
                             ^
mnt/data/photon_26753_work/candidate/app/src/main/java/com/hinnka/mycamera/processor/GlesMgcRawSpatialStacker.kt:947:17: error: unresolved reference: it
                it.source == RawNoiseModelSource.PIXEL3_FALLBACK
                ^
mnt/data/photon_26753_work/candidate/app/src/main/java/com/hinnka/mycamera/processor/GlesMgcRawSpatialStacker.kt:947:30: error: unresolved reference: RawNoiseModelSource
                it.source == RawNoiseModelSource.PIXEL3_FALLBACK
                             ^
mnt/data/photon_26753_work/candidate/app/src/main/java/com/hinnka/mycamera/processor/GlesMgcRawSpatialStacker.kt:949:64: error: unresolved reference: RawNoiseProfileSelection
            val calibratedProfile = (noiseProfileSelection as? RawNoiseProfileSelection.Calibrated)
                                                               ^
mnt/data/photon_26753_work/candidate/app/src/main/java/com/hinnka/mycamera/processor/GlesMgcRawSpatialStacker.kt:951:58: error: cannot infer a type for this parameter. Please specify it explicitly.
            val profileSource = calibratedProfile?.let { profile ->
                                                         ^
mnt/data/photon_26753_work/candidate/app/src/main/java/com/hinnka/mycamera/processor/GlesMgcRawSpatialStacker.kt:952:53: error: cannot infer a type for this parameter. Please specify it explicitly.
                profile.maxAnalogSensitivity?.let { maxAnalog ->
                                                    ^
mnt/data/photon_26753_work/candidate/app/src/main/java/com/hinnka/mycamera/processor/GlesMgcRawSpatialStacker.kt:956:13: error: unresolved reference: PLog
            PLog.i(
            ^
mnt/data/photon_26753_work/candidate/app/src/main/java/com/hinnka/mycamera/processor/GlesMgcRawSpatialStacker.kt:964:38: error: cannot infer a type for this parameter. Please specify it explicitly.
            calibratedProfile?.let { profile ->
                                     ^
mnt/data/photon_26753_work/candidate/app/src/main/java/com/hinnka/mycamera/processor/GlesMgcRawSpatialStacker.kt:965:17: error: unresolved reference: PLog
                PLog.i(
                ^
mnt/data/photon_26753_work/candidate/app/src/main/java/com/hinnka/mycamera/processor/GlesMgcRawSpatialStacker.kt:968:39: error: not enough information to infer type variable R
                        "iso=${frames.map { it.sensitivityIso }} " +
                                      ^
mnt/data/photon_26753_work/candidate/app/src/main/java/com/hinnka/mycamera/processor/GlesMgcRawSpatialStacker.kt:969:47: error: not enough information to infer type variable R
                        "overallGain=${frames.map { profile.overallGainAt(it.sensitivityIso) }} " +
                                              ^
mnt/data/photon_26753_work/candidate/app/src/main/java/com/hinnka/mycamera/processor/GlesMgcRawSpatialStacker.kt:970:47: error: not enough information to infer type variable R
                        "digitalGain=${frames.map { profile.digitalGainAt(it.sensitivityIso) }}",
                                              ^
mnt/data/photon_26753_work/candidate/app/src/main/java/com/hinnka/mycamera/processor/GlesMgcRawSpatialStacker.kt:978:13: error: unresolved reference: PLog
            PLog.i(
            ^
mnt/data/photon_26753_work/candidate/app/src/main/java/com/hinnka/mycamera/processor/GlesMgcRawSpatialStacker.kt:988:13: error: unresolved reference: PLog
            PLog.i(
            ^
mnt/data/photon_26753_work/candidate/app/src/main/java/com/hinnka/mycamera/processor/GlesMgcRawSpatialStacker.kt:1009:31: error: unresolved reference: MgcSpatialOutputMode
            if (outputMode == MgcSpatialOutputMode.RGB || needsSabreCovariance) {
                              ^
mnt/data/photon_26753_work/candidate/app/src/main/java/com/hinnka/mycamera/processor/GlesMgcRawSpatialStacker.kt:1025:13: error: unresolved reference: GlesGpuScheduler
            GlesGpuScheduler.yieldToUiRenderer()
            ^
mnt/data/photon_26753_work/candidate/app/src/main/java/com/hinnka/mycamera/processor/GlesMgcRawSpatialStacker.kt:1027:34: error: unresolved reference: RawStackRuntimeDebug
            val diagnosticMode = RawStackRuntimeDebug.mgcSpatialDiagnosticMode
                                 ^
mnt/data/photon_26753_work/candidate/app/src/main/java/com/hinnka/mycamera/processor/GlesMgcRawSpatialStacker.kt:1029:35: error: unresolved reference: MgcSpatialDiagnosticMode
                diagnosticMode == MgcSpatialDiagnosticMode.REFERENCE_ONLY
                                  ^
mnt/data/photon_26753_work/candidate/app/src/main/java/com/hinnka/mycamera/processor/GlesMgcRawSpatialStacker.kt:1031:35: error: unresolved reference: MgcSpatialDiagnosticMode
                diagnosticMode == MgcSpatialDiagnosticMode.IDENTITY_TEMPORAL_WEIGHTS
                                  ^
mnt/data/photon_26753_work/candidate/app/src/main/java/com/hinnka/mycamera/processor/GlesMgcRawSpatialStacker.kt:1033:35: error: unresolved reference: MgcSpatialDiagnosticMode
                diagnosticMode == MgcSpatialDiagnosticMode.DISABLE_LINEAR_KERNEL
                                  ^
mnt/data/photon_26753_work/candidate/app/src/main/java/com/hinnka/mycamera/processor/GlesMgcRawSpatialStacker.kt:1035:35: error: unresolved reference: MgcSpatialDiagnosticMode
                diagnosticMode == MgcSpatialDiagnosticMode.FORCE_LINEAR_KERNEL
                                  ^
mnt/data/photon_26753_work/candidate/app/src/main/java/com/hinnka/mycamera/processor/GlesMgcRawSpatialStacker.kt:1036:35: error: unresolved reference: MgcSpatialDiagnosticMode
            if (diagnosticMode != MgcSpatialDiagnosticMode.NONE) {
                                  ^
mnt/data/photon_26753_work/candidate/app/src/main/java/com/hinnka/mycamera/processor/GlesMgcRawSpatialStacker.kt:1037:17: error: unresolved reference: PLog
                PLog.i(
                ^
mnt/data/photon_26753_work/candidate/app/src/main/java/com/hinnka/mycamera/processor/GlesMgcRawSpatialStacker.kt:1040:25: error: 'when' expression must be exhaustive, add necessary 'else' branch
                        when (diagnosticMode) {
                        ^
mnt/data/photon_26753_work/candidate/app/src/main/java/com/hinnka/mycamera/processor/GlesMgcRawSpatialStacker.kt:1041:29: error: unresolved reference: MgcSpatialDiagnosticMode
                            MgcSpatialDiagnosticMode.REFERENCE_ONLY ->
                            ^
mnt/data/photon_26753_work/candidate/app/src/main/java/com/hinnka/mycamera/processor/GlesMgcRawSpatialStacker.kt:1043:29: error: unresolved reference: MgcSpatialDiagnosticMode
                            MgcSpatialDiagnosticMode.IDENTITY_TEMPORAL_WEIGHTS ->
                            ^
mnt/data/photon_26753_work/candidate/app/src/main/java/com/hinnka/mycamera/processor/GlesMgcRawSpatialStacker.kt:1045:29: error: unresolved reference: MgcSpatialDiagnosticMode
                            MgcSpatialDiagnosticMode.MAIN_REJECTION_ONLY ->
                            ^
mnt/data/photon_26753_work/candidate/app/src/main/java/com/hinnka/mycamera/processor/GlesMgcRawSpatialStacker.kt:1048:29: error: unresolved reference: MgcSpatialDiagnosticMode
                            MgcSpatialDiagnosticMode.DISABLE_UNBLOCKER ->
                            ^
mnt/data/photon_26753_work/candidate/app/src/main/java/com/hinnka/mycamera/processor/GlesMgcRawSpatialStacker.kt:1051:29: error: unresolved reference: MgcSpatialDiagnosticMode
                            MgcSpatialDiagnosticMode.DISABLE_LINEAR_KERNEL ->
                            ^
mnt/data/photon_26753_work/candidate/app/src/main/java/com/hinnka/mycamera/processor/GlesMgcRawSpatialStacker.kt:1054:29: error: unresolved reference: MgcSpatialDiagnosticMode
                            MgcSpatialDiagnosticMode.FORCE_LINEAR_KERNEL ->
                            ^
mnt/data/photon_26753_work/candidate/app/src/main/java/com/hinnka/mycamera/processor/GlesMgcRawSpatialStacker.kt:1057:29: error: unresolved reference: MgcSpatialDiagnosticMode
                            MgcSpatialDiagnosticMode.NONE -> ""
                            ^
mnt/data/photon_26753_work/candidate/app/src/main/java/com/hinnka/mycamera/processor/GlesMgcRawSpatialStacker.kt:1071:39: error: cannot infer a type for this parameter. Please specify it explicitly.
                frames.indexOfFirst { frame ->
                                      ^
mnt/data/photon_26753_work/candidate/app/src/main/java/com/hinnka/mycamera/processor/GlesMgcRawSpatialStacker.kt:1072:35: error: unresolved reference: RawBurstFrameRole
                    frame.role == RawBurstFrameRole.HIGHLIGHT_SHORT
                                  ^
mnt/data/photon_26753_work/candidate/app/src/main/java/com/hinnka/mycamera/processor/GlesMgcRawSpatialStacker.kt:1081:21: error: unresolved reference: GLES30
                    GLES30.GL_R8,
                    ^
mnt/data/photon_26753_work/candidate/app/src/main/java/com/hinnka/mycamera/processor/GlesMgcRawSpatialStacker.kt:1082:21: error: unresolved reference: GLES30
                    GLES30.GL_NEAREST,
                    ^
mnt/data/photon_26753_work/candidate/app/src/main/java/com/hinnka/mycamera/processor/GlesMgcRawSpatialStacker.kt:1114:21: error: unresolved reference: PLog
                    PLog.i(
                    ^
mnt/data/photon_26753_work/candidate/app/src/main/java/com/hinnka/mycamera/processor/GlesMgcRawSpatialStacker.kt:1128:37: error: unresolved reference: GlesGpuCompletion
                    val gpuWaitMs = GlesGpuCompletion.awaitSubmittedWork(
                                    ^
mnt/data/photon_26753_work/candidate/app/src/main/java/com/hinnka/mycamera/processor/GlesMgcRawSpatialStacker.kt:1143:21: error: unresolved reference: PLog
                    PLog.i(
                    ^
mnt/data/photon_26753_work/candidate/app/src/main/java/com/hinnka/mycamera/processor/GlesMgcRawSpatialStacker.kt:1163:21: error: unresolved reference: GLES30
                    GLES30.GL_R8,
                    ^
mnt/data/photon_26753_work/candidate/app/src/main/java/com/hinnka/mycamera/processor/GlesMgcRawSpatialStacker.kt:1164:21: error: unresolved reference: GLES30
                    GLES30.GL_LINEAR,
                    ^
mnt/data/photon_26753_work/candidate/app/src/main/java/com/hinnka/mycamera/processor/GlesMgcRawSpatialStacker.kt:1170:17: error: unresolved reference: PLog
                PLog.i(
                ^
mnt/data/photon_26753_work/candidate/app/src/main/java/com/hinnka/mycamera/processor/GlesMgcRawSpatialStacker.kt:1210:39: error: unresolved reference: MgcSpatialOutputMode
                    if (outputMode == MgcSpatialOutputMode.RGB || needsSabreCovariance) {
                                      ^
mnt/data/photon_26753_work/candidate/app/src/main/java/com/hinnka/mycamera/processor/GlesMgcRawSpatialStacker.kt:1221:46: error: unresolved reference: GLES30
                            internalFormat = GLES30.GL_RGB10_A2,
                                             ^
mnt/data/photon_26753_work/candidate/app/src/main/java/com/hinnka/mycamera/processor/GlesMgcRawSpatialStacker.kt:1222:38: error: unresolved reference: GLES30
                            filter = GLES30.GL_LINEAR,
                                     ^
mnt/data/photon_26753_work/candidate/app/src/main/java/com/hinnka/mycamera/processor/GlesMgcRawSpatialStacker.kt:1242:25: error: unresolved reference: GLES30
                        GLES30.GL_RGBA16F,
                        ^
mnt/data/photon_26753_work/candidate/app/src/main/java/com/hinnka/mycamera/processor/GlesMgcRawSpatialStacker.kt:1243:25: error: unresolved reference: GLES30
                        GLES30.GL_LINEAR,
                        ^
mnt/data/photon_26753_work/candidate/app/src/main/java/com/hinnka/mycamera/processor/GlesMgcRawSpatialStacker.kt:1249:25: error: unresolved reference: GLES30
                        GLES30.GL_RGBA32F,
                        ^
mnt/data/photon_26753_work/candidate/app/src/main/java/com/hinnka/mycamera/processor/GlesMgcRawSpatialStacker.kt:1250:25: error: unresolved reference: GLES30
                        GLES30.GL_NEAREST,
                        ^
mnt/data/photon_26753_work/candidate/app/src/main/java/com/hinnka/mycamera/processor/GlesMgcRawSpatialStacker.kt:1269:25: error: unresolved reference: GLES30
                        GLES30.GL_RGBA16F,
                        ^
mnt/data/photon_26753_work/candidate/app/src/main/java/com/hinnka/mycamera/processor/GlesMgcRawSpatialStacker.kt:1270:25: error: unresolved reference: GLES30
                        GLES30.GL_LINEAR,
                        ^
mnt/data/photon_26753_work/candidate/app/src/main/java/com/hinnka/mycamera/processor/GlesMgcRawSpatialStacker.kt:1286:25: error: unresolved reference: GLES30
                        GLES30.GL_R8,
                        ^
mnt/data/photon_26753_work/candidate/app/src/main/java/com/hinnka/mycamera/processor/GlesMgcRawSpatialStacker.kt:1287:25: error: unresolved reference: GLES30
                        GLES30.GL_NEAREST,
                        ^
mnt/data/photon_26753_work/candidate/app/src/main/java/com/hinnka/mycamera/processor/GlesMgcRawSpatialStacker.kt:1292:25: error: unresolved reference: GLES30
                        GLES30.GL_R8,
                        ^
mnt/data/photon_26753_work/candidate/app/src/main/java/com/hinnka/mycamera/processor/GlesMgcRawSpatialStacker.kt:1293:25: error: unresolved reference: GLES30
                        GLES30.GL_NEAREST,
                        ^
mnt/data/photon_26753_work/candidate/app/src/main/java/com/hinnka/mycamera/processor/GlesMgcRawSpatialStacker.kt:1307:47: error: unresolved reference: GlesGpuCompletion
                    val assessmentGpuWaitMs = GlesGpuCompletion.awaitSubmittedWork(
                                              ^
mnt/data/photon_26753_work/candidate/app/src/main/java/com/hinnka/mycamera/processor/GlesMgcRawSpatialStacker.kt:1332:21: error: unresolved reference: PLog
                    PLog.i(
                    ^
mnt/data/photon_26753_work/candidate/app/src/main/java/com/hinnka/mycamera/processor/GlesMgcRawSpatialStacker.kt:1375:17: error: unresolved reference: PLog
                PLog.i(
                ^
mnt/data/photon_26753_work/candidate/app/src/main/java/com/hinnka/mycamera/processor/GlesMgcRawSpatialStacker.kt:1393:34: error: unresolved reference: MgcSpatialOutputExposure
            val outputExposure = MgcSpatialOutputExposure.forAcceptedUltrashort(
                                 ^
mnt/data/photon_26753_work/candidate/app/src/main/java/com/hinnka/mycamera/processor/GlesMgcRawSpatialStacker.kt:1396:13: error: unresolved reference: PLog
            PLog.i(
            ^
mnt/data/photon_26753_work/candidate/app/src/main/java/com/hinnka/mycamera/processor/GlesMgcRawSpatialStacker.kt:1411:21: error: unresolved reference: PLog
                    PLog.i(TAG, "MGC linear kernel mask mode=zero reason=diagnostic-disable")
                    ^
mnt/data/photon_26753_work/candidate/app/src/main/java/com/hinnka/mycamera/processor/GlesMgcRawSpatialStacker.kt:1415:21: error: unresolved reference: PLog
                    PLog.i(TAG, "MGC linear kernel mask mode=identity reason=diagnostic-force")
                    ^
mnt/data/photon_26753_work/candidate/app/src/main/java/com/hinnka/mycamera/processor/GlesMgcRawSpatialStacker.kt:1419:21: error: unresolved reference: PLog
                    PLog.i(TAG, "MGC linear kernel mask mode=zero reason=identity-rejection")
                    ^
mnt/data/photon_26753_work/candidate/app/src/main/java/com/hinnka/mycamera/processor/GlesMgcRawSpatialStacker.kt:1430:25: error: unresolved reference: GLES30
                        GLES30.GL_R8,
                        ^
mnt/data/photon_26753_work/candidate/app/src/main/java/com/hinnka/mycamera/processor/GlesMgcRawSpatialStacker.kt:1431:25: error: unresolved reference: GLES30
                        GLES30.GL_LINEAR,
                        ^
mnt/data/photon_26753_work/candidate/app/src/main/java/com/hinnka/mycamera/processor/GlesMgcRawSpatialStacker.kt:1441:43: error: unresolved reference: MgcSpatialDiagnosticMode
                    if (diagnosticMode != MgcSpatialDiagnosticMode.NONE) {
                                          ^
mnt/data/photon_26753_work/candidate/app/src/main/java/com/hinnka/mycamera/processor/GlesMgcRawSpatialStacker.kt:1450:21: error: unresolved reference: PLog
                    PLog.i(
                    ^
mnt/data/photon_26753_work/candidate/app/src/main/java/com/hinnka/mycamera/processor/GlesMgcRawSpatialStacker.kt:1464:21: error: unresolved reference: GLES30
                    GLES30.GL_R8,
                    ^
mnt/data/photon_26753_work/candidate/app/src/main/java/com/hinnka/mycamera/processor/GlesMgcRawSpatialStacker.kt:1465:21: error: unresolved reference: GLES30
                    GLES30.GL_LINEAR,
                    ^
mnt/data/photon_26753_work/candidate/app/src/main/java/com/hinnka/mycamera/processor/GlesMgcRawSpatialStacker.kt:1484:21: error: unresolved reference: GLES30
                    GLES30.GL_R8,
                    ^
mnt/data/photon_26753_work/candidate/app/src/main/java/com/hinnka/mycamera/processor/GlesMgcRawSpatialStacker.kt:1485:21: error: unresolved reference: GLES30
                    GLES30.GL_LINEAR,
                    ^
mnt/data/photon_26753_work/candidate/app/src/main/java/com/hinnka/mycamera/processor/GlesMgcRawSpatialStacker.kt:1498:39: error: unresolved reference: RawBurstFrameRole
                frames[index].role != RawBurstFrameRole.HIGHLIGHT_SHORT
                                      ^
mnt/data/photon_26753_work/candidate/app/src/main/java/com/hinnka/mycamera/processor/GlesMgcRawSpatialStacker.kt:1502:17: error: unresolved reference: MultiFrameConfig
            if (MultiFrameConfig.ENABLE_MGC_SPATIAL_DEFAULT_DENOISE &&
                ^
mnt/data/photon_26753_work/candidate/app/src/main/java/com/hinnka/mycamera/processor/GlesMgcRawSpatialStacker.kt:1512:31: error: unresolved reference: MgcSpatialOutputMode
                outputMode == MgcSpatialOutputMode.RGB
                              ^
mnt/data/photon_26753_work/candidate/app/src/main/java/com/hinnka/mycamera/processor/GlesMgcRawSpatialStacker.kt:1540:31: error: unresolved reference: MgcSpatialOutputMode
            if (outputMode == MgcSpatialOutputMode.BAYER) {
                              ^
mnt/data/photon_26753_work/candidate/app/src/main/java/com/hinnka/mycamera/processor/GlesMgcRawSpatialStacker.kt:1544:35: error: unresolved reference: MgcSpatialOutputMode
                if (outputMode == MgcSpatialOutputMode.BAYER) {
                                  ^
mnt/data/photon_26753_work/candidate/app/src/main/java/com/hinnka/mycamera/processor/GlesMgcRawSpatialStacker.kt:1556:35: error: unresolved reference: MgcSpatialOutputMode
                if (outputMode == MgcSpatialOutputMode.RGB) {
                                  ^
mnt/data/photon_26753_work/candidate/app/src/main/java/com/hinnka/mycamera/processor/GlesMgcRawSpatialStacker.kt:1564:42: error: unresolved reference: MgcSpatialRgbFlowBounds
                            flowBounds = MgcSpatialRgbFlowBounds.Zero,
                                         ^
mnt/data/photon_26753_work/candidate/app/src/main/java/com/hinnka/mycamera/processor/GlesMgcRawSpatialStacker.kt:1581:35: error: unresolved reference: MgcSpatialOutputMode
                if (outputMode == MgcSpatialOutputMode.BAYER) {
                                  ^
mnt/data/photon_26753_work/candidate/app/src/main/java/com/hinnka/mycamera/processor/GlesMgcRawSpatialStacker.kt:1593:35: error: unresolved reference: MgcSpatialOutputMode
                if (outputMode == MgcSpatialOutputMode.RGB) {
                                  ^
mnt/data/photon_26753_work/candidate/app/src/main/java/com/hinnka/mycamera/processor/GlesMgcRawSpatialStacker.kt:1622:35: error: unresolved reference: MgcSpatialOutputMode
                if (outputMode == MgcSpatialOutputMode.BAYER) {
                                  ^
mnt/data/photon_26753_work/candidate/app/src/main/java/com/hinnka/mycamera/processor/GlesMgcRawSpatialStacker.kt:1634:35: error: unresolved reference: MgcSpatialOutputMode
                if (outputMode == MgcSpatialOutputMode.RGB) {
                                  ^
mnt/data/photon_26753_work/candidate/app/src/main/java/com/hinnka/mycamera/processor/GlesMgcRawSpatialStacker.kt:1642:42: error: unresolved reference: MgcSpatialRgbFlowBounds
                            flowBounds = MgcSpatialRgbFlowBounds.Zero,
                                         ^
mnt/data/photon_26753_work/candidate/app/src/main/java/com/hinnka/mycamera/processor/GlesMgcRawSpatialStacker.kt:1664:13: error: unresolved reference: GlesGpuScheduler
            GlesGpuScheduler.yieldToUiRenderer()
            ^
mnt/data/photon_26753_work/candidate/app/src/main/java/com/hinnka/mycamera/processor/GlesMgcRawSpatialStacker.kt:1668:35: error: unresolved reference: RawBurstFrameRole
                if (frame.role == RawBurstFrameRole.HIGHLIGHT_SHORT) continue
                                  ^
mnt/data/photon_26753_work/candidate/app/src/main/java/com/hinnka/mycamera/processor/GlesMgcRawSpatialStacker.kt:1706:29: error: unresolved reference: RawBurstFrameRole
                            RawBurstFrameRole.SHADOW_LONG -> {
                            ^
mnt/data/photon_26753_work/candidate/app/src/main/java/com/hinnka/mycamera/processor/GlesMgcRawSpatialStacker.kt:1716:33: error: unresolved reference: PLog
                                PLog.d(
                                ^
mnt/data/photon_26753_work/candidate/app/src/main/java/com/hinnka/mycamera/processor/GlesMgcRawSpatialStacker.kt:1735:33: error: unresolved reference: GLES30
                                GLES30.GL_R8,
                                ^
mnt/data/photon_26753_work/candidate/app/src/main/java/com/hinnka/mycamera/processor/GlesMgcRawSpatialStacker.kt:1736:33: error: unresolved reference: GLES30
                                GLES30.GL_LINEAR,
                                ^
mnt/data/photon_26753_work/candidate/app/src/main/java/com/hinnka/mycamera/processor/GlesMgcRawSpatialStacker.kt:1748:39: error: unresolved reference: MgcSpatialOutputMode
                    if (outputMode == MgcSpatialOutputMode.BAYER) {
                                      ^
mnt/data/photon_26753_work/candidate/app/src/main/java/com/hinnka/mycamera/processor/GlesMgcRawSpatialStacker.kt:1760:39: error: unresolved reference: MgcSpatialOutputMode
                    if (outputMode == MgcSpatialOutputMode.RGB) {
                                      ^
mnt/data/photon_26753_work/candidate/app/src/main/java/com/hinnka/mycamera/processor/GlesMgcRawSpatialStacker.kt:1779:50: error: unresolved reference: GLES30
                                internalFormat = GLES30.GL_RGBA32F,
                                                 ^
mnt/data/photon_26753_work/candidate/app/src/main/java/com/hinnka/mycamera/processor/GlesMgcRawSpatialStacker.kt:1780:42: error: unresolved reference: GLES30
                                filter = GLES30.GL_NEAREST,
                                         ^
mnt/data/photon_26753_work/candidate/app/src/main/java/com/hinnka/mycamera/processor/GlesMgcRawSpatialStacker.kt:1790:54: error: unresolved reference: GLES30
                                    internalFormat = GLES30.GL_R8,
                                                     ^
mnt/data/photon_26753_work/candidate/app/src/main/java/com/hinnka/mycamera/processor/GlesMgcRawSpatialStacker.kt:1791:46: error: unresolved reference: GLES30
                                    filter = GLES30.GL_LINEAR,
                                             ^
mnt/data/photon_26753_work/candidate/app/src/main/java/com/hinnka/mycamera/processor/GlesMgcRawSpatialStacker.kt:1799:50: error: unresolved reference: GLES30
                                internalFormat = GLES30.GL_RGB10_A2,
                                                 ^
mnt/data/photon_26753_work/candidate/app/src/main/java/com/hinnka/mycamera/processor/GlesMgcRawSpatialStacker.kt:1800:42: error: unresolved reference: GLES30
                                filter = GLES30.GL_LINEAR,
                                         ^
mnt/data/photon_26753_work/candidate/app/src/main/java/com/hinnka/mycamera/processor/GlesMgcRawSpatialStacker.kt:1830:17: error: unresolved reference: PLog
                PLog.i(
                ^
mnt/data/photon_26753_work/candidate/app/src/main/java/com/hinnka/mycamera/processor/GlesMgcRawSpatialStacker.kt:1838:17: error: unresolved reference: GlesGpuScheduler
                GlesGpuScheduler.yieldToUiRenderer()
                ^
mnt/data/photon_26753_work/candidate/app/src/main/java/com/hinnka/mycamera/processor/GlesMgcRawSpatialStacker.kt:1849:53: error: unresolved reference: MgcSpatialOutputMode
                readyStrengthCapture?.outputMode == MgcSpatialOutputMode.BAYER
                                                    ^
mnt/data/photon_26753_work/candidate/app/src/main/java/com/hinnka/mycamera/processor/GlesMgcRawSpatialStacker.kt:1852:39: error: type mismatch: inferred type is GlesMgcRawSpatialStacker.StrengthCapture? but GlesMgcRawSpatialStacker.StrengthCapture was expected
                queueStrengthReadback(readyStrengthCapture, accumulatorColor).also {
                                      ^
mnt/data/photon_26753_work/candidate/app/src/main/java/com/hinnka/mycamera/processor/GlesMgcRawSpatialStacker.kt:1859:31: error: unresolved reference: MgcSpatialOutputMode
            if (outputMode == MgcSpatialOutputMode.RGB) {
                              ^
mnt/data/photon_26753_work/candidate/app/src/main/java/com/hinnka/mycamera/processor/GlesMgcRawSpatialStacker.kt:1928:17: error: unresolved reference: PLog
                PLog.i(
                ^
mnt/data/photon_26753_work/candidate/app/src/main/java/com/hinnka/mycamera/processor/GlesMgcRawSpatialStacker.kt:1947:17: error: unresolved reference: GlesGpuScheduler
                GlesGpuScheduler.yieldToUiRenderer()
                ^
mnt/data/photon_26753_work/candidate/app/src/main/java/com/hinnka/mycamera/processor/GlesMgcRawSpatialStacker.kt:1959:17: error: unresolved reference: PLog
                PLog.i(
                ^
mnt/data/photon_26753_work/candidate/app/src/main/java/com/hinnka/mycamera/processor/GlesMgcRawSpatialStacker.kt:1962:28: error: smart cast to 'GlesMgcRawSpatialStacker.QueuedStrengthReadback' is impossible, because 'queuedStrengthReadback' is a local variable that is captured by a changing closure
                        "${queuedStrengthReadback.alignment.byteCount.toLong() +
                           ^
mnt/data/photon_26753_work/candidate/app/src/main/java/com/hinnka/mycamera/processor/GlesMgcRawSpatialStacker.kt:1963:29: error: smart cast to 'GlesMgcRawSpatialStacker.QueuedStrengthReadback' is impossible, because 'queuedStrengthReadback' is a local variable that is captured by a changing closure
                            queuedStrengthReadback.rejection.byteCount.toLong() +
                            ^
mnt/data/photon_26753_work/candidate/app/src/main/java/com/hinnka/mycamera/processor/GlesMgcRawSpatialStacker.kt:1964:29: error: smart cast to 'GlesMgcRawSpatialStacker.QueuedStrengthReadback' is impossible, because 'queuedStrengthReadback' is a local variable that is captured by a changing closure
                            queuedStrengthReadback.fusedFixed16.byteCount.toLong()} " +
                            ^
mnt/data/photon_26753_work/candidate/app/src/main/java/com/hinnka/mycamera/processor/GlesMgcRawSpatialStacker.kt:1966:28: error: smart cast to 'GlesMgcRawSpatialStacker.QueuedStrengthReadback' is impossible, because 'queuedStrengthReadback' is a local variable that is captured by a changing closure
                        "${queuedStrengthReadback.fusedFixed16PrepareSubmitMs}ms " +
                           ^
mnt/data/photon_26753_work/candidate/app/src/main/java/com/hinnka/mycamera/processor/GlesMgcRawSpatialStacker.kt:1967:34: error: smart cast to 'GlesMgcRawSpatialStacker.QueuedStrengthReadback' is impossible, because 'queuedStrengthReadback' is a local variable that is captured by a changing closure
                        "modes=${queuedStrengthReadback.alignment.mode}/" +
                                 ^
mnt/data/photon_26753_work/candidate/app/src/main/java/com/hinnka/mycamera/processor/GlesMgcRawSpatialStacker.kt:1968:28: error: smart cast to 'GlesMgcRawSpatialStacker.QueuedStrengthReadback' is impossible, because 'queuedStrengthReadback' is a local variable that is captured by a changing closure
                        "${queuedStrengthReadback.rejection.mode}/" +
                           ^
mnt/data/photon_26753_work/candidate/app/src/main/java/com/hinnka/mycamera/processor/GlesMgcRawSpatialStacker.kt:1969:28: error: smart cast to 'GlesMgcRawSpatialStacker.QueuedStrengthReadback' is impossible, because 'queuedStrengthReadback' is a local variable that is captured by a changing closure
                        "${queuedStrengthReadback.fusedFixed16.mode} " +
                           ^
mnt/data/photon_26753_work/candidate/app/src/main/java/com/hinnka/mycamera/processor/GlesMgcRawSpatialStacker.kt:1970:44: error: smart cast to 'GlesMgcRawSpatialStacker.QueuedStrengthReadback' is impossible, because 'queuedStrengthReadback' is a local variable that is captured by a changing closure
                        "alignmentSubmit=${queuedStrengthReadback.alignment.totalSubmitMs}ms " +
                                           ^
mnt/data/photon_26753_work/candidate/app/src/main/java/com/hinnka/mycamera/processor/GlesMgcRawSpatialStacker.kt:1971:44: error: smart cast to 'GlesMgcRawSpatialStacker.QueuedStrengthReadback' is impossible, because 'queuedStrengthReadback' is a local variable that is captured by a changing closure
                        "rejectionSubmit=${queuedStrengthReadback.rejection.totalSubmitMs}ms " +
                                           ^
mnt/data/photon_26753_work/candidate/app/src/main/java/com/hinnka/mycamera/processor/GlesMgcRawSpatialStacker.kt:1972:42: error: smart cast to 'GlesMgcRawSpatialStacker.QueuedStrengthReadback' is impossible, because 'queuedStrengthReadback' is a local variable that is captured by a changing closure
                        "fixed16Submit=${queuedStrengthReadback.fusedFixed16.totalSubmitMs}ms " +
                                         ^
mnt/data/photon_26753_work/candidate/app/src/main/java/com/hinnka/mycamera/processor/GlesMgcRawSpatialStacker.kt:1981:17: error: unresolved reference: MultiFrameConfig
                MultiFrameConfig.ENABLE_MGC_SPATIAL_DEFAULT_DENOISE && !referenceOnly
                ^
mnt/data/photon_26753_work/candidate/app/src/main/java/com/hinnka/mycamera/processor/GlesMgcRawSpatialStacker.kt:1985:59: error: smart cast to 'GlesMgcRawSpatialStacker.QueuedStrengthReadback' is impossible, because 'queuedStrengthReadback' is a local variable that is captured by a changing closure
                resolveSpatialNoiseModel(strengthCapture, queuedStrengthReadback)
                                                          ^
mnt/data/photon_26753_work/candidate/app/src/main/java/com/hinnka/mycamera/processor/GlesMgcRawSpatialStacker.kt:2002:17: error: unresolved reference: PLog
                PLog.i(
                ^
mnt/data/photon_26753_work/candidate/app/src/main/java/com/hinnka/mycamera/processor/GlesMgcRawSpatialStacker.kt:2009:17: error: 'when' expression must be exhaustive, add necessary 'else' branch
                when (outputMode) {
                ^
mnt/data/photon_26753_work/candidate/app/src/main/java/com/hinnka/mycamera/processor/GlesMgcRawSpatialStacker.kt:2010:21: error: unresolved reference: MgcSpatialOutputMode
                    MgcSpatialOutputMode.BAYER ->
                    ^
mnt/data/photon_26753_work/candidate/app/src/main/java/com/hinnka/mycamera/processor/GlesMgcRawSpatialStacker.kt:2011:25: error: unresolved reference: MgcSpatialDenoiseModel
                        MgcSpatialDenoiseModel.fromBayerDiagnostics(
                        ^
mnt/data/photon_26753_work/candidate/app/src/main/java/com/hinnka/mycamera/processor/GlesMgcRawSpatialStacker.kt:2013:51: error: unresolved reference: outputWeightsSumTotalDiag0
                                spatialNoiseModel.outputWeightsSumTotalDiag0,
                                                  ^
mnt/data/photon_26753_work/candidate/app/src/main/java/com/hinnka/mycamera/processor/GlesMgcRawSpatialStacker.kt:2015:51: error: unresolved reference: outputWeightsSumTotalDiag1
                                spatialNoiseModel.outputWeightsSumTotalDiag1,
                                                  ^
mnt/data/photon_26753_work/candidate/app/src/main/java/com/hinnka/mycamera/processor/GlesMgcRawSpatialStacker.kt:2017:21: error: unresolved reference: MgcSpatialOutputMode
                    MgcSpatialOutputMode.RGB ->
                    ^
mnt/data/photon_26753_work/candidate/app/src/main/java/com/hinnka/mycamera/processor/GlesMgcRawSpatialStacker.kt:2018:25: error: unresolved reference: MgcSpatialDenoiseModel
                        MgcSpatialDenoiseModel.fromRgbDiagnostics(
                        ^
mnt/data/photon_26753_work/candidate/app/src/main/java/com/hinnka/mycamera/processor/GlesMgcRawSpatialStacker.kt:2020:51: error: unresolved reference: outputWeightsSumTotalDiag0
                                spatialNoiseModel.outputWeightsSumTotalDiag0,
                                                  ^
mnt/data/photon_26753_work/candidate/app/src/main/java/com/hinnka/mycamera/processor/GlesMgcRawSpatialStacker.kt:2022:51: error: unresolved reference: outputWeightsSumTotalDiag1
                                spatialNoiseModel.outputWeightsSumTotalDiag1,
                                                  ^
mnt/data/photon_26753_work/candidate/app/src/main/java/com/hinnka/mycamera/processor/GlesMgcRawSpatialStacker.kt:2028:54: error: unresolved reference: outputShotNoise
            val outputShotNoise = spatialNoiseModel?.outputShotNoise?.let { values ->
                                                     ^
mnt/data/photon_26753_work/candidate/app/src/main/java/com/hinnka/mycamera/processor/GlesMgcRawSpatialStacker.kt:2028:77: error: cannot infer a type for this parameter. Please specify it explicitly.
            val outputShotNoise = spatialNoiseModel?.outputShotNoise?.let { values ->
                                                                            ^
mnt/data/photon_26753_work/candidate/app/src/main/java/com/hinnka/mycamera/processor/GlesMgcRawSpatialStacker.kt:2033:54: error: unresolved reference: outputReadNoise
            val outputReadNoise = spatialNoiseModel?.outputReadNoise?.let { values ->
                                                     ^
mnt/data/photon_26753_work/candidate/app/src/main/java/com/hinnka/mycamera/processor/GlesMgcRawSpatialStacker.kt:2033:77: error: cannot infer a type for this parameter. Please specify it explicitly.
            val outputReadNoise = spatialNoiseModel?.outputReadNoise?.let { values ->
                                                                            ^
mnt/data/photon_26753_work/candidate/app/src/main/java/com/hinnka/mycamera/processor/GlesMgcRawSpatialStacker.kt:2047:17: error: unresolved reference: PLog
                PLog.i(
                ^
mnt/data/photon_26753_work/candidate/app/src/main/java/com/hinnka/mycamera/processor/GlesMgcRawSpatialStacker.kt:2051:52: error: unresolved reference: outputWeightsSumTotalDiag0
                        "diag0=${spatialNoiseModel.outputWeightsSumTotalDiag0.contentToString()} " +
                                                   ^
mnt/data/photon_26753_work/candidate/app/src/main/java/com/hinnka/mycamera/processor/GlesMgcRawSpatialStacker.kt:2052:52: error: unresolved reference: outputWeightsSumTotalDiag1
                        "diag1=${spatialNoiseModel.outputWeightsSumTotalDiag1.contentToString()} " +
                                                   ^
mnt/data/photon_26753_work/candidate/app/src/main/java/com/hinnka/mycamera/processor/GlesMgcRawSpatialStacker.kt:2053:55: error: unresolved reference: diagnosticRatio
                        "savannahRatio=${denoiseModel.diagnosticRatio} " +
                                                      ^
mnt/data/photon_26753_work/candidate/app/src/main/java/com/hinnka/mycamera/processor/GlesMgcRawSpatialStacker.kt:2054:55: error: unresolved reference: outerTap
                        "savannahTaps=[${denoiseModel.outerTap}," +
                                                      ^
mnt/data/photon_26753_work/candidate/app/src/main/java/com/hinnka/mycamera/processor/GlesMgcRawSpatialStacker.kt:2055:41: error: unresolved reference: centerTap
                        "${denoiseModel.centerTap},${denoiseModel.outerTap}] " +
                                        ^
mnt/data/photon_26753_work/candidate/app/src/main/java/com/hinnka/mycamera/processor/GlesMgcRawSpatialStacker.kt:2055:67: error: unresolved reference: outerTap
                        "${denoiseModel.centerTap},${denoiseModel.outerTap}] " +
                                                                  ^
mnt/data/photon_26753_work/candidate/app/src/main/java/com/hinnka/mycamera/processor/GlesMgcRawSpatialStacker.kt:2067:31: error: unresolved reference: MgcSpatialOutputMode
                outputMode == MgcSpatialOutputMode.RGB -> "RGB16_CPU"
                              ^
mnt/data/photon_26753_work/candidate/app/src/main/java/com/hinnka/mycamera/processor/GlesMgcRawSpatialStacker.kt:2070:13: error: unresolved reference: PLog
            PLog.i(
            ^
mnt/data/photon_26753_work/candidate/app/src/main/java/com/hinnka/mycamera/processor/GlesMgcRawSpatialStacker.kt:2076:52: error: unresolved reference: MgcSpatialOutputMode
                    "queueMode=${if (outputMode == MgcSpatialOutputMode.RGB) {
                                                   ^
mnt/data/photon_26753_work/candidate/app/src/main/java/com/hinnka/mycamera/processor/GlesMgcRawSpatialStacker.kt:2087:43: error: unresolved reference: MgcSpatialOutputMode
            val rgbOutput = outputMode == MgcSpatialOutputMode.RGB
                                          ^
mnt/data/photon_26753_work/candidate/app/src/main/java/com/hinnka/mycamera/processor/GlesMgcRawSpatialStacker.kt:2088:13: error: unresolved reference: RawStackResult
            RawStackResult(
            ^
mnt/data/photon_26753_work/candidate/app/src/main/java/com/hinnka/mycamera/processor/GlesMgcRawSpatialStacker.kt:2096:21: error: unresolved reference: RawStackBufferLayout
                    RawStackBufferLayout.LINEAR_RGB
                    ^
mnt/data/photon_26753_work/candidate/app/src/main/java/com/hinnka/mycamera/processor/GlesMgcRawSpatialStacker.kt:2098:21: error: unresolved reference: RawStackBufferLayout
                    RawStackBufferLayout.CFA
                    ^
mnt/data/photon_26753_work/candidate/app/src/main/java/com/hinnka/mycamera/processor/GlesMgcRawSpatialStacker.kt:2104:21: error: unresolved reference: GpuLinearRgbSource
                    GpuLinearRgbSource(
                    ^
mnt/data/photon_26753_work/candidate/app/src/main/java/com/hinnka/mycamera/processor/GlesMgcRawSpatialStacker.kt:2114:21: error: unresolved reference: GpuBayerSource
                    GpuBayerSource(
                    ^
mnt/data/photon_26753_work/candidate/app/src/main/java/com/hinnka/mycamera/processor/GlesMgcRawSpatialStacker.kt:2123:55: error: unresolved reference: correlation
                mgcDenoiseCorrelation = denoiseModel?.correlation,
                                                      ^
mnt/data/photon_26753_work/candidate/app/src/main/java/com/hinnka/mycamera/processor/GlesMgcRawSpatialStacker.kt:2126:60: error: unresolved reference: strengthMap
                mgcSpatialStrengthMap = spatialNoiseModel?.strengthMap?.let(
                                                           ^
mnt/data/photon_26753_work/candidate/app/src/main/java/com/hinnka/mycamera/processor/GlesMgcRawSpatialStacker.kt:2135:13: error: unresolved reference: PLog
            PLog.e(TAG, "MGC Spatial ${outputMode.name} merge failed", error)
            ^
mnt/data/photon_26753_work/candidate/app/src/main/java/com/hinnka/mycamera/processor/GlesMgcRawSpatialStacker.kt:2138:20: error: overload resolution ambiguity: 
public inline fun <T> Iterable<TypeVariable(T)>.forEach(action: (TypeVariable(T)) -> Unit): Unit defined in kotlin.collections
public inline fun <K, V> Map<out TypeVariable(K), TypeVariable(V)>.forEach(action: (Map.Entry<TypeVariable(K), TypeVariable(V)>) -> Unit): Unit defined in kotlin.collections
            images.forEach { it.close() }
                   ^
mnt/data/photon_26753_work/candidate/app/src/main/java/com/hinnka/mycamera/processor/GlesMgcRawSpatialStacker.kt:2138:30: error: unresolved reference: it
            images.forEach { it.close() }
                             ^
mnt/data/photon_26753_work/candidate/app/src/main/java/com/hinnka/mycamera/processor/GlesMgcRawSpatialStacker.kt:2140:13: error: unresolved reference: GlesGpuScheduler
            GlesGpuScheduler.restoreCurrentThreadPriority(originalThreadPriority, TAG)
            ^
mnt/data/photon_26753_work/candidate/app/src/main/java/com/hinnka/mycamera/processor/GlesMgcRawSpatialStacker.kt:2141:13: error: unresolved reference: LargeDirectBuffer
            LargeDirectBuffer.free(strengthAlignmentHostBuffer)
            ^
mnt/data/photon_26753_work/candidate/app/src/main/java/com/hinnka/mycamera/processor/GlesMgcRawSpatialStacker.kt:2142:13: error: unresolved reference: LargeDirectBuffer
            LargeDirectBuffer.free(strengthRejectionHostBuffer)
            ^
mnt/data/photon_26753_work/candidate/app/src/main/java/com/hinnka/mycamera/processor/GlesMgcRawSpatialStacker.kt:2143:13: error: unresolved reference: LargeDirectBuffer
            LargeDirectBuffer.free(rgbDiagnosticHostBuffer)
            ^
mnt/data/photon_26753_work/candidate/app/src/main/java/com/hinnka/mycamera/processor/GlesMgcRawSpatialStacker.kt:2146:17: error: unresolved reference: LargeDirectBuffer
                LargeDirectBuffer.free(cpuOutput)
                ^
mnt/data/photon_26753_work/candidate/app/src/main/java/com/hinnka/mycamera/processor/GlesMgcRawSpatialStacker.kt:2148:21: error: unresolved reference: GLES30
                    GLES30.glDeleteTextures(1, intArrayOf(exportedBayerTexture), 0)
                    ^
mnt/data/photon_26753_work/candidate/app/src/main/java/com/hinnka/mycamera/processor/GlesMgcRawSpatialStacker.kt:2151:21: error: unresolved reference: GLES30
                    GLES30.glDeleteTextures(1, intArrayOf(exportedRgbTexture), 0)
                    ^
mnt/data/photon_26753_work/candidate/app/src/main/java/com/hinnka/mycamera/processor/GlesMgcRawSpatialStacker.kt:2157:49: error: unresolved reference: RawStackFrame
    private fun processSabreFrames(frames: List<RawStackFrame>): RawStackResult? {
                                                ^
mnt/data/photon_26753_work/candidate/app/src/main/java/com/hinnka/mycamera/processor/GlesMgcRawSpatialStacker.kt:2157:66: error: unresolved reference: RawStackResult
    private fun processSabreFrames(frames: List<RawStackFrame>): RawStackResult? {
                                                                 ^
mnt/data/photon_26753_work/candidate/app/src/main/java/com/hinnka/mycamera/processor/GlesMgcRawSpatialStacker.kt:2159:28: error: unresolved reference: MgcMergeMethod
            mergeMethod == MgcMergeMethod.SABRE) {
                           ^
mnt/data/photon_26753_work/candidate/app/src/main/java/com/hinnka/mycamera/processor/GlesMgcRawSpatialStacker.kt:2162:29: error: not enough information to infer type variable R
        val images = frames.map { it.image }
                            ^
mnt/data/photon_26753_work/candidate/app/src/main/java/com/hinnka/mycamera/processor/GlesMgcRawSpatialStacker.kt:2163:31: error: unresolved reference: MgcSpatialOutputMode
        require(outputMode == MgcSpatialOutputMode.RGB) {
                              ^
mnt/data/photon_26753_work/candidate/app/src/main/java/com/hinnka/mycamera/processor/GlesMgcRawSpatialStacker.kt:2170:65: error: unresolved reference: GpuLinearRgbStorage
            (exportGpuLinearRgbSource && gpuLinearRgbStorage == GpuLinearRgbStorage.RGBA16F)) {
                                                                ^
mnt/data/photon_26753_work/candidate/app/src/main/java/com/hinnka/mycamera/processor/GlesMgcRawSpatialStacker.kt:2174:20: error: overload resolution ambiguity: 
public inline fun <T> Iterable<TypeVariable(T)>.forEach(action: (TypeVariable(T)) -> Unit): Unit defined in kotlin.collections
public inline fun <K, V> Map<out TypeVariable(K), TypeVariable(V)>.forEach(action: (Map.Entry<TypeVariable(K), TypeVariable(V)>) -> Unit): Unit defined in kotlin.collections
            images.forEach { it.close() }
                   ^
mnt/data/photon_26753_work/candidate/app/src/main/java/com/hinnka/mycamera/processor/GlesMgcRawSpatialStacker.kt:2174:30: error: unresolved reference: it
            images.forEach { it.close() }
                             ^
mnt/data/photon_26753_work/candidate/app/src/main/java/com/hinnka/mycamera/processor/GlesMgcRawSpatialStacker.kt:2178:13: error: unresolved reference: PLog
            PLog.e(SABRE_TAG, "MGC Sabre requires an even Bayer extent; size=${width}x$height")
            ^
mnt/data/photon_26753_work/candidate/app/src/main/java/com/hinnka/mycamera/processor/GlesMgcRawSpatialStacker.kt:2179:20: error: overload resolution ambiguity: 
public inline fun <T> Iterable<TypeVariable(T)>.forEach(action: (TypeVariable(T)) -> Unit): Unit defined in kotlin.collections
public inline fun <K, V> Map<out TypeVariable(K), TypeVariable(V)>.forEach(action: (Map.Entry<TypeVariable(K), TypeVariable(V)>) -> Unit): Unit defined in kotlin.collections
            images.forEach { it.close() }
                   ^
mnt/data/photon_26753_work/candidate/app/src/main/java/com/hinnka/mycamera/processor/GlesMgcRawSpatialStacker.kt:2179:30: error: unresolved reference: it
            images.forEach { it.close() }
                             ^
mnt/data/photon_26753_work/candidate/app/src/main/java/com/hinnka/mycamera/processor/GlesMgcRawSpatialStacker.kt:2182:26: error: unresolved reference: it
        if (images.any { it.width != width || it.height != height }) {
                         ^
mnt/data/photon_26753_work/candidate/app/src/main/java/com/hinnka/mycamera/processor/GlesMgcRawSpatialStacker.kt:2182:47: error: unresolved reference: it
        if (images.any { it.width != width || it.height != height }) {
                                              ^
mnt/data/photon_26753_work/candidate/app/src/main/java/com/hinnka/mycamera/processor/GlesMgcRawSpatialStacker.kt:2183:13: error: unresolved reference: PLog
            PLog.e(TAG, "MGC Sabre received mixed RAW dimensions")
            ^
mnt/data/photon_26753_work/candidate/app/src/main/java/com/hinnka/mycamera/processor/GlesMgcRawSpatialStacker.kt:2184:20: error: overload resolution ambiguity: 
public inline fun <T> Iterable<TypeVariable(T)>.forEach(action: (TypeVariable(T)) -> Unit): Unit defined in kotlin.collections
public inline fun <K, V> Map<out TypeVariable(K), TypeVariable(V)>.forEach(action: (Map.Entry<TypeVariable(K), TypeVariable(V)>) -> Unit): Unit defined in kotlin.collections
            images.forEach { it.close() }
                   ^
mnt/data/photon_26753_work/candidate/app/src/main/java/com/hinnka/mycamera/processor/GlesMgcRawSpatialStacker.kt:2184:30: error: unresolved reference: it
            images.forEach { it.close() }
                             ^
mnt/data/photon_26753_work/candidate/app/src/main/java/com/hinnka/mycamera/processor/GlesMgcRawSpatialStacker.kt:2187:26: error: unresolved reference: it
        if (images.any { it.format != ImageFormat.RAW_SENSOR }) {
                         ^
mnt/data/photon_26753_work/candidate/app/src/main/java/com/hinnka/mycamera/processor/GlesMgcRawSpatialStacker.kt:2187:39: error: unresolved reference: ImageFormat
        if (images.any { it.format != ImageFormat.RAW_SENSOR }) {
                                      ^
mnt/data/photon_26753_work/candidate/app/src/main/java/com/hinnka/mycamera/processor/GlesMgcRawSpatialStacker.kt:2188:13: error: unresolved reference: PLog
            PLog.e(TAG, "MGC Sabre only accepts RAW_SENSOR images")
            ^
mnt/data/photon_26753_work/candidate/app/src/main/java/com/hinnka/mycamera/processor/GlesMgcRawSpatialStacker.kt:2189:20: error: overload resolution ambiguity: 
public inline fun <T> Iterable<TypeVariable(T)>.forEach(action: (TypeVariable(T)) -> Unit): Unit defined in kotlin.collections
public inline fun <K, V> Map<out TypeVariable(K), TypeVariable(V)>.forEach(action: (Map.Entry<TypeVariable(K), TypeVariable(V)>) -> Unit): Unit defined in kotlin.collections
            images.forEach { it.close() }
                   ^
mnt/data/photon_26753_work/candidate/app/src/main/java/com/hinnka/mycamera/processor/GlesMgcRawSpatialStacker.kt:2189:30: error: unresolved reference: it
            images.forEach { it.close() }
                             ^
mnt/data/photon_26753_work/candidate/app/src/main/java/com/hinnka/mycamera/processor/GlesMgcRawSpatialStacker.kt:2193:40: error: unresolved reference: RawBurstFrameRole
        require(frames.first().role == RawBurstFrameRole.NORMAL) {
                                       ^
mnt/data/photon_26753_work/candidate/app/src/main/java/com/hinnka/mycamera/processor/GlesMgcRawSpatialStacker.kt:2196:58: error: unresolved reference: RawBurstFrameRole
        val normalFrameCount = frames.count { it.role == RawBurstFrameRole.NORMAL }
                                                         ^
mnt/data/photon_26753_work/candidate/app/src/main/java/com/hinnka/mycamera/processor/GlesMgcRawSpatialStacker.kt:2197:62: error: unresolved reference: RawBurstFrameRole
        val shadowLongFrameCount = frames.count { it.role == RawBurstFrameRole.SHADOW_LONG }
                                                             ^
mnt/data/photon_26753_work/candidate/app/src/main/java/com/hinnka/mycamera/processor/GlesMgcRawSpatialStacker.kt:2198:66: error: unresolved reference: RawBurstFrameRole
        val highlightShortFrameCount = frames.count { it.role == RawBurstFrameRole.HIGHLIGHT_SHORT }
                                                                 ^
mnt/data/photon_26753_work/candidate/app/src/main/java/com/hinnka/mycamera/processor/GlesMgcRawSpatialStacker.kt:2204:36: error: unresolved reference: RawBurstFrameRole
        frames.filter { it.role == RawBurstFrameRole.SHADOW_LONG }.forEach { frame ->
                                   ^
mnt/data/photon_26753_work/candidate/app/src/main/java/com/hinnka/mycamera/processor/GlesMgcRawSpatialStacker.kt:2204:68: error: overload resolution ambiguity: 
public inline fun <T> Iterable<TypeVariable(T)>.forEach(action: (TypeVariable(T)) -> Unit): Unit defined in kotlin.collections
public inline fun <K, V> Map<out TypeVariable(K), TypeVariable(V)>.forEach(action: (Map.Entry<TypeVariable(K), TypeVariable(V)>) -> Unit): Unit defined in kotlin.collections
        frames.filter { it.role == RawBurstFrameRole.SHADOW_LONG }.forEach { frame ->
                                                                   ^
mnt/data/photon_26753_work/candidate/app/src/main/java/com/hinnka/mycamera/processor/GlesMgcRawSpatialStacker.kt:2204:78: error: cannot infer a type for this parameter. Please specify it explicitly.
        frames.filter { it.role == RawBurstFrameRole.SHADOW_LONG }.forEach { frame ->
                                                                             ^
mnt/data/photon_26753_work/candidate/app/src/main/java/com/hinnka/mycamera/processor/GlesMgcRawSpatialStacker.kt:2209:36: error: unresolved reference: RawBurstFrameRole
        frames.filter { it.role == RawBurstFrameRole.HIGHLIGHT_SHORT }.forEach { frame ->
                                   ^
mnt/data/photon_26753_work/candidate/app/src/main/java/com/hinnka/mycamera/processor/GlesMgcRawSpatialStacker.kt:2209:72: error: overload resolution ambiguity: 
public inline fun <T> Iterable<TypeVariable(T)>.forEach(action: (TypeVariable(T)) -> Unit): Unit defined in kotlin.collections
public inline fun <K, V> Map<out TypeVariable(K), TypeVariable(V)>.forEach(action: (Map.Entry<TypeVariable(K), TypeVariable(V)>) -> Unit): Unit defined in kotlin.collections
        frames.filter { it.role == RawBurstFrameRole.HIGHLIGHT_SHORT }.forEach { frame ->
                                                                       ^
mnt/data/photon_26753_work/candidate/app/src/main/java/com/hinnka/mycamera/processor/GlesMgcRawSpatialStacker.kt:2209:82: error: cannot infer a type for this parameter. Please specify it explicitly.
        frames.filter { it.role == RawBurstFrameRole.HIGHLIGHT_SHORT }.forEach { frame ->
                                                                                 ^
mnt/data/photon_26753_work/candidate/app/src/main/java/com/hinnka/mycamera/processor/GlesMgcRawSpatialStacker.kt:2215:9: error: unresolved reference: PLog
        PLog.i(
        ^
mnt/data/photon_26753_work/candidate/app/src/main/java/com/hinnka/mycamera/processor/GlesMgcRawSpatialStacker.kt:2224:13: error: unresolved reference: PLog
            PLog.i(
            ^
mnt/data/photon_26753_work/candidate/app/src/main/java/com/hinnka/mycamera/processor/GlesMgcRawSpatialStacker.kt:2231:13: error: unresolved reference: PLog
            PLog.i(
            ^
mnt/data/photon_26753_work/candidate/app/src/main/java/com/hinnka/mycamera/processor/GlesMgcRawSpatialStacker.kt:2241:19: error: unresolved reference: RawNoiseModel
            ?.let(RawNoiseModel::fromCamera2NoiseProfile)
                  ^
mnt/data/photon_26753_work/candidate/app/src/main/java/com/hinnka/mycamera/processor/GlesMgcRawSpatialStacker.kt:2242:24: error: unresolved reference: it
            ?.takeIf { it.hasValidCamera2Profile }
                       ^
mnt/data/photon_26753_work/candidate/app/src/main/java/com/hinnka/mycamera/processor/GlesMgcRawSpatialStacker.kt:2243:16: error: unresolved reference: RawNoiseModel
            ?: RawNoiseModel.EMPTY
               ^
mnt/data/photon_26753_work/candidate/app/src/main/java/com/hinnka/mycamera/processor/GlesMgcRawSpatialStacker.kt:2244:42: error: not enough information to infer type variable R
        val resolvedNoiseModels = frames.map(::resolveNoiseModelForFrame)
                                         ^
mnt/data/photon_26753_work/candidate/app/src/main/java/com/hinnka/mycamera/processor/GlesMgcRawSpatialStacker.kt:2250:39: error: unresolved reference: it
        if (resolvedNoiseModels.any { it.source == RawNoiseModelSource.UNAVAILABLE }) {
                                      ^
mnt/data/photon_26753_work/candidate/app/src/main/java/com/hinnka/mycamera/processor/GlesMgcRawSpatialStacker.kt:2250:52: error: unresolved reference: RawNoiseModelSource
        if (resolvedNoiseModels.any { it.source == RawNoiseModelSource.UNAVAILABLE }) {
                                                   ^
mnt/data/photon_26753_work/candidate/app/src/main/java/com/hinnka/mycamera/processor/GlesMgcRawSpatialStacker.kt:2251:13: error: unresolved reference: PLog
            PLog.e(
            ^
mnt/data/photon_26753_work/candidate/app/src/main/java/com/hinnka/mycamera/processor/GlesMgcRawSpatialStacker.kt:2255:20: error: overload resolution ambiguity: 
public inline fun <T> Iterable<TypeVariable(T)>.forEach(action: (TypeVariable(T)) -> Unit): Unit defined in kotlin.collections
public inline fun <K, V> Map<out TypeVariable(K), TypeVariable(V)>.forEach(action: (Map.Entry<TypeVariable(K), TypeVariable(V)>) -> Unit): Unit defined in kotlin.collections
            images.forEach { it.close() }
                   ^
mnt/data/photon_26753_work/candidate/app/src/main/java/com/hinnka/mycamera/processor/GlesMgcRawSpatialStacker.kt:2255:30: error: unresolved reference: it
            images.forEach { it.close() }
                             ^
mnt/data/photon_26753_work/candidate/app/src/main/java/com/hinnka/mycamera/processor/GlesMgcRawSpatialStacker.kt:2309:38: error: unresolved reference: GlesGpuScheduler
        val originalThreadPriority = GlesGpuScheduler.lowerCurrentThreadPriority(SABRE_TAG)
                                     ^
mnt/data/photon_26753_work/candidate/app/src/main/java/com/hinnka/mycamera/processor/GlesMgcRawSpatialStacker.kt:2331:76: error: unresolved reference: GpuLinearRgbStorage
                require(exportGpuLinearRgbSource && gpuLinearRgbStorage == GpuLinearRgbStorage.RGBA16F) {
                                                                           ^
mnt/data/photon_26753_work/candidate/app/src/main/java/com/hinnka/mycamera/processor/GlesMgcRawSpatialStacker.kt:2339:76: error: unresolved reference: GpuLinearRgbStorage
                require(exportGpuLinearRgbSource && gpuLinearRgbStorage == GpuLinearRgbStorage.RGBA16F) {
                                                                           ^
mnt/data/photon_26753_work/candidate/app/src/main/java/com/hinnka/mycamera/processor/GlesMgcRawSpatialStacker.kt:2349:61: error: unresolved reference: GLES30
            val referenceRaw = createTexture(width, height, GLES30.GL_R16UI, GLES30.GL_NEAREST)
                                                            ^
mnt/data/photon_26753_work/candidate/app/src/main/java/com/hinnka/mycamera/processor/GlesMgcRawSpatialStacker.kt:2349:78: error: unresolved reference: GLES30
            val referenceRaw = createTexture(width, height, GLES30.GL_R16UI, GLES30.GL_NEAREST)
                                                                             ^
mnt/data/photon_26753_work/candidate/app/src/main/java/com/hinnka/mycamera/processor/GlesMgcRawSpatialStacker.kt:2350:59: error: unresolved reference: GLES30
            val currentRaw = createTexture(width, height, GLES30.GL_R16UI, GLES30.GL_NEAREST)
                                                          ^
mnt/data/photon_26753_work/candidate/app/src/main/java/com/hinnka/mycamera/processor/GlesMgcRawSpatialStacker.kt:2350:76: error: unresolved reference: GLES30
            val currentRaw = createTexture(width, height, GLES30.GL_R16UI, GLES30.GL_NEAREST)
                                                                           ^
mnt/data/photon_26753_work/candidate/app/src/main/java/com/hinnka/mycamera/processor/GlesMgcRawSpatialStacker.kt:2354:17: error: unresolved reference: GLES30
                GLES30.GL_RGBA16F,
                ^
mnt/data/photon_26753_work/candidate/app/src/main/java/com/hinnka/mycamera/processor/GlesMgcRawSpatialStacker.kt:2355:17: error: unresolved reference: GLES30
                GLES30.GL_NEAREST,
                ^
mnt/data/photon_26753_work/candidate/app/src/main/java/com/hinnka/mycamera/processor/GlesMgcRawSpatialStacker.kt:2360:17: error: unresolved reference: GLES30
                GLES30.GL_RGBA16F,
                ^
mnt/data/photon_26753_work/candidate/app/src/main/java/com/hinnka/mycamera/processor/GlesMgcRawSpatialStacker.kt:2361:17: error: unresolved reference: GLES30
                GLES30.GL_NEAREST,
                ^
mnt/data/photon_26753_work/candidate/app/src/main/java/com/hinnka/mycamera/processor/GlesMgcRawSpatialStacker.kt:2366:17: error: unresolved reference: GLES30
                GLES30.GL_RGBA16F,
                ^
mnt/data/photon_26753_work/candidate/app/src/main/java/com/hinnka/mycamera/processor/GlesMgcRawSpatialStacker.kt:2367:17: error: unresolved reference: GLES30
                GLES30.GL_LINEAR,
                ^
mnt/data/photon_26753_work/candidate/app/src/main/java/com/hinnka/mycamera/processor/GlesMgcRawSpatialStacker.kt:2372:17: error: unresolved reference: GLES30
                GLES30.GL_RGBA16F,
                ^
mnt/data/photon_26753_work/candidate/app/src/main/java/com/hinnka/mycamera/processor/GlesMgcRawSpatialStacker.kt:2373:17: error: unresolved reference: GLES30
                GLES30.GL_LINEAR,
                ^
mnt/data/photon_26753_work/candidate/app/src/main/java/com/hinnka/mycamera/processor/GlesMgcRawSpatialStacker.kt:2378:17: error: unresolved reference: GLES30
                GLES30.GL_RGB10_A2,
                ^
mnt/data/photon_26753_work/candidate/app/src/main/java/com/hinnka/mycamera/processor/GlesMgcRawSpatialStacker.kt:2379:17: error: unresolved reference: GLES30
                GLES30.GL_LINEAR,
                ^
mnt/data/photon_26753_work/candidate/app/src/main/java/com/hinnka/mycamera/processor/GlesMgcRawSpatialStacker.kt:2384:17: error: unresolved reference: GLES30
                GLES30.GL_RGB10_A2,
                ^
mnt/data/photon_26753_work/candidate/app/src/main/java/com/hinnka/mycamera/processor/GlesMgcRawSpatialStacker.kt:2385:17: error: unresolved reference: GLES30
                GLES30.GL_LINEAR,
                ^
mnt/data/photon_26753_work/candidate/app/src/main/java/com/hinnka/mycamera/processor/GlesMgcRawSpatialStacker.kt:2390:17: error: unresolved reference: GLES30
                GLES30.GL_RGBA16F,
                ^
mnt/data/photon_26753_work/candidate/app/src/main/java/com/hinnka/mycamera/processor/GlesMgcRawSpatialStacker.kt:2391:17: error: unresolved reference: GLES30
                GLES30.GL_NEAREST,
                ^
mnt/data/photon_26753_work/candidate/app/src/main/java/com/hinnka/mycamera/processor/GlesMgcRawSpatialStacker.kt:2396:17: error: unresolved reference: GLES30
                GLES30.GL_RG16F,
                ^
mnt/data/photon_26753_work/candidate/app/src/main/java/com/hinnka/mycamera/processor/GlesMgcRawSpatialStacker.kt:2397:17: error: unresolved reference: GLES30
                GLES30.GL_NEAREST,
                ^
mnt/data/photon_26753_work/candidate/app/src/main/java/com/hinnka/mycamera/processor/GlesMgcRawSpatialStacker.kt:2405:17: error: unresolved reference: GLES30
                GLES30.GL_RGB10_A2,
                ^
mnt/data/photon_26753_work/candidate/app/src/main/java/com/hinnka/mycamera/processor/GlesMgcRawSpatialStacker.kt:2406:17: error: unresolved reference: GLES30
                GLES30.GL_NEAREST,
                ^
mnt/data/photon_26753_work/candidate/app/src/main/java/com/hinnka/mycamera/processor/GlesMgcRawSpatialStacker.kt:2416:17: error: unresolved reference: GLES30
                GLES30.GL_R8,
                ^
mnt/data/photon_26753_work/candidate/app/src/main/java/com/hinnka/mycamera/processor/GlesMgcRawSpatialStacker.kt:2417:17: error: unresolved reference: GLES30
                GLES30.GL_LINEAR,
                ^
mnt/data/photon_26753_work/candidate/app/src/main/java/com/hinnka/mycamera/processor/GlesMgcRawSpatialStacker.kt:2425:46: error: unresolved reference: GLES30
                createTexture(width, height, GLES30.GL_RG16F, GLES30.GL_NEAREST)
                                             ^
mnt/data/photon_26753_work/candidate/app/src/main/java/com/hinnka/mycamera/processor/GlesMgcRawSpatialStacker.kt:2425:63: error: unresolved reference: GLES30
                createTexture(width, height, GLES30.GL_RG16F, GLES30.GL_NEAREST)
                                                              ^
mnt/data/photon_26753_work/candidate/app/src/main/java/com/hinnka/mycamera/processor/GlesMgcRawSpatialStacker.kt:2437:62: error: unresolved reference: GLES30
                createTexture(coverageWidth, coverageHeight, GLES30.GL_R8, GLES30.GL_LINEAR)
                                                             ^
mnt/data/photon_26753_work/candidate/app/src/main/java/com/hinnka/mycamera/processor/GlesMgcRawSpatialStacker.kt:2437:76: error: unresolved reference: GLES30
                createTexture(coverageWidth, coverageHeight, GLES30.GL_R8, GLES30.GL_LINEAR)
                                                                           ^
mnt/data/photon_26753_work/candidate/app/src/main/java/com/hinnka/mycamera/processor/GlesMgcRawSpatialStacker.kt:2467:41: error: unresolved reference: MgcSabreKernelTuning
            val sabreKernelParameters = MgcSabreKernelTuning.build(
                                        ^
mnt/data/photon_26753_work/candidate/app/src/main/java/com/hinnka/mycamera/processor/GlesMgcRawSpatialStacker.kt:2472:42: error: unresolved reference: MgcSabreResolveTuning
            val sabreResolveParameters = MgcSabreResolveTuning.build(
                                         ^
mnt/data/photon_26753_work/candidate/app/src/main/java/com/hinnka/mycamera/processor/GlesMgcRawSpatialStacker.kt:2484:13: error: unresolved reference: PLog
            PLog.i(
            ^
mnt/data/photon_26753_work/candidate/app/src/main/java/com/hinnka/mycamera/processor/GlesMgcRawSpatialStacker.kt:2488:37: error: unresolved reference: MgcSabreKernelTuning
                    "effectiveSnr=${MgcSabreKernelTuning.effectiveSnr(kernelTuning.referenceSnr, normalFrameCount)} " +
                                    ^
mnt/data/photon_26753_work/candidate/app/src/main/java/com/hinnka/mycamera/processor/GlesMgcRawSpatialStacker.kt:2601:13: error: unresolved reference: GlesGpuScheduler
            GlesGpuScheduler.yieldToUiRenderer()
            ^
mnt/data/photon_26753_work/candidate/app/src/main/java/com/hinnka/mycamera/processor/GlesMgcRawSpatialStacker.kt:2619:35: error: unresolved reference: RawBurstFrameRole
                if (frame.role == RawBurstFrameRole.SHADOW_LONG) {
                                  ^
mnt/data/photon_26753_work/candidate/app/src/main/java/com/hinnka/mycamera/processor/GlesMgcRawSpatialStacker.kt:2626:21: error: unresolved reference: PLog
                    PLog.i(SABRE_TAG, "IRIS_26604_LONG_ONE_TUNNEL_METADATA $details26604Long")
                    ^
mnt/data/photon_26753_work/candidate/app/src/main/java/com/hinnka/mycamera/processor/GlesMgcRawSpatialStacker.kt:2627:21: error: unresolved reference: MotionTrace
                    MotionTrace.processingState("IRIS_26604_LONG_ONE_TUNNEL_METADATA", details26604Long)
                    ^
mnt/data/photon_26753_work/candidate/app/src/main/java/com/hinnka/mycamera/processor/GlesMgcRawSpatialStacker.kt:2654:21: error: unresolved reference: GLES30
                    GLES30.GL_R8,
                    ^
mnt/data/photon_26753_work/candidate/app/src/main/java/com/hinnka/mycamera/processor/GlesMgcRawSpatialStacker.kt:2655:21: error: unresolved reference: GLES30
                    GLES30.GL_LINEAR,
                    ^
mnt/data/photon_26753_work/candidate/app/src/main/java/com/hinnka/mycamera/processor/GlesMgcRawSpatialStacker.kt:2667:21: error: unresolved reference: GLES30
                    GLES30.GL_R8,
                    ^
mnt/data/photon_26753_work/candidate/app/src/main/java/com/hinnka/mycamera/processor/GlesMgcRawSpatialStacker.kt:2668:21: error: unresolved reference: GLES30
                    GLES30.GL_LINEAR,
                    ^
mnt/data/photon_26753_work/candidate/app/src/main/java/com/hinnka/mycamera/processor/GlesMgcRawSpatialStacker.kt:2673:21: error: unresolved reference: GLES30
                    GLES30.GL_R8,
                    ^
mnt/data/photon_26753_work/candidate/app/src/main/java/com/hinnka/mycamera/processor/GlesMgcRawSpatialStacker.kt:2674:21: error: unresolved reference: GLES30
                    GLES30.GL_NEAREST,
                    ^
mnt/data/photon_26753_work/candidate/app/src/main/java/com/hinnka/mycamera/processor/GlesMgcRawSpatialStacker.kt:2679:35: error: unresolved reference: RawBurstFrameRole
                    frame.role == RawBurstFrameRole.HIGHLIGHT_SHORT
                                  ^
mnt/data/photon_26753_work/candidate/app/src/main/java/com/hinnka/mycamera/processor/GlesMgcRawSpatialStacker.kt:2682:58: error: unresolved reference: GLES30
                        extractedWidth, extractedHeight, GLES30.GL_R8, GLES30.GL_LINEAR,
                                                         ^
mnt/data/photon_26753_work/candidate/app/src/main/java/com/hinnka/mycamera/processor/GlesMgcRawSpatialStacker.kt:2682:72: error: unresolved reference: GLES30
                        extractedWidth, extractedHeight, GLES30.GL_R8, GLES30.GL_LINEAR,
                                                                       ^
mnt/data/photon_26753_work/candidate/app/src/main/java/com/hinnka/mycamera/processor/GlesMgcRawSpatialStacker.kt:2700:35: error: unresolved reference: RawBurstFrameRole
                    frame.role == RawBurstFrameRole.NORMAL,
                                  ^
mnt/data/photon_26753_work/candidate/app/src/main/java/com/hinnka/mycamera/processor/GlesMgcRawSpatialStacker.kt:2701:39: error: unresolved reference: RawBurstFrameRole
                    if (frame.role == RawBurstFrameRole.NORMAL) frames.first() else null,
                                      ^
mnt/data/photon_26753_work/candidate/app/src/main/java/com/hinnka/mycamera/processor/GlesMgcRawSpatialStacker.kt:2702:39: error: unresolved reference: RawBurstFrameRole
                    if (frame.role == RawBurstFrameRole.NORMAL) frame else null,
                                      ^
mnt/data/photon_26753_work/candidate/app/src/main/java/com/hinnka/mycamera/processor/GlesMgcRawSpatialStacker.kt:2707:21: error: unresolved reference: GLES30
                    GLES30.GL_R8,
                    ^
mnt/data/photon_26753_work/candidate/app/src/main/java/com/hinnka/mycamera/processor/GlesMgcRawSpatialStacker.kt:2708:21: error: unresolved reference: GLES30
                    GLES30.GL_LINEAR,
                    ^
mnt/data/photon_26753_work/candidate/app/src/main/java/com/hinnka/mycamera/processor/GlesMgcRawSpatialStacker.kt:2715:35: error: unresolved reference: RawBurstFrameRole
                if (frame.role == RawBurstFrameRole.SHADOW_LONG) {
                                  ^
mnt/data/photon_26753_work/candidate/app/src/main/java/com/hinnka/mycamera/processor/GlesMgcRawSpatialStacker.kt:2716:21: error: unresolved reference: PLog
                    PLog.i(SABRE_TAG, "IRIS_26699_LONG_PROOF_REDUNDANT_BARRIER_REMOVED productionAccumulatorUnchanged=true")
                    ^
mnt/data/photon_26753_work/candidate/app/src/main/java/com/hinnka/mycamera/processor/GlesMgcRawSpatialStacker.kt:2718:35: error: unresolved reference: RawBurstFrameRole
                if (frame.role == RawBurstFrameRole.HIGHLIGHT_SHORT) {
                                  ^
mnt/data/photon_26753_work/candidate/app/src/main/java/com/hinnka/mycamera/processor/GlesMgcRawSpatialStacker.kt:2738:35: error: unresolved reference: RawBurstFrameRole
                if (frame.role != RawBurstFrameRole.HIGHLIGHT_SHORT) {
                                  ^
mnt/data/photon_26753_work/candidate/app/src/main/java/com/hinnka/mycamera/processor/GlesMgcRawSpatialStacker.kt:2739:71: error: unresolved reference: RawBurstFrameRole
                    if (highlightShortOneTunnel26604 || frame.role == RawBurstFrameRole.SHADOW_LONG) {
                                                                      ^
mnt/data/photon_26753_work/candidate/app/src/main/java/com/hinnka/mycamera/processor/GlesMgcRawSpatialStacker.kt:2768:57: error: unresolved reference: RawBurstFrameRole
                        sourceClipGuard = frame.role == RawBurstFrameRole.SHADOW_LONG,
                                                        ^
mnt/data/photon_26753_work/candidate/app/src/main/java/com/hinnka/mycamera/processor/GlesMgcRawSpatialStacker.kt:2785:21: error: unresolved reference: PLog
                    PLog.i(SABRE_TAG, "IRIS_26651_SHORT_CAPTURE_TO_FUSION $details26648")
                    ^
mnt/data/photon_26753_work/candidate/app/src/main/java/com/hinnka/mycamera/processor/GlesMgcRawSpatialStacker.kt:2786:21: error: unresolved reference: MotionTrace
                    MotionTrace.processingState("IRIS_26651_SHORT_CAPTURE_TO_FUSION", details26648)
                    ^
mnt/data/photon_26753_work/candidate/app/src/main/java/com/hinnka/mycamera/processor/GlesMgcRawSpatialStacker.kt:2793:58: error: unresolved reference: RawBurstFrameRole
                if (enableSabreSuperRes && frame.role == RawBurstFrameRole.NORMAL) {
                                                         ^
mnt/data/photon_26753_work/candidate/app/src/main/java/com/hinnka/mycamera/processor/GlesMgcRawSpatialStacker.kt:2812:59: error: unresolved reference: RawBurstFrameRole
                if (enableHighZoomDetail && frame.role == RawBurstFrameRole.NORMAL) {
                                                          ^
mnt/data/photon_26753_work/candidate/app/src/main/java/com/hinnka/mycamera/processor/GlesMgcRawSpatialStacker.kt:2831:64: error: unresolved reference: RawBurstFrameRole
                if (normalDngAccumulator != 0 && frame.role == RawBurstFrameRole.NORMAL) {
                                                               ^
mnt/data/photon_26753_work/candidate/app/src/main/java/com/hinnka/mycamera/processor/GlesMgcRawSpatialStacker.kt:2851:17: error: unresolved reference: PLog
                PLog.i(
                ^
mnt/data/photon_26753_work/candidate/app/src/main/java/com/hinnka/mycamera/processor/GlesMgcRawSpatialStacker.kt:2857:35: error: unresolved reference: RawBurstFrameRole
                if (frame.role == RawBurstFrameRole.HIGHLIGHT_SHORT) {
                                  ^
mnt/data/photon_26753_work/candidate/app/src/main/java/com/hinnka/mycamera/processor/GlesMgcRawSpatialStacker.kt:2866:17: error: unresolved reference: GlesGpuScheduler
                GlesGpuScheduler.yieldToUiRenderer()
                ^
mnt/data/photon_26753_work/candidate/app/src/main/java/com/hinnka/mycamera/processor/GlesMgcRawSpatialStacker.kt:2879:13: error: unresolved reference: PLog
            PLog.i(
            ^
mnt/data/photon_26753_work/candidate/app/src/main/java/com/hinnka/mycamera/processor/GlesMgcRawSpatialStacker.kt:2905:61: error: unresolved reference: RawBurstFrameRole
                        frames = frames.filter { it.role == RawBurstFrameRole.NORMAL },
                                                            ^
mnt/data/photon_26753_work/candidate/app/src/main/java/com/hinnka/mycamera/processor/GlesMgcRawSpatialStacker.kt:2923:61: error: unresolved reference: RawBurstFrameRole
                        frames = frames.filter { it.role == RawBurstFrameRole.NORMAL },
                                                            ^
mnt/data/photon_26753_work/candidate/app/src/main/java/com/hinnka/mycamera/processor/GlesMgcRawSpatialStacker.kt:2927:17: error: unresolved reference: PLog
                PLog.i(
                ^
mnt/data/photon_26753_work/candidate/app/src/main/java/com/hinnka/mycamera/processor/GlesMgcRawSpatialStacker.kt:2966:58: error: unresolved reference: GLES30
                val fused = createTexture(width, height, GLES30.GL_RGBA16F, GLES30.GL_NEAREST)
                                                         ^
mnt/data/photon_26753_work/candidate/app/src/main/java/com/hinnka/mycamera/processor/GlesMgcRawSpatialStacker.kt:2966:77: error: unresolved reference: GLES30
                val fused = createTexture(width, height, GLES30.GL_RGBA16F, GLES30.GL_NEAREST)
                                                                            ^
mnt/data/photon_26753_work/candidate/app/src/main/java/com/hinnka/mycamera/processor/GlesMgcRawSpatialStacker.kt:2967:68: error: unresolved reference: GLES30
                fusionDecision26651 = createTexture(width, height, GLES30.GL_R8, GLES30.GL_NEAREST)
                                                                   ^
mnt/data/photon_26753_work/candidate/app/src/main/java/com/hinnka/mycamera/processor/GlesMgcRawSpatialStacker.kt:2967:82: error: unresolved reference: GLES30
                fusionDecision26651 = createTexture(width, height, GLES30.GL_R8, GLES30.GL_NEAREST)
                                                                                 ^
mnt/data/photon_26753_work/candidate/app/src/main/java/com/hinnka/mycamera/processor/GlesMgcRawSpatialStacker.kt:2968:72: error: unresolved reference: GLES30
                shortColorValidity26651 = createTexture(width, height, GLES30.GL_R8, GLES30.GL_NEAREST)
                                                                       ^
mnt/data/photon_26753_work/candidate/app/src/main/java/com/hinnka/mycamera/processor/GlesMgcRawSpatialStacker.kt:2968:86: error: unresolved reference: GLES30
                shortColorValidity26651 = createTexture(width, height, GLES30.GL_R8, GLES30.GL_NEAREST)
                                                                                     ^
mnt/data/photon_26753_work/candidate/app/src/main/java/com/hinnka/mycamera/processor/GlesMgcRawSpatialStacker.kt:2989:17: error: unresolved reference: PLog
                PLog.i(
                ^
mnt/data/photon_26753_work/candidate/app/src/main/java/com/hinnka/mycamera/processor/GlesMgcRawSpatialStacker.kt:2996:17: error: unresolved reference: PLog
                PLog.i(SABRE_TAG, "IRIS_26699_FUSION_DECISION_BARRIER_REMOVED productionFusionUnchanged=true")
                ^
mnt/data/photon_26753_work/candidate/app/src/main/java/com/hinnka/mycamera/processor/GlesMgcRawSpatialStacker.kt:2997:17: error: unresolved reference: PLog
                PLog.i(SABRE_TAG, "IRIS_26699_FUSION_RADIANCE_BARRIER_REMOVED productionFusionUnchanged=true")
                ^
mnt/data/photon_26753_work/candidate/app/src/main/java/com/hinnka/mycamera/processor/GlesMgcRawSpatialStacker.kt:3033:17: error: unresolved reference: LargeDirectBuffer
                LargeDirectBuffer.allocate(
                ^
mnt/data/photon_26753_work/candidate/app/src/main/java/com/hinnka/mycamera/processor/GlesMgcRawSpatialStacker.kt:3045:13: error: unresolved reference: PLog
            PLog.i(
            ^
mnt/data/photon_26753_work/candidate/app/src/main/java/com/hinnka/mycamera/processor/GlesMgcRawSpatialStacker.kt:3054:13: error: unresolved reference: MgcSabreResolver
            MgcSabreResolver.resolve(
            ^
mnt/data/photon_26753_work/candidate/app/src/main/java/com/hinnka/mycamera/processor/GlesMgcRawSpatialStacker.kt:3074:13: error: unresolved reference: LargeDirectBuffer
            LargeDirectBuffer.free(sabreAccumulatedReadback)
            ^
mnt/data/photon_26753_work/candidate/app/src/main/java/com/hinnka/mycamera/processor/GlesMgcRawSpatialStacker.kt:3081:21: error: unresolved reference: GLES30
                    GLES30.GL_R16UI,
                    ^
mnt/data/photon_26753_work/candidate/app/src/main/java/com/hinnka/mycamera/processor/GlesMgcRawSpatialStacker.kt:3082:21: error: unresolved reference: GLES30
                    GLES30.GL_NEAREST,
                    ^
mnt/data/photon_26753_work/candidate/app/src/main/java/com/hinnka/mycamera/processor/GlesMgcRawSpatialStacker.kt:3086:13: error: unresolved reference: LargeDirectBuffer
            LargeDirectBuffer.free(sabreResolvedRgb)
            ^
mnt/data/photon_26753_work/candidate/app/src/main/java/com/hinnka/mycamera/processor/GlesMgcRawSpatialStacker.kt:3089:30: error: unresolved reference: MgcSpatialRgbRect
            val fullOutput = MgcSpatialRgbRect(0, 0, width, height)
                             ^
mnt/data/photon_26753_work/candidate/app/src/main/java/com/hinnka/mycamera/processor/GlesMgcRawSpatialStacker.kt:3090:34: error: unresolved reference: MgcSpatialRgbTile
            val fullOutputTile = MgcSpatialRgbTile(index = 0, outputCore = fullOutput)
                                 ^
mnt/data/photon_26753_work/candidate/app/src/main/java/com/hinnka/mycamera/processor/GlesMgcRawSpatialStacker.kt:3098:36: error: unresolved reference: GLES30
                    width, height, GLES30.GL_RGBA16F, GLES30.GL_NEAREST,
                                   ^
mnt/data/photon_26753_work/candidate/app/src/main/java/com/hinnka/mycamera/processor/GlesMgcRawSpatialStacker.kt:3098:55: error: unresolved reference: GLES30
                    width, height, GLES30.GL_RGBA16F, GLES30.GL_NEAREST,
                                                      ^
mnt/data/photon_26753_work/candidate/app/src/main/java/com/hinnka/mycamera/processor/GlesMgcRawSpatialStacker.kt:3108:17: error: unresolved reference: PLog
                PLog.i(SABRE_TAG, "IRIS_26699_HDR_PROBE_BARRIER_REMOVED stage=FLOAT_HDR_HANDOFF_PRE_VGN productionHdrUnchanged=true")
                ^
mnt/data/photon_26753_work/candidate/app/src/main/java/com/hinnka/mycamera/processor/GlesMgcRawSpatialStacker.kt:3124:29: error: unresolved reference: LargeDirectBuffer
                cpuOutput = LargeDirectBuffer.allocate(outputBytes, "MGC Sabre VGN RGB16 output")
                            ^
mnt/data/photon_26753_work/candidate/app/src/main/java/com/hinnka/mycamera/processor/GlesMgcRawSpatialStacker.kt:3129:13: error: unresolved reference: GlesGpuScheduler
            GlesGpuScheduler.memoryBarrier()
            ^
mnt/data/photon_26753_work/candidate/app/src/main/java/com/hinnka/mycamera/processor/GlesMgcRawSpatialStacker.kt:3134:21: error: type mismatch: inferred type is () -> ??? but Nothing? was expected
                    { GLES30.glFlush() }
                    ^
mnt/data/photon_26753_work/candidate/app/src/main/java/com/hinnka/mycamera/processor/GlesMgcRawSpatialStacker.kt:3134:23: error: unresolved reference: GLES30
                    { GLES30.glFlush() }
                      ^
mnt/data/photon_26753_work/candidate/app/src/main/java/com/hinnka/mycamera/processor/GlesMgcRawSpatialStacker.kt:3146:13: error: unresolved reference: PLog
            PLog.i(
            ^
mnt/data/photon_26753_work/candidate/app/src/main/java/com/hinnka/mycamera/processor/GlesMgcRawSpatialStacker.kt:3158:62: error: unresolved reference: GpuLinearRgbStorage
                exportedTexture = if (gpuLinearRgbStorage == GpuLinearRgbStorage.RGBA16UI) {
                                                             ^
mnt/data/photon_26753_work/candidate/app/src/main/java/com/hinnka/mycamera/processor/GlesMgcRawSpatialStacker.kt:3164:25: error: unresolved reference: GLES30
                        GLES30.GL_RGBA16F,
                        ^
mnt/data/photon_26753_work/candidate/app/src/main/java/com/hinnka/mycamera/processor/GlesMgcRawSpatialStacker.kt:3165:25: error: unresolved reference: GLES30
                        GLES30.GL_NEAREST,
                        ^
mnt/data/photon_26753_work/candidate/app/src/main/java/com/hinnka/mycamera/processor/GlesMgcRawSpatialStacker.kt:3177:25: error: unresolved reference: GLES30
                        GLES30.glDeleteTextures(1, intArrayOf(postprocessedUi), 0)
                        ^
mnt/data/photon_26753_work/candidate/app/src/main/java/com/hinnka/mycamera/processor/GlesMgcRawSpatialStacker.kt:3190:21: error: unresolved reference: PLog
                    PLog.i(SABRE_TAG, "IRIS_26699_HDR_PROBE_BARRIER_REMOVED stage=POST_VGN_HDR_MASTER productionHdrUnchanged=true")
                    ^
mnt/data/photon_26753_work/candidate/app/src/main/java/com/hinnka/mycamera/processor/GlesMgcRawSpatialStacker.kt:3205:17: error: unresolved reference: PLog
                PLog.i(SABRE_TAG, "IRIS_26651_FUSION_OUTPUT_PRESERVED $details26648")
                ^
mnt/data/photon_26753_work/candidate/app/src/main/java/com/hinnka/mycamera/processor/GlesMgcRawSpatialStacker.kt:3206:17: error: unresolved reference: MotionTrace
                MotionTrace.processingState("IRIS_26651_FUSION_OUTPUT_PRESERVED", details26648)
                ^
mnt/data/photon_26753_work/candidate/app/src/main/java/com/hinnka/mycamera/processor/GlesMgcRawSpatialStacker.kt:3214:17: error: unresolved reference: PLog
                PLog.i(SABRE_TAG, "IRIS_26753_PLAN_B_HIGH_ZOOM_EVIDENCE $evidencePolicy")
                ^
mnt/data/photon_26753_work/candidate/app/src/main/java/com/hinnka/mycamera/processor/GlesMgcRawSpatialStacker.kt:3215:17: error: unresolved reference: MotionTrace
                MotionTrace.processingState("IRIS_26753_PLAN_B_HIGH_ZOOM_EVIDENCE", evidencePolicy)
                ^
mnt/data/photon_26753_work/candidate/app/src/main/java/com/hinnka/mycamera/processor/GlesMgcRawSpatialStacker.kt:3232:21: error: unresolved reference: PLog
                    PLog.i(SABRE_TAG, "IRIS_26753_PLAN_B_HIGH_ZOOM_READY $ready")
                    ^
mnt/data/photon_26753_work/candidate/app/src/main/java/com/hinnka/mycamera/processor/GlesMgcRawSpatialStacker.kt:3233:21: error: unresolved reference: MotionTrace
                    MotionTrace.processingState("IRIS_26753_PLAN_B_HIGH_ZOOM_READY", ready)
                    ^
mnt/data/photon_26753_work/candidate/app/src/main/java/com/hinnka/mycamera/processor/GlesMgcRawSpatialStacker.kt:3236:21: error: unresolved reference: PLog
                    PLog.e(SABRE_TAG, "IRIS_26753_PLAN_B_HIGH_ZOOM_FAIL_CLOSED reason=${failure.message}", failure)
                    ^
mnt/data/photon_26753_work/candidate/app/src/main/java/com/hinnka/mycamera/processor/GlesMgcRawSpatialStacker.kt:3237:21: error: unresolved reference: MotionTrace
                    MotionTrace.processingState(
                    ^
mnt/data/photon_26753_work/candidate/app/src/main/java/com/hinnka/mycamera/processor/GlesMgcRawSpatialStacker.kt:3256:17: error: unresolved reference: PLog
                PLog.i(SABRE_TAG,"IRIS_26568_TRUE2X_EVIDENCE_POLICY $evidencePolicy")
                ^
mnt/data/photon_26753_work/candidate/app/src/main/java/com/hinnka/mycamera/processor/GlesMgcRawSpatialStacker.kt:3257:17: error: unresolved reference: MotionTrace
                MotionTrace.processingState("IRIS_26576_SR_EVIDENCE", evidencePolicy)
                ^
mnt/data/photon_26753_work/candidate/app/src/main/java/com/hinnka/mycamera/processor/GlesMgcRawSpatialStacker.kt:3291:17: error: unresolved reference: PLog
                PLog.i(SABRE_TAG,"IRIS_26568_TRUE2X_READY $readyDetails")
                ^
mnt/data/photon_26753_work/candidate/app/src/main/java/com/hinnka/mycamera/processor/GlesMgcRawSpatialStacker.kt:3292:17: error: unresolved reference: MotionTrace
                MotionTrace.processingState("IRIS_26576_SR_RECONSTRUCTION_SUMMARY", readyDetails)
                ^
mnt/data/photon_26753_work/candidate/app/src/main/java/com/hinnka/mycamera/processor/GlesMgcRawSpatialStacker.kt:3312:17: error: unresolved reference: PLog
                PLog.i(SABRE_TAG, "IRIS_26651_FUSION_SEMANTIC_RESULT $fusionSummary26651")
                ^
mnt/data/photon_26753_work/candidate/app/src/main/java/com/hinnka/mycamera/processor/GlesMgcRawSpatialStacker.kt:3313:17: error: unresolved reference: MotionTrace
                MotionTrace.processingState("IRIS_26651_FUSION_SEMANTIC_RESULT", fusionSummary26651)
                ^
mnt/data/photon_26753_work/candidate/app/src/main/java/com/hinnka/mycamera/processor/GlesMgcRawSpatialStacker.kt:3317:13: error: unresolved reference: PLog
            PLog.i(
            ^
mnt/data/photon_26753_work/candidate/app/src/main/java/com/hinnka/mycamera/processor/GlesMgcRawSpatialStacker.kt:3325:13: error: unresolved reference: RawStackResult
            RawStackResult(
            ^
mnt/data/photon_26753_work/candidate/app/src/main/java/com/hinnka/mycamera/processor/GlesMgcRawSpatialStacker.kt:3332:32: error: unresolved reference: RawStackBufferLayout
                bufferLayout = RawStackBufferLayout.LINEAR_RGB,
                               ^
mnt/data/photon_26753_work/candidate/app/src/main/java/com/hinnka/mycamera/processor/GlesMgcRawSpatialStacker.kt:3336:21: error: unresolved reference: GpuLinearRgbSource
                    GpuLinearRgbSource(
                    ^
mnt/data/photon_26753_work/candidate/app/src/main/java/com/hinnka/mycamera/processor/GlesMgcRawSpatialStacker.kt:3417:13: error: unresolved reference: PLog
            PLog.e(SABRE_TAG, "MGC Sabre merge failed", error)
            ^
mnt/data/photon_26753_work/candidate/app/src/main/java/com/hinnka/mycamera/processor/GlesMgcRawSpatialStacker.kt:3420:20: error: overload resolution ambiguity: 
public inline fun <T> Iterable<TypeVariable(T)>.forEach(action: (TypeVariable(T)) -> Unit): Unit defined in kotlin.collections
public inline fun <K, V> Map<out TypeVariable(K), TypeVariable(V)>.forEach(action: (Map.Entry<TypeVariable(K), TypeVariable(V)>) -> Unit): Unit defined in kotlin.collections
            images.forEach { it.close() }
                   ^
mnt/data/photon_26753_work/candidate/app/src/main/java/com/hinnka/mycamera/processor/GlesMgcRawSpatialStacker.kt:3420:30: error: unresolved reference: it
            images.forEach { it.close() }
                             ^
mnt/data/photon_26753_work/candidate/app/src/main/java/com/hinnka/mycamera/processor/GlesMgcRawSpatialStacker.kt:3422:13: error: unresolved reference: GlesGpuScheduler
            GlesGpuScheduler.restoreCurrentThreadPriority(originalThreadPriority, SABRE_TAG)
            ^
mnt/data/photon_26753_work/candidate/app/src/main/java/com/hinnka/mycamera/processor/GlesMgcRawSpatialStacker.kt:3423:13: error: unresolved reference: LargeDirectBuffer
            LargeDirectBuffer.free(sabreAccumulatedReadback)
            ^
mnt/data/photon_26753_work/candidate/app/src/main/java/com/hinnka/mycamera/processor/GlesMgcRawSpatialStacker.kt:3424:13: error: unresolved reference: LargeDirectBuffer
            LargeDirectBuffer.free(sabreResolvedRgb)
            ^
mnt/data/photon_26753_work/candidate/app/src/main/java/com/hinnka/mycamera/processor/GlesMgcRawSpatialStacker.kt:3437:17: error: unresolved reference: LargeDirectBuffer
                LargeDirectBuffer.free(cpuOutput)
                ^
mnt/data/photon_26753_work/candidate/app/src/main/java/com/hinnka/mycamera/processor/GlesMgcRawSpatialStacker.kt:3438:17: error: unresolved reference: LargeDirectBuffer
                LargeDirectBuffer.free(normalStackedDngRaw16)
                ^
mnt/data/photon_26753_work/candidate/app/src/main/java/com/hinnka/mycamera/processor/GlesMgcRawSpatialStacker.kt:3440:21: error: unresolved reference: GLES30
                    GLES30.glDeleteTextures(1, intArrayOf(exportedTexture), 0)
                    ^
mnt/data/photon_26753_work/candidate/app/src/main/java/com/hinnka/mycamera/processor/GlesMgcRawSpatialStacker.kt:3463:9: error: unresolved reference: GLES30
        GLES30.glViewport(0, 0, width, height)
        ^
mnt/data/photon_26753_work/candidate/app/src/main/java/com/hinnka/mycamera/processor/GlesMgcRawSpatialStacker.kt:3464:9: error: unresolved reference: GLES30
        GLES30.glClearBufferfv(
        ^
mnt/data/photon_26753_work/candidate/app/src/main/java/com/hinnka/mycamera/processor/GlesMgcRawSpatialStacker.kt:3465:13: error: unresolved reference: GLES30
            GLES30.GL_COLOR,
            ^
mnt/data/photon_26753_work/candidate/app/src/main/java/com/hinnka/mycamera/processor/GlesMgcRawSpatialStacker.kt:3470:9: error: unresolved reference: GLES30
        GLES30.glBindFramebuffer(GLES30.GL_FRAMEBUFFER, 0)
        ^
mnt/data/photon_26753_work/candidate/app/src/main/java/com/hinnka/mycamera/processor/GlesMgcRawSpatialStacker.kt:3470:34: error: unresolved reference: GLES30
        GLES30.glBindFramebuffer(GLES30.GL_FRAMEBUFFER, 0)
                                 ^
mnt/data/photon_26753_work/candidate/app/src/main/java/com/hinnka/mycamera/processor/GlesMgcRawSpatialStacker.kt:3484:9: error: unresolved reference: GLES30
        GLES30.glUseProgram(program)
        ^
mnt/data/photon_26753_work/candidate/app/src/main/java/com/hinnka/mycamera/processor/GlesMgcRawSpatialStacker.kt:3512:9: error: unresolved reference: GLES30
        GLES30.glEnable(GLES30.GL_BLEND)
        ^
mnt/data/photon_26753_work/candidate/app/src/main/java/com/hinnka/mycamera/processor/GlesMgcRawSpatialStacker.kt:3512:25: error: unresolved reference: GLES30
        GLES30.glEnable(GLES30.GL_BLEND)
                        ^
mnt/data/photon_26753_work/candidate/app/src/main/java/com/hinnka/mycamera/processor/GlesMgcRawSpatialStacker.kt:3514:13: error: unresolved reference: GLES30
            GLES30.glBlendEquation(GLES30.GL_FUNC_ADD)
            ^
mnt/data/photon_26753_work/candidate/app/src/main/java/com/hinnka/mycamera/processor/GlesMgcRawSpatialStacker.kt:3514:36: error: unresolved reference: GLES30
            GLES30.glBlendEquation(GLES30.GL_FUNC_ADD)
                                   ^
mnt/data/photon_26753_work/candidate/app/src/main/java/com/hinnka/mycamera/processor/GlesMgcRawSpatialStacker.kt:3515:13: error: unresolved reference: GLES30
            GLES30.glBlendFunc(GLES30.GL_ONE, GLES30.GL_ONE)
            ^
mnt/data/photon_26753_work/candidate/app/src/main/java/com/hinnka/mycamera/processor/GlesMgcRawSpatialStacker.kt:3515:32: error: unresolved reference: GLES30
            GLES30.glBlendFunc(GLES30.GL_ONE, GLES30.GL_ONE)
                               ^
mnt/data/photon_26753_work/candidate/app/src/main/java/com/hinnka/mycamera/processor/GlesMgcRawSpatialStacker.kt:3515:47: error: unresolved reference: GLES30
            GLES30.glBlendFunc(GLES30.GL_ONE, GLES30.GL_ONE)
                                              ^
mnt/data/photon_26753_work/candidate/app/src/main/java/com/hinnka/mycamera/processor/GlesMgcRawSpatialStacker.kt:3524:13: error: unresolved reference: GLES30
            GLES30.glDisable(GLES30.GL_BLEND)
            ^
mnt/data/photon_26753_work/candidate/app/src/main/java/com/hinnka/mycamera/processor/GlesMgcRawSpatialStacker.kt:3524:30: error: unresolved reference: GLES30
            GLES30.glDisable(GLES30.GL_BLEND)
                             ^
mnt/data/photon_26753_work/candidate/app/src/main/java/com/hinnka/mycamera/processor/GlesMgcRawSpatialStacker.kt:3540:9: error: unresolved reference: GLES30
        GLES30.glBindBuffer(GLES30.GL_PIXEL_PACK_BUFFER, 0)
        ^
mnt/data/photon_26753_work/candidate/app/src/main/java/com/hinnka/mycamera/processor/GlesMgcRawSpatialStacker.kt:3540:29: error: unresolved reference: GLES30
        GLES30.glBindBuffer(GLES30.GL_PIXEL_PACK_BUFFER, 0)
                            ^
mnt/data/photon_26753_work/candidate/app/src/main/java/com/hinnka/mycamera/processor/GlesMgcRawSpatialStacker.kt:3541:9: error: unresolved reference: GLES30
        GLES30.glPixelStorei(GLES30.GL_PACK_ALIGNMENT, 1)
        ^
mnt/data/photon_26753_work/candidate/app/src/main/java/com/hinnka/mycamera/processor/GlesMgcRawSpatialStacker.kt:3541:30: error: unresolved reference: GLES30
        GLES30.glPixelStorei(GLES30.GL_PACK_ALIGNMENT, 1)
                             ^
mnt/data/photon_26753_work/candidate/app/src/main/java/com/hinnka/mycamera/processor/GlesMgcRawSpatialStacker.kt:3542:9: error: unresolved reference: GLES30
        GLES30.glReadPixels(
        ^
mnt/data/photon_26753_work/candidate/app/src/main/java/com/hinnka/mycamera/processor/GlesMgcRawSpatialStacker.kt:3544:13: error: unresolved reference: GLES30
            GLES30.GL_RED, GLES30.GL_UNSIGNED_BYTE, readback,
            ^
mnt/data/photon_26753_work/candidate/app/src/main/java/com/hinnka/mycamera/processor/GlesMgcRawSpatialStacker.kt:3544:28: error: unresolved reference: GLES30
            GLES30.GL_RED, GLES30.GL_UNSIGNED_BYTE, readback,
                           ^
mnt/data/photon_26753_work/candidate/app/src/main/java/com/hinnka/mycamera/processor/GlesMgcRawSpatialStacker.kt:3546:9: error: unresolved reference: GLES30
        GLES30.glBindFramebuffer(GLES30.GL_FRAMEBUFFER, 0)
        ^
mnt/data/photon_26753_work/candidate/app/src/main/java/com/hinnka/mycamera/processor/GlesMgcRawSpatialStacker.kt:3546:34: error: unresolved reference: GLES30
        GLES30.glBindFramebuffer(GLES30.GL_FRAMEBUFFER, 0)
                                 ^
mnt/data/photon_26753_work/candidate/app/src/main/java/com/hinnka/mycamera/processor/GlesMgcRawSpatialStacker.kt:3590:22: error: unresolved reference: RawStackFrame
        frames: List<RawStackFrame>,
                     ^
mnt/data/photon_26753_work/candidate/app/src/main/java/com/hinnka/mycamera/processor/GlesMgcRawSpatialStacker.kt:3595:19: error: unresolved reference: RawNoiseModel
            ?.let(RawNoiseModel::fromCamera2NoiseProfile)
                  ^
mnt/data/photon_26753_work/candidate/app/src/main/java/com/hinnka/mycamera/processor/GlesMgcRawSpatialStacker.kt:3596:24: error: unresolved reference: it
            ?.takeIf { it.hasValidCamera2Profile }
                       ^
mnt/data/photon_26753_work/candidate/app/src/main/java/com/hinnka/mycamera/processor/GlesMgcRawSpatialStacker.kt:3623:9: error: unresolved reference: GLES30
        GLES30.glUseProgram(sabreExtractBayerProgram)
        ^
mnt/data/photon_26753_work/candidate/app/src/main/java/com/hinnka/mycamera/processor/GlesMgcRawSpatialStacker.kt:3637:27: error: unresolved reference: MgcSabreKernelTuning
        kernelParameters: MgcSabreKernelTuning.Parameters,
                          ^
mnt/data/photon_26753_work/candidate/app/src/main/java/com/hinnka/mycamera/processor/GlesMgcRawSpatialStacker.kt:3640:9: error: unresolved reference: GLES30
        GLES30.glUseProgram(program)
        ^
mnt/data/photon_26753_work/candidate/app/src/main/java/com/hinnka/mycamera/processor/GlesMgcRawSpatialStacker.kt:3700:20: error: unresolved reference: RawStackFrame
        reference: RawStackFrame,
                   ^
mnt/data/photon_26753_work/candidate/app/src/main/java/com/hinnka/mycamera/processor/GlesMgcRawSpatialStacker.kt:3701:16: error: unresolved reference: RawStackFrame
        frame: RawStackFrame,
               ^
mnt/data/photon_26753_work/candidate/app/src/main/java/com/hinnka/mycamera/processor/GlesMgcRawSpatialStacker.kt:3703:27: error: unresolved reference: RawBurstFrameRole
        if (frame.role != RawBurstFrameRole.SHADOW_LONG) return 1f
                          ^
mnt/data/photon_26753_work/candidate/app/src/main/java/com/hinnka/mycamera/processor/GlesMgcRawSpatialStacker.kt:3704:61: error: unresolved reference: it
        val referenceNs = reference.exposureTimeNs.takeIf { it > 0L } ?: return 1f
                                                            ^
mnt/data/photon_26753_work/candidate/app/src/main/java/com/hinnka/mycamera/processor/GlesMgcRawSpatialStacker.kt:3705:53: error: unresolved reference: it
        val frameNs = frame.exposureTimeNs.takeIf { it > 0L } ?: return 1f
                                                    ^
mnt/data/photon_26753_work/candidate/app/src/main/java/com/hinnka/mycamera/processor/GlesMgcRawSpatialStacker.kt:3742:36: error: unresolved reference: GLES30
            gridWidth, gridHeight, GLES30.GL_RGBA8, GLES30.GL_NEAREST,
                                   ^
mnt/data/photon_26753_work/candidate/app/src/main/java/com/hinnka/mycamera/processor/GlesMgcRawSpatialStacker.kt:3742:53: error: unresolved reference: GLES30
            gridWidth, gridHeight, GLES30.GL_RGBA8, GLES30.GL_NEAREST,
                                                    ^
mnt/data/photon_26753_work/candidate/app/src/main/java/com/hinnka/mycamera/processor/GlesMgcRawSpatialStacker.kt:3747:13: error: unresolved reference: GLES30
            GLES30.glUseProgram(program)
            ^
mnt/data/photon_26753_work/candidate/app/src/main/java/com/hinnka/mycamera/processor/GlesMgcRawSpatialStacker.kt:3757:13: error: unresolved reference: GLES30
            GLES30.glBindBuffer(GLES30.GL_PIXEL_PACK_BUFFER, 0)
            ^
mnt/data/photon_26753_work/candidate/app/src/main/java/com/hinnka/mycamera/processor/GlesMgcRawSpatialStacker.kt:3757:33: error: unresolved reference: GLES30
            GLES30.glBindBuffer(GLES30.GL_PIXEL_PACK_BUFFER, 0)
                                ^
mnt/data/photon_26753_work/candidate/app/src/main/java/com/hinnka/mycamera/processor/GlesMgcRawSpatialStacker.kt:3758:13: error: unresolved reference: GLES30
            GLES30.glPixelStorei(GLES30.GL_PACK_ALIGNMENT, 1)
            ^
mnt/data/photon_26753_work/candidate/app/src/main/java/com/hinnka/mycamera/processor/GlesMgcRawSpatialStacker.kt:3758:34: error: unresolved reference: GLES30
            GLES30.glPixelStorei(GLES30.GL_PACK_ALIGNMENT, 1)
                                 ^
mnt/data/photon_26753_work/candidate/app/src/main/java/com/hinnka/mycamera/processor/GlesMgcRawSpatialStacker.kt:3759:13: error: unresolved reference: GLES30
            GLES30.glReadPixels(
            ^
mnt/data/photon_26753_work/candidate/app/src/main/java/com/hinnka/mycamera/processor/GlesMgcRawSpatialStacker.kt:3761:17: error: unresolved reference: GLES30
                GLES30.GL_RGBA, GLES30.GL_UNSIGNED_BYTE, buffer,
                ^
mnt/data/photon_26753_work/candidate/app/src/main/java/com/hinnka/mycamera/processor/GlesMgcRawSpatialStacker.kt:3761:33: error: unresolved reference: GLES30
                GLES30.GL_RGBA, GLES30.GL_UNSIGNED_BYTE, buffer,
                                ^
mnt/data/photon_26753_work/candidate/app/src/main/java/com/hinnka/mycamera/processor/GlesMgcRawSpatialStacker.kt:3763:13: error: unresolved reference: GLES30
            GLES30.glBindFramebuffer(GLES30.GL_FRAMEBUFFER, 0)
            ^
mnt/data/photon_26753_work/candidate/app/src/main/java/com/hinnka/mycamera/processor/GlesMgcRawSpatialStacker.kt:3763:38: error: unresolved reference: GLES30
            GLES30.glBindFramebuffer(GLES30.GL_FRAMEBUFFER, 0)
                                     ^
mnt/data/photon_26753_work/candidate/app/src/main/java/com/hinnka/mycamera/processor/GlesMgcRawSpatialStacker.kt:3779:13: error: unresolved reference: PLog
            PLog.i(SABRE_TAG, "IRIS_26626_SHORT_COMPONENT_PROPAGATION_PROOF $details")
            ^
mnt/data/photon_26753_work/candidate/app/src/main/java/com/hinnka/mycamera/processor/GlesMgcRawSpatialStacker.kt:3780:13: error: unresolved reference: MotionTrace
            MotionTrace.processingState("IRIS_26626_SHORT_COMPONENT_PROPAGATION_PROOF", details)
            ^
mnt/data/photon_26753_work/candidate/app/src/main/java/com/hinnka/mycamera/processor/GlesMgcRawSpatialStacker.kt:3839:36: error: unresolved reference: GLES30
            gridWidth, gridHeight, GLES30.GL_RGBA16F, GLES30.GL_NEAREST,
                                   ^
mnt/data/photon_26753_work/candidate/app/src/main/java/com/hinnka/mycamera/processor/GlesMgcRawSpatialStacker.kt:3839:55: error: unresolved reference: GLES30
            gridWidth, gridHeight, GLES30.GL_RGBA16F, GLES30.GL_NEAREST,
                                                      ^
mnt/data/photon_26753_work/candidate/app/src/main/java/com/hinnka/mycamera/processor/GlesMgcRawSpatialStacker.kt:3841:59: error: unresolved reference: GLES30
        val trustA = createTexture(gridWidth, gridHeight, GLES30.GL_R8, GLES30.GL_LINEAR)
                                                          ^
mnt/data/photon_26753_work/candidate/app/src/main/java/com/hinnka/mycamera/processor/GlesMgcRawSpatialStacker.kt:3841:73: error: unresolved reference: GLES30
        val trustA = createTexture(gridWidth, gridHeight, GLES30.GL_R8, GLES30.GL_LINEAR)
                                                                        ^
mnt/data/photon_26753_work/candidate/app/src/main/java/com/hinnka/mycamera/processor/GlesMgcRawSpatialStacker.kt:3842:59: error: unresolved reference: GLES30
        val trustB = createTexture(gridWidth, gridHeight, GLES30.GL_R8, GLES30.GL_LINEAR)
                                                          ^
mnt/data/photon_26753_work/candidate/app/src/main/java/com/hinnka/mycamera/processor/GlesMgcRawSpatialStacker.kt:3842:73: error: unresolved reference: GLES30
        val trustB = createTexture(gridWidth, gridHeight, GLES30.GL_R8, GLES30.GL_LINEAR)
                                                                        ^
mnt/data/photon_26753_work/candidate/app/src/main/java/com/hinnka/mycamera/processor/GlesMgcRawSpatialStacker.kt:3845:9: error: unresolved reference: GLES30
        GLES30.glUseProgram(anchorProgram)
        ^
mnt/data/photon_26753_work/candidate/app/src/main/java/com/hinnka/mycamera/processor/GlesMgcRawSpatialStacker.kt:3887:62: error: unresolved reference: GLES30
        val seedProbe = createTexture(gridWidth, gridHeight, GLES30.GL_R8, GLES30.GL_NEAREST)
                                                             ^
mnt/data/photon_26753_work/candidate/app/src/main/java/com/hinnka/mycamera/processor/GlesMgcRawSpatialStacker.kt:3887:76: error: unresolved reference: GLES30
        val seedProbe = createTexture(gridWidth, gridHeight, GLES30.GL_R8, GLES30.GL_NEAREST)
                                                                           ^
mnt/data/photon_26753_work/candidate/app/src/main/java/com/hinnka/mycamera/processor/GlesMgcRawSpatialStacker.kt:3890:13: error: unresolved reference: GLES30
            GLES30.glUseProgram(propagationProgram)
            ^
mnt/data/photon_26753_work/candidate/app/src/main/java/com/hinnka/mycamera/processor/GlesMgcRawSpatialStacker.kt:3904:17: error: unresolved reference: GLES30
                GLES30.glUseProgram(propagationProgram)
                ^
mnt/data/photon_26753_work/candidate/app/src/main/java/com/hinnka/mycamera/processor/GlesMgcRawSpatialStacker.kt:3919:40: error: unresolved reference: GLES30
                gridWidth, gridHeight, GLES30.GL_RGBA16F, GLES30.GL_LINEAR,
                                       ^
mnt/data/photon_26753_work/candidate/app/src/main/java/com/hinnka/mycamera/processor/GlesMgcRawSpatialStacker.kt:3919:59: error: unresolved reference: GLES30
                gridWidth, gridHeight, GLES30.GL_RGBA16F, GLES30.GL_LINEAR,
                                                          ^
mnt/data/photon_26753_work/candidate/app/src/main/java/com/hinnka/mycamera/processor/GlesMgcRawSpatialStacker.kt:3922:40: error: unresolved reference: GLES30
                gridWidth, gridHeight, GLES30.GL_R8, GLES30.GL_NEAREST,
                                       ^
mnt/data/photon_26753_work/candidate/app/src/main/java/com/hinnka/mycamera/processor/GlesMgcRawSpatialStacker.kt:3922:54: error: unresolved reference: GLES30
                gridWidth, gridHeight, GLES30.GL_R8, GLES30.GL_NEAREST,
                                                     ^
mnt/data/photon_26753_work/candidate/app/src/main/java/com/hinnka/mycamera/processor/GlesMgcRawSpatialStacker.kt:3926:13: error: unresolved reference: GLES30
            GLES30.glUseProgram(effectiveFlowProgram)
            ^
mnt/data/photon_26753_work/candidate/app/src/main/java/com/hinnka/mycamera/processor/GlesMgcRawSpatialStacker.kt:3978:9: error: unresolved reference: GLES30
        GLES30.glUseProgram(program)
        ^
mnt/data/photon_26753_work/candidate/app/src/main/java/com/hinnka/mycamera/processor/GlesMgcRawSpatialStacker.kt:4041:36: error: unresolved reference: GLES30
            gridWidth, gridHeight, GLES30.GL_RGBA16F, GLES30.GL_NEAREST,
                                   ^
mnt/data/photon_26753_work/candidate/app/src/main/java/com/hinnka/mycamera/processor/GlesMgcRawSpatialStacker.kt:4041:55: error: unresolved reference: GLES30
            gridWidth, gridHeight, GLES30.GL_RGBA16F, GLES30.GL_NEAREST,
                                                      ^
mnt/data/photon_26753_work/candidate/app/src/main/java/com/hinnka/mycamera/processor/GlesMgcRawSpatialStacker.kt:4043:59: error: unresolved reference: GLES30
        val trustA = createTexture(gridWidth, gridHeight, GLES30.GL_R8, GLES30.GL_LINEAR)
                                                          ^
mnt/data/photon_26753_work/candidate/app/src/main/java/com/hinnka/mycamera/processor/GlesMgcRawSpatialStacker.kt:4043:73: error: unresolved reference: GLES30
        val trustA = createTexture(gridWidth, gridHeight, GLES30.GL_R8, GLES30.GL_LINEAR)
                                                                        ^
mnt/data/photon_26753_work/candidate/app/src/main/java/com/hinnka/mycamera/processor/GlesMgcRawSpatialStacker.kt:4044:59: error: unresolved reference: GLES30
        val trustB = createTexture(gridWidth, gridHeight, GLES30.GL_R8, GLES30.GL_LINEAR)
                                                          ^
mnt/data/photon_26753_work/candidate/app/src/main/java/com/hinnka/mycamera/processor/GlesMgcRawSpatialStacker.kt:4044:73: error: unresolved reference: GLES30
        val trustB = createTexture(gridWidth, gridHeight, GLES30.GL_R8, GLES30.GL_LINEAR)
                                                                        ^
mnt/data/photon_26753_work/candidate/app/src/main/java/com/hinnka/mycamera/processor/GlesMgcRawSpatialStacker.kt:4047:9: error: unresolved reference: GLES30
        GLES30.glUseProgram(anchorProgram)
        ^
mnt/data/photon_26753_work/candidate/app/src/main/java/com/hinnka/mycamera/processor/GlesMgcRawSpatialStacker.kt:4079:62: error: unresolved reference: GLES30
        val seedProbe = createTexture(gridWidth, gridHeight, GLES30.GL_R8, GLES30.GL_NEAREST)
                                                             ^
mnt/data/photon_26753_work/candidate/app/src/main/java/com/hinnka/mycamera/processor/GlesMgcRawSpatialStacker.kt:4079:76: error: unresolved reference: GLES30
        val seedProbe = createTexture(gridWidth, gridHeight, GLES30.GL_R8, GLES30.GL_NEAREST)
                                                                           ^
mnt/data/photon_26753_work/candidate/app/src/main/java/com/hinnka/mycamera/processor/GlesMgcRawSpatialStacker.kt:4082:13: error: unresolved reference: GLES30
            GLES30.glUseProgram(propagationProgram)
            ^
mnt/data/photon_26753_work/candidate/app/src/main/java/com/hinnka/mycamera/processor/GlesMgcRawSpatialStacker.kt:4095:17: error: unresolved reference: GLES30
                GLES30.glUseProgram(propagationProgram)
                ^
mnt/data/photon_26753_work/candidate/app/src/main/java/com/hinnka/mycamera/processor/GlesMgcRawSpatialStacker.kt:4129:9: error: unresolved reference: GLES30
        GLES30.glUseProgram(program)
        ^
mnt/data/photon_26753_work/candidate/app/src/main/java/com/hinnka/mycamera/processor/GlesMgcRawSpatialStacker.kt:4159:9: error: unresolved reference: GLES30
        GLES30.glViewport(0, 0, textureWidth, textureHeight)
        ^
mnt/data/photon_26753_work/candidate/app/src/main/java/com/hinnka/mycamera/processor/GlesMgcRawSpatialStacker.kt:4160:9: error: unresolved reference: GLES30
        GLES30.glClearBufferfv(GLES30.GL_COLOR, 0, floatArrayOf(0f, 0f, 0f, 0f), 0)
        ^
mnt/data/photon_26753_work/candidate/app/src/main/java/com/hinnka/mycamera/processor/GlesMgcRawSpatialStacker.kt:4160:32: error: unresolved reference: GLES30
        GLES30.glClearBufferfv(GLES30.GL_COLOR, 0, floatArrayOf(0f, 0f, 0f, 0f), 0)
                               ^
mnt/data/photon_26753_work/candidate/app/src/main/java/com/hinnka/mycamera/processor/GlesMgcRawSpatialStacker.kt:4161:9: error: unresolved reference: GLES30
        GLES30.glBindFramebuffer(GLES30.GL_FRAMEBUFFER, 0)
        ^
mnt/data/photon_26753_work/candidate/app/src/main/java/com/hinnka/mycamera/processor/GlesMgcRawSpatialStacker.kt:4161:34: error: unresolved reference: GLES30
        GLES30.glBindFramebuffer(GLES30.GL_FRAMEBUFFER, 0)
                                 ^
mnt/data/photon_26753_work/candidate/app/src/main/java/com/hinnka/mycamera/processor/GlesMgcRawSpatialStacker.kt:4182:9: error: unresolved reference: GLES30
        GLES30.glUseProgram(program)
        ^
mnt/data/photon_26753_work/candidate/app/src/main/java/com/hinnka/mycamera/processor/GlesMgcRawSpatialStacker.kt:4197:9: error: unresolved reference: GLES30
        GLES30.glUseProgram(program)
        ^
mnt/data/photon_26753_work/candidate/app/src/main/java/com/hinnka/mycamera/processor/GlesMgcRawSpatialStacker.kt:4217:38: error: unresolved reference: GLES30
            probeWidth, probeHeight, GLES30.GL_RGBA8, GLES30.GL_NEAREST,
                                     ^
mnt/data/photon_26753_work/candidate/app/src/main/java/com/hinnka/mycamera/processor/GlesMgcRawSpatialStacker.kt:4217:55: error: unresolved reference: GLES30
            probeWidth, probeHeight, GLES30.GL_RGBA8, GLES30.GL_NEAREST,
                                                      ^
mnt/data/photon_26753_work/candidate/app/src/main/java/com/hinnka/mycamera/processor/GlesMgcRawSpatialStacker.kt:4222:13: error: unresolved reference: GLES30
            GLES30.glUseProgram(program)
            ^
mnt/data/photon_26753_work/candidate/app/src/main/java/com/hinnka/mycamera/processor/GlesMgcRawSpatialStacker.kt:4233:13: error: unresolved reference: GLES30
            GLES30.glBindBuffer(GLES30.GL_PIXEL_PACK_BUFFER, 0)
            ^
mnt/data/photon_26753_work/candidate/app/src/main/java/com/hinnka/mycamera/processor/GlesMgcRawSpatialStacker.kt:4233:33: error: unresolved reference: GLES30
            GLES30.glBindBuffer(GLES30.GL_PIXEL_PACK_BUFFER, 0)
                                ^
mnt/data/photon_26753_work/candidate/app/src/main/java/com/hinnka/mycamera/processor/GlesMgcRawSpatialStacker.kt:4234:13: error: unresolved reference: GLES30
            GLES30.glPixelStorei(GLES30.GL_PACK_ALIGNMENT, 1)
            ^
mnt/data/photon_26753_work/candidate/app/src/main/java/com/hinnka/mycamera/processor/GlesMgcRawSpatialStacker.kt:4234:34: error: unresolved reference: GLES30
            GLES30.glPixelStorei(GLES30.GL_PACK_ALIGNMENT, 1)
                                 ^
mnt/data/photon_26753_work/candidate/app/src/main/java/com/hinnka/mycamera/processor/GlesMgcRawSpatialStacker.kt:4235:13: error: unresolved reference: GLES30
            GLES30.glReadPixels(
            ^
mnt/data/photon_26753_work/candidate/app/src/main/java/com/hinnka/mycamera/processor/GlesMgcRawSpatialStacker.kt:4237:17: error: unresolved reference: GLES30
                GLES30.GL_RGBA, GLES30.GL_UNSIGNED_BYTE, buffer,
                ^
mnt/data/photon_26753_work/candidate/app/src/main/java/com/hinnka/mycamera/processor/GlesMgcRawSpatialStacker.kt:4237:33: error: unresolved reference: GLES30
                GLES30.GL_RGBA, GLES30.GL_UNSIGNED_BYTE, buffer,
                                ^
mnt/data/photon_26753_work/candidate/app/src/main/java/com/hinnka/mycamera/processor/GlesMgcRawSpatialStacker.kt:4239:13: error: unresolved reference: GLES30
            GLES30.glBindFramebuffer(GLES30.GL_FRAMEBUFFER, 0)
            ^
mnt/data/photon_26753_work/candidate/app/src/main/java/com/hinnka/mycamera/processor/GlesMgcRawSpatialStacker.kt:4239:38: error: unresolved reference: GLES30
            GLES30.glBindFramebuffer(GLES30.GL_FRAMEBUFFER, 0)
                                     ^
mnt/data/photon_26753_work/candidate/app/src/main/java/com/hinnka/mycamera/processor/GlesMgcRawSpatialStacker.kt:4280:13: error: unresolved reference: PLog
            PLog.i(SABRE_TAG, "IRIS_26626_SHORT_ACCUMULATOR_CONTRIBUTION $details")
            ^
mnt/data/photon_26753_work/candidate/app/src/main/java/com/hinnka/mycamera/processor/GlesMgcRawSpatialStacker.kt:4281:13: error: unresolved reference: MotionTrace
            MotionTrace.processingState("IRIS_26626_SHORT_ACCUMULATOR_CONTRIBUTION", details)
            ^
mnt/data/photon_26753_work/candidate/app/src/main/java/com/hinnka/mycamera/processor/GlesMgcRawSpatialStacker.kt:4324:9: error: unresolved reference: PLog
        PLog.i(SABRE_TAG, "$marker $details")
        ^
mnt/data/photon_26753_work/candidate/app/src/main/java/com/hinnka/mycamera/processor/GlesMgcRawSpatialStacker.kt:4325:9: error: unresolved reference: MotionTrace
        MotionTrace.processingState(marker, details)
        ^
mnt/data/photon_26753_work/candidate/app/src/main/java/com/hinnka/mycamera/processor/GlesMgcRawSpatialStacker.kt:4371:9: error: unresolved reference: PLog
        PLog.i(SABRE_TAG, "IRIS_26624_SHORT_COMPONENT_RECOVERY $details")
        ^
mnt/data/photon_26753_work/candidate/app/src/main/java/com/hinnka/mycamera/processor/GlesMgcRawSpatialStacker.kt:4372:9: error: unresolved reference: MotionTrace
        MotionTrace.processingState("IRIS_26624_SHORT_COMPONENT_RECOVERY", details)
        ^
mnt/data/photon_26753_work/candidate/app/src/main/java/com/hinnka/mycamera/processor/GlesMgcRawSpatialStacker.kt:4467:13: error: unresolved reference: PLog
            PLog.i(SABRE_TAG, "IRIS_26638_SHORT_COMPONENT_SPATIAL_PROOF $details")
            ^
mnt/data/photon_26753_work/candidate/app/src/main/java/com/hinnka/mycamera/processor/GlesMgcRawSpatialStacker.kt:4468:13: error: unresolved reference: MotionTrace
            MotionTrace.processingState("IRIS_26638_SHORT_COMPONENT_SPATIAL_PROOF", details)
            ^
mnt/data/photon_26753_work/candidate/app/src/main/java/com/hinnka/mycamera/processor/GlesMgcRawSpatialStacker.kt:4473:9: error: unresolved reference: PLog
        PLog.i(SABRE_TAG, "IRIS_26638_SHORT_COMPONENT_SPATIAL_SUMMARY $summary")
        ^
mnt/data/photon_26753_work/candidate/app/src/main/java/com/hinnka/mycamera/processor/GlesMgcRawSpatialStacker.kt:4474:9: error: unresolved reference: MotionTrace
        MotionTrace.processingState("IRIS_26638_SHORT_COMPONENT_SPATIAL_SUMMARY", summary)
        ^
mnt/data/photon_26753_work/candidate/app/src/main/java/com/hinnka/mycamera/processor/GlesMgcRawSpatialStacker.kt:4490:35: error: unresolved reference: RawStackFrame
        rowFlickerReference26720: RawStackFrame? = null,
                                  ^
mnt/data/photon_26753_work/candidate/app/src/main/java/com/hinnka/mycamera/processor/GlesMgcRawSpatialStacker.kt:4491:33: error: unresolved reference: RawStackFrame
        rowFlickerCurrent26720: RawStackFrame? = null,
                                ^
mnt/data/photon_26753_work/candidate/app/src/main/java/com/hinnka/mycamera/processor/GlesMgcRawSpatialStacker.kt:4494:9: error: unresolved reference: GLES30
        GLES30.glUseProgram(program)
        ^
mnt/data/photon_26753_work/candidate/app/src/main/java/com/hinnka/mycamera/processor/GlesMgcRawSpatialStacker.kt:4516:13: error: unresolved reference: MgcSabreRejectionTuning
            MgcSabreRejectionTuning.COLOR_DIFFERENCE_RGB * durationRobustness,
            ^
mnt/data/photon_26753_work/candidate/app/src/main/java/com/hinnka/mycamera/processor/GlesMgcRawSpatialStacker.kt:4517:13: error: unresolved reference: MgcSabreRejectionTuning
            MgcSabreRejectionTuning.COLOR_DIFFERENCE_GREEN * durationRobustness,
            ^
mnt/data/photon_26753_work/candidate/app/src/main/java/com/hinnka/mycamera/processor/GlesMgcRawSpatialStacker.kt:4520:13: error: unresolved reference: MgcSabreRejectionTuning
            MgcSabreRejectionTuning.flowVariationThresholds(ceilDiv(width, 2))
            ^
mnt/data/photon_26753_work/candidate/app/src/main/java/com/hinnka/mycamera/processor/GlesMgcRawSpatialStacker.kt:4529:13: error: unresolved reference: MgcSabreRejectionTuning
            MgcSabreRejectionTuning.EXTRA_MOTION_ROBUSTNESS_BOOST,
            ^
mnt/data/photon_26753_work/candidate/app/src/main/java/com/hinnka/mycamera/processor/GlesMgcRawSpatialStacker.kt:4534:13: error: unresolved reference: MgcSabreRejectionTuning
            MgcSabreRejectionTuning.MOTION_ROBUSTNESS_VARIANCE_THRESHOLD,
            ^
mnt/data/photon_26753_work/candidate/app/src/main/java/com/hinnka/mycamera/processor/GlesMgcRawSpatialStacker.kt:4574:9: error: unresolved reference: GLES30
        GLES30.glUseProgram(program)
        ^
mnt/data/photon_26753_work/candidate/app/src/main/java/com/hinnka/mycamera/processor/GlesMgcRawSpatialStacker.kt:4577:9: error: unresolved reference: GLES30
        GLES30.glEnable(GLES30.GL_BLEND)
        ^
mnt/data/photon_26753_work/candidate/app/src/main/java/com/hinnka/mycamera/processor/GlesMgcRawSpatialStacker.kt:4577:25: error: unresolved reference: GLES30
        GLES30.glEnable(GLES30.GL_BLEND)
                        ^
mnt/data/photon_26753_work/candidate/app/src/main/java/com/hinnka/mycamera/processor/GlesMgcRawSpatialStacker.kt:4579:13: error: unresolved reference: GLES30
            GLES30.glBlendEquation(GLES30.GL_FUNC_ADD)
            ^
mnt/data/photon_26753_work/candidate/app/src/main/java/com/hinnka/mycamera/processor/GlesMgcRawSpatialStacker.kt:4579:36: error: unresolved reference: GLES30
            GLES30.glBlendEquation(GLES30.GL_FUNC_ADD)
                                   ^
mnt/data/photon_26753_work/candidate/app/src/main/java/com/hinnka/mycamera/processor/GlesMgcRawSpatialStacker.kt:4580:13: error: unresolved reference: GLES30
            GLES30.glBlendFunc(GLES30.GL_ONE, GLES30.GL_ONE)
            ^
mnt/data/photon_26753_work/candidate/app/src/main/java/com/hinnka/mycamera/processor/GlesMgcRawSpatialStacker.kt:4580:32: error: unresolved reference: GLES30
            GLES30.glBlendFunc(GLES30.GL_ONE, GLES30.GL_ONE)
                               ^
mnt/data/photon_26753_work/candidate/app/src/main/java/com/hinnka/mycamera/processor/GlesMgcRawSpatialStacker.kt:4580:47: error: unresolved reference: GLES30
            GLES30.glBlendFunc(GLES30.GL_ONE, GLES30.GL_ONE)
                                              ^
mnt/data/photon_26753_work/candidate/app/src/main/java/com/hinnka/mycamera/processor/GlesMgcRawSpatialStacker.kt:4589:13: error: unresolved reference: GLES30
            GLES30.glDisable(GLES30.GL_BLEND)
            ^
mnt/data/photon_26753_work/candidate/app/src/main/java/com/hinnka/mycamera/processor/GlesMgcRawSpatialStacker.kt:4589:30: error: unresolved reference: GLES30
            GLES30.glDisable(GLES30.GL_BLEND)
                             ^
mnt/data/photon_26753_work/candidate/app/src/main/java/com/hinnka/mycamera/processor/GlesMgcRawSpatialStacker.kt:4606:17: error: unresolved reference: GlesMgcRawSabreShaders
                GlesMgcRawSabreShaders.copyMaskShadowLong26558,
                ^
mnt/data/photon_26753_work/candidate/app/src/main/java/com/hinnka/mycamera/processor/GlesMgcRawSpatialStacker.kt:4611:9: error: unresolved reference: GLES30
        GLES30.glUseProgram(program)
        ^
mnt/data/photon_26753_work/candidate/app/src/main/java/com/hinnka/mycamera/processor/GlesMgcRawSpatialStacker.kt:4627:9: error: unresolved reference: GLES30
        GLES30.glEnable(GLES30.GL_BLEND)
        ^
mnt/data/photon_26753_work/candidate/app/src/main/java/com/hinnka/mycamera/processor/GlesMgcRawSpatialStacker.kt:4627:25: error: unresolved reference: GLES30
        GLES30.glEnable(GLES30.GL_BLEND)
                        ^
mnt/data/photon_26753_work/candidate/app/src/main/java/com/hinnka/mycamera/processor/GlesMgcRawSpatialStacker.kt:4629:13: error: unresolved reference: GLES30
            GLES30.glBlendEquation(GLES30.GL_FUNC_ADD)
            ^
mnt/data/photon_26753_work/candidate/app/src/main/java/com/hinnka/mycamera/processor/GlesMgcRawSpatialStacker.kt:4629:36: error: unresolved reference: GLES30
            GLES30.glBlendEquation(GLES30.GL_FUNC_ADD)
                                   ^
mnt/data/photon_26753_work/candidate/app/src/main/java/com/hinnka/mycamera/processor/GlesMgcRawSpatialStacker.kt:4630:13: error: unresolved reference: GLES30
            GLES30.glBlendFunc(GLES30.GL_ONE, GLES30.GL_ONE)
            ^
mnt/data/photon_26753_work/candidate/app/src/main/java/com/hinnka/mycamera/processor/GlesMgcRawSpatialStacker.kt:4630:32: error: unresolved reference: GLES30
            GLES30.glBlendFunc(GLES30.GL_ONE, GLES30.GL_ONE)
                               ^
mnt/data/photon_26753_work/candidate/app/src/main/java/com/hinnka/mycamera/processor/GlesMgcRawSpatialStacker.kt:4630:47: error: unresolved reference: GLES30
            GLES30.glBlendFunc(GLES30.GL_ONE, GLES30.GL_ONE)
                                              ^
mnt/data/photon_26753_work/candidate/app/src/main/java/com/hinnka/mycamera/processor/GlesMgcRawSpatialStacker.kt:4639:13: error: unresolved reference: GLES30
            GLES30.glDisable(GLES30.GL_BLEND)
            ^
mnt/data/photon_26753_work/candidate/app/src/main/java/com/hinnka/mycamera/processor/GlesMgcRawSpatialStacker.kt:4639:30: error: unresolved reference: GLES30
            GLES30.glDisable(GLES30.GL_BLEND)
                             ^
mnt/data/photon_26753_work/candidate/app/src/main/java/com/hinnka/mycamera/processor/GlesMgcRawSpatialStacker.kt:4685:9: error: unresolved reference: GLES30
        GLES30.glUseProgram(program)
        ^
mnt/data/photon_26753_work/candidate/app/src/main/java/com/hinnka/mycamera/processor/GlesMgcRawSpatialStacker.kt:4733:60: error: unresolved reference: GLES30
        val probe = createTexture(probeWidth, probeHeight, GLES30.GL_RGBA16F, GLES30.GL_NEAREST)
                                                           ^
mnt/data/photon_26753_work/candidate/app/src/main/java/com/hinnka/mycamera/processor/GlesMgcRawSpatialStacker.kt:4733:79: error: unresolved reference: GLES30
        val probe = createTexture(probeWidth, probeHeight, GLES30.GL_RGBA16F, GLES30.GL_NEAREST)
                                                                              ^
mnt/data/photon_26753_work/candidate/app/src/main/java/com/hinnka/mycamera/processor/GlesMgcRawSpatialStacker.kt:4738:13: error: unresolved reference: GLES30
            GLES30.glUseProgram(program)
            ^
mnt/data/photon_26753_work/candidate/app/src/main/java/com/hinnka/mycamera/processor/GlesMgcRawSpatialStacker.kt:4744:13: error: unresolved reference: GlesGpuScheduler
            GlesGpuScheduler.memoryBarrier()
            ^
mnt/data/photon_26753_work/candidate/app/src/main/java/com/hinnka/mycamera/processor/GlesMgcRawSpatialStacker.kt:4746:13: error: unresolved reference: GLES30
            GLES30.glBindBuffer(GLES30.GL_PIXEL_PACK_BUFFER, 0)
            ^
mnt/data/photon_26753_work/candidate/app/src/main/java/com/hinnka/mycamera/processor/GlesMgcRawSpatialStacker.kt:4746:33: error: unresolved reference: GLES30
            GLES30.glBindBuffer(GLES30.GL_PIXEL_PACK_BUFFER, 0)
                                ^
mnt/data/photon_26753_work/candidate/app/src/main/java/com/hinnka/mycamera/processor/GlesMgcRawSpatialStacker.kt:4747:13: error: unresolved reference: GLES30
            GLES30.glPixelStorei(GLES30.GL_PACK_ALIGNMENT, 1)
            ^
mnt/data/photon_26753_work/candidate/app/src/main/java/com/hinnka/mycamera/processor/GlesMgcRawSpatialStacker.kt:4747:34: error: unresolved reference: GLES30
            GLES30.glPixelStorei(GLES30.GL_PACK_ALIGNMENT, 1)
                                 ^
mnt/data/photon_26753_work/candidate/app/src/main/java/com/hinnka/mycamera/processor/GlesMgcRawSpatialStacker.kt:4748:13: error: unresolved reference: GLES30
            GLES30.glReadPixels(
            ^
mnt/data/photon_26753_work/candidate/app/src/main/java/com/hinnka/mycamera/processor/GlesMgcRawSpatialStacker.kt:4750:17: error: unresolved reference: GLES30
                GLES30.GL_RGBA, GLES30.GL_HALF_FLOAT, readback,
                ^
mnt/data/photon_26753_work/candidate/app/src/main/java/com/hinnka/mycamera/processor/GlesMgcRawSpatialStacker.kt:4750:33: error: unresolved reference: GLES30
                GLES30.GL_RGBA, GLES30.GL_HALF_FLOAT, readback,
                                ^
mnt/data/photon_26753_work/candidate/app/src/main/java/com/hinnka/mycamera/processor/GlesMgcRawSpatialStacker.kt:4752:13: error: unresolved reference: GLES30
            GLES30.glBindFramebuffer(GLES30.GL_FRAMEBUFFER, 0)
            ^
mnt/data/photon_26753_work/candidate/app/src/main/java/com/hinnka/mycamera/processor/GlesMgcRawSpatialStacker.kt:4752:38: error: unresolved reference: GLES30
            GLES30.glBindFramebuffer(GLES30.GL_FRAMEBUFFER, 0)
                                     ^
mnt/data/photon_26753_work/candidate/app/src/main/java/com/hinnka/mycamera/processor/GlesMgcRawSpatialStacker.kt:4769:30: error: unresolved reference: Half
                val normal = Half.toFloat(half.get(index * 4)).toDouble()
                             ^
mnt/data/photon_26753_work/candidate/app/src/main/java/com/hinnka/mycamera/processor/GlesMgcRawSpatialStacker.kt:4770:29: error: unresolved reference: Half
                val short = Half.toFloat(half.get(index * 4 + 1)).toDouble()
                            ^
mnt/data/photon_26753_work/candidate/app/src/main/java/com/hinnka/mycamera/processor/GlesMgcRawSpatialStacker.kt:4771:35: error: unresolved reference: Half
                val shortWeight = Half.toFloat(half.get(index * 4 + 2)).toDouble().coerceIn(0.0, 1.0)
                                  ^
mnt/data/photon_26753_work/candidate/app/src/main/java/com/hinnka/mycamera/processor/GlesMgcRawSpatialStacker.kt:4772:36: error: unresolved reference: Half
                val decisionNorm = Half.toFloat(half.get(index * 4 + 3)).toDouble()
                                   ^
mnt/data/photon_26753_work/candidate/app/src/main/java/com/hinnka/mycamera/processor/GlesMgcRawSpatialStacker.kt:4775:27: error: overload resolution ambiguity: 
public final operator fun plus(other: Byte): Double defined in kotlin.Double
public final operator fun plus(other: Double): Double defined in kotlin.Double
public final operator fun plus(other: Float): Double defined in kotlin.Double
public final operator fun plus(other: Int): Double defined in kotlin.Double
public final operator fun plus(other: Long): Double defined in kotlin.Double
public final operator fun plus(other: Short): Double defined in kotlin.Double
                normalSum += normal
                          ^
mnt/data/photon_26753_work/candidate/app/src/main/java/com/hinnka/mycamera/processor/GlesMgcRawSpatialStacker.kt:4776:32: error: overload resolution ambiguity: 
public final operator fun plus(other: Byte): Double defined in kotlin.Double
public final operator fun plus(other: Double): Double defined in kotlin.Double
public final operator fun plus(other: Float): Double defined in kotlin.Double
public final operator fun plus(other: Int): Double defined in kotlin.Double
public final operator fun plus(other: Long): Double defined in kotlin.Double
public final operator fun plus(other: Short): Double defined in kotlin.Double
                shortWeightSum += shortWeight
                               ^
mnt/data/photon_26753_work/candidate/app/src/main/java/com/hinnka/mycamera/processor/GlesMgcRawSpatialStacker.kt:4777:34: error: overload resolution ambiguity: 
public final operator fun minus(other: Byte): Double defined in kotlin.Double
public final operator fun minus(other: Double): Double defined in kotlin.Double
public final operator fun minus(other: Float): Double defined in kotlin.Double
public final operator fun minus(other: Int): Double defined in kotlin.Double
public final operator fun minus(other: Long): Double defined in kotlin.Double
public final operator fun minus(other: Short): Double defined in kotlin.Double
                fusedSum += (1.0 - shortWeight) * normal + shortWeight * short
                                 ^
mnt/data/photon_26753_work/candidate/app/src/main/java/com/hinnka/mycamera/processor/GlesMgcRawSpatialStacker.kt:4795:30: error: overload resolution ambiguity: 
public final operator fun plus(other: Byte): Double defined in kotlin.Double
public final operator fun plus(other: Double): Double defined in kotlin.Double
public final operator fun plus(other: Float): Double defined in kotlin.Double
public final operator fun plus(other: Int): Double defined in kotlin.Double
public final operator fun plus(other: Long): Double defined in kotlin.Double
public final operator fun plus(other: Short): Double defined in kotlin.Double
                    shortSum += short
                             ^
mnt/data/photon_26753_work/candidate/app/src/main/java/com/hinnka/mycamera/processor/GlesMgcRawSpatialStacker.kt:4811:13: error: unresolved reference: PLog
            PLog.i(SABRE_TAG, "IRIS_26706_FUSION_DECISION_SAMPLE $details")
            ^
mnt/data/photon_26753_work/candidate/app/src/main/java/com/hinnka/mycamera/processor/GlesMgcRawSpatialStacker.kt:4812:13: error: unresolved reference: MotionTrace
            MotionTrace.processingState("IRIS_26706_FUSION_DECISION_SAMPLE", details)
            ^
mnt/data/photon_26753_work/candidate/app/src/main/java/com/hinnka/mycamera/processor/GlesMgcRawSpatialStacker.kt:4813:13: error: unresolved reference: PLog
            PLog.i(SABRE_TAG, "IRIS_26708_COMPACT_SHORT_AUTHORITY width=$probeWidth height=$probeHeight active=$activeCount")
            ^
mnt/data/photon_26753_work/candidate/app/src/main/java/com/hinnka/mycamera/processor/GlesMgcRawSpatialStacker.kt:4829:9: error: unresolved reference: GLES30
        GLES30.glUseProgram(program)
        ^
mnt/data/photon_26753_work/candidate/app/src/main/java/com/hinnka/mycamera/processor/GlesMgcRawSpatialStacker.kt:4834:9: error: unresolved reference: GLES30
        GLES30.glEnable(GLES30.GL_BLEND)
        ^
mnt/data/photon_26753_work/candidate/app/src/main/java/com/hinnka/mycamera/processor/GlesMgcRawSpatialStacker.kt:4834:25: error: unresolved reference: GLES30
        GLES30.glEnable(GLES30.GL_BLEND)
                        ^
mnt/data/photon_26753_work/candidate/app/src/main/java/com/hinnka/mycamera/processor/GlesMgcRawSpatialStacker.kt:4836:13: error: unresolved reference: GLES30
            GLES30.glBlendEquation(GLES30.GL_FUNC_ADD)
            ^
mnt/data/photon_26753_work/candidate/app/src/main/java/com/hinnka/mycamera/processor/GlesMgcRawSpatialStacker.kt:4836:36: error: unresolved reference: GLES30
            GLES30.glBlendEquation(GLES30.GL_FUNC_ADD)
                                   ^
mnt/data/photon_26753_work/candidate/app/src/main/java/com/hinnka/mycamera/processor/GlesMgcRawSpatialStacker.kt:4837:13: error: unresolved reference: GLES30
            GLES30.glBlendFunc(GLES30.GL_ONE, GLES30.GL_ONE)
            ^
mnt/data/photon_26753_work/candidate/app/src/main/java/com/hinnka/mycamera/processor/GlesMgcRawSpatialStacker.kt:4837:32: error: unresolved reference: GLES30
            GLES30.glBlendFunc(GLES30.GL_ONE, GLES30.GL_ONE)
                               ^
mnt/data/photon_26753_work/candidate/app/src/main/java/com/hinnka/mycamera/processor/GlesMgcRawSpatialStacker.kt:4837:47: error: unresolved reference: GLES30
            GLES30.glBlendFunc(GLES30.GL_ONE, GLES30.GL_ONE)
                                              ^
mnt/data/photon_26753_work/candidate/app/src/main/java/com/hinnka/mycamera/processor/GlesMgcRawSpatialStacker.kt:4840:13: error: unresolved reference: GLES30
            GLES30.glDisable(GLES30.GL_BLEND)
            ^
mnt/data/photon_26753_work/candidate/app/src/main/java/com/hinnka/mycamera/processor/GlesMgcRawSpatialStacker.kt:4840:30: error: unresolved reference: GLES30
            GLES30.glDisable(GLES30.GL_BLEND)
                             ^
mnt/data/photon_26753_work/candidate/app/src/main/java/com/hinnka/mycamera/processor/GlesMgcRawSpatialStacker.kt:4892:9: error: unresolved reference: PLog
        PLog.i(SABRE_TAG, "IRIS_26651_NORMAL_MASTER_SHORT_FUSION $details")
        ^
mnt/data/photon_26753_work/candidate/app/src/main/java/com/hinnka/mycamera/processor/GlesMgcRawSpatialStacker.kt:4893:9: error: unresolved reference: MotionTrace
        MotionTrace.processingState("IRIS_26651_NORMAL_MASTER_SHORT_FUSION", details)
        ^
mnt/data/photon_26753_work/candidate/app/src/main/java/com/hinnka/mycamera/processor/GlesMgcRawSpatialStacker.kt:4896:51: error: unresolved reference: RawStackFrame
    private fun hasRowFlickerEvidence26720(frame: RawStackFrame): Boolean =
                                                  ^
mnt/data/photon_26753_work/candidate/app/src/main/java/com/hinnka/mycamera/processor/GlesMgcRawSpatialStacker.kt:4897:23: error: unresolved reference: RawBurstFrameRole
        frame.role == RawBurstFrameRole.NORMAL && frame.rowFlickerHarmonic > 0 &&
                      ^
mnt/data/photon_26753_work/candidate/app/src/main/java/com/hinnka/mycamera/processor/GlesMgcRawSpatialStacker.kt:4902:16: error: unresolved reference: RawStackFrame
        frame: RawStackFrame,
               ^
mnt/data/photon_26753_work/candidate/app/src/main/java/com/hinnka/mycamera/processor/GlesMgcRawSpatialStacker.kt:4903:20: error: unresolved reference: RawStackFrame
        reference: RawStackFrame,
                   ^
mnt/data/photon_26753_work/candidate/app/src/main/java/com/hinnka/mycamera/processor/GlesMgcRawSpatialStacker.kt:4915:43: error: overload resolution ambiguity: 
public final operator fun times(other: Byte): Float defined in kotlin.Float
public final operator fun times(other: Double): Double defined in kotlin.Float
public final operator fun times(other: Float): Float defined in kotlin.Float
public final operator fun times(other: Int): Float defined in kotlin.Float
public final operator fun times(other: Long): Float defined in kotlin.Float
public final operator fun times(other: Short): Float defined in kotlin.Float
            val smooth = t * t * (3f - 2f * t)
                                          ^
mnt/data/photon_26753_work/candidate/app/src/main/java/com/hinnka/mycamera/processor/GlesMgcRawSpatialStacker.kt:4916:25: error: overload resolution ambiguity: 
public final operator fun times(other: Byte): Float defined in kotlin.Float
public final operator fun times(other: Double): Double defined in kotlin.Float
public final operator fun times(other: Float): Float defined in kotlin.Float
public final operator fun times(other: Int): Float defined in kotlin.Float
public final operator fun times(other: Long): Float defined in kotlin.Float
public final operator fun times(other: Short): Float defined in kotlin.Float
            (1f - 0.40f * smooth).coerceIn(0.60f, 1f)
                        ^
mnt/data/photon_26753_work/candidate/app/src/main/java/com/hinnka/mycamera/processor/GlesMgcRawSpatialStacker.kt:4936:31: error: unresolved reference: RawStackFrame
        rowFlickerFrame26720: RawStackFrame? = null,
                              ^
mnt/data/photon_26753_work/candidate/app/src/main/java/com/hinnka/mycamera/processor/GlesMgcRawSpatialStacker.kt:4940:9: error: unresolved reference: GLES30
        GLES30.glUseProgram(program)
        ^
mnt/data/photon_26753_work/candidate/app/src/main/java/com/hinnka/mycamera/processor/GlesMgcRawSpatialStacker.kt:4984:9: error: unresolved reference: GLES30
        GLES30.glEnable(GLES30.GL_BLEND)
        ^
mnt/data/photon_26753_work/candidate/app/src/main/java/com/hinnka/mycamera/processor/GlesMgcRawSpatialStacker.kt:4984:25: error: unresolved reference: GLES30
        GLES30.glEnable(GLES30.GL_BLEND)
                        ^
mnt/data/photon_26753_work/candidate/app/src/main/java/com/hinnka/mycamera/processor/GlesMgcRawSpatialStacker.kt:4986:13: error: unresolved reference: GLES30
            GLES30.glBlendEquation(GLES30.GL_FUNC_ADD)
            ^
mnt/data/photon_26753_work/candidate/app/src/main/java/com/hinnka/mycamera/processor/GlesMgcRawSpatialStacker.kt:4986:36: error: unresolved reference: GLES30
            GLES30.glBlendEquation(GLES30.GL_FUNC_ADD)
                                   ^
mnt/data/photon_26753_work/candidate/app/src/main/java/com/hinnka/mycamera/processor/GlesMgcRawSpatialStacker.kt:4987:13: error: unresolved reference: GLES30
            GLES30.glBlendFunc(GLES30.GL_ONE, GLES30.GL_ONE)
            ^
mnt/data/photon_26753_work/candidate/app/src/main/java/com/hinnka/mycamera/processor/GlesMgcRawSpatialStacker.kt:4987:32: error: unresolved reference: GLES30
            GLES30.glBlendFunc(GLES30.GL_ONE, GLES30.GL_ONE)
                               ^
mnt/data/photon_26753_work/candidate/app/src/main/java/com/hinnka/mycamera/processor/GlesMgcRawSpatialStacker.kt:4987:47: error: unresolved reference: GLES30
            GLES30.glBlendFunc(GLES30.GL_ONE, GLES30.GL_ONE)
                                              ^
mnt/data/photon_26753_work/candidate/app/src/main/java/com/hinnka/mycamera/processor/GlesMgcRawSpatialStacker.kt:5000:13: error: unresolved reference: GLES30
            GLES30.glDisable(GLES30.GL_BLEND)
            ^
mnt/data/photon_26753_work/candidate/app/src/main/java/com/hinnka/mycamera/processor/GlesMgcRawSpatialStacker.kt:5000:30: error: unresolved reference: GLES30
            GLES30.glDisable(GLES30.GL_BLEND)
                             ^
mnt/data/photon_26753_work/candidate/app/src/main/java/com/hinnka/mycamera/processor/GlesMgcRawSpatialStacker.kt:5011:9: error: unresolved reference: GLES30
        GLES30.glViewport(0, 0, superResWidth, superResHeight)
        ^
mnt/data/photon_26753_work/candidate/app/src/main/java/com/hinnka/mycamera/processor/GlesMgcRawSpatialStacker.kt:5012:9: error: unresolved reference: GLES30
        GLES30.glClearBufferfv(GLES30.GL_COLOR, 0, floatArrayOf(0f, 0f, 0f, 0f), 0)
        ^
mnt/data/photon_26753_work/candidate/app/src/main/java/com/hinnka/mycamera/processor/GlesMgcRawSpatialStacker.kt:5012:32: error: unresolved reference: GLES30
        GLES30.glClearBufferfv(GLES30.GL_COLOR, 0, floatArrayOf(0f, 0f, 0f, 0f), 0)
                               ^
mnt/data/photon_26753_work/candidate/app/src/main/java/com/hinnka/mycamera/processor/GlesMgcRawSpatialStacker.kt:5013:9: error: unresolved reference: GLES30
        GLES30.glBindFramebuffer(GLES30.GL_FRAMEBUFFER, 0)
        ^
mnt/data/photon_26753_work/candidate/app/src/main/java/com/hinnka/mycamera/processor/GlesMgcRawSpatialStacker.kt:5013:34: error: unresolved reference: GLES30
        GLES30.glBindFramebuffer(GLES30.GL_FRAMEBUFFER, 0)
                                 ^
mnt/data/photon_26753_work/candidate/app/src/main/java/com/hinnka/mycamera/processor/GlesMgcRawSpatialStacker.kt:5032:9: error: unresolved reference: GLES30
        GLES30.glUseProgram(program)
        ^
mnt/data/photon_26753_work/candidate/app/src/main/java/com/hinnka/mycamera/processor/GlesMgcRawSpatialStacker.kt:5061:9: error: unresolved reference: GLES30
        GLES30.glEnable(GLES30.GL_BLEND)
        ^
mnt/data/photon_26753_work/candidate/app/src/main/java/com/hinnka/mycamera/processor/GlesMgcRawSpatialStacker.kt:5061:25: error: unresolved reference: GLES30
        GLES30.glEnable(GLES30.GL_BLEND)
                        ^
mnt/data/photon_26753_work/candidate/app/src/main/java/com/hinnka/mycamera/processor/GlesMgcRawSpatialStacker.kt:5063:13: error: unresolved reference: GLES30
            GLES30.glBlendEquation(GLES30.GL_FUNC_ADD)
            ^
mnt/data/photon_26753_work/candidate/app/src/main/java/com/hinnka/mycamera/processor/GlesMgcRawSpatialStacker.kt:5063:36: error: unresolved reference: GLES30
            GLES30.glBlendEquation(GLES30.GL_FUNC_ADD)
                                   ^
mnt/data/photon_26753_work/candidate/app/src/main/java/com/hinnka/mycamera/processor/GlesMgcRawSpatialStacker.kt:5064:13: error: unresolved reference: GLES30
            GLES30.glBlendFunc(GLES30.GL_ONE, GLES30.GL_ONE)
            ^
mnt/data/photon_26753_work/candidate/app/src/main/java/com/hinnka/mycamera/processor/GlesMgcRawSpatialStacker.kt:5064:32: error: unresolved reference: GLES30
            GLES30.glBlendFunc(GLES30.GL_ONE, GLES30.GL_ONE)
                               ^
mnt/data/photon_26753_work/candidate/app/src/main/java/com/hinnka/mycamera/processor/GlesMgcRawSpatialStacker.kt:5064:47: error: unresolved reference: GLES30
            GLES30.glBlendFunc(GLES30.GL_ONE, GLES30.GL_ONE)
                                              ^
mnt/data/photon_26753_work/candidate/app/src/main/java/com/hinnka/mycamera/processor/GlesMgcRawSpatialStacker.kt:5073:13: error: unresolved reference: GLES30
            GLES30.glDisable(GLES30.GL_BLEND)
            ^
mnt/data/photon_26753_work/candidate/app/src/main/java/com/hinnka/mycamera/processor/GlesMgcRawSpatialStacker.kt:5073:30: error: unresolved reference: GLES30
            GLES30.glDisable(GLES30.GL_BLEND)
                             ^
mnt/data/photon_26753_work/candidate/app/src/main/java/com/hinnka/mycamera/processor/GlesMgcRawSpatialStacker.kt:5094:13: error: unresolved reference: GLES30
            GLES30.GL_R8,
            ^
mnt/data/photon_26753_work/candidate/app/src/main/java/com/hinnka/mycamera/processor/GlesMgcRawSpatialStacker.kt:5095:13: error: unresolved reference: GLES30
            GLES30.GL_NEAREST,
            ^
mnt/data/photon_26753_work/candidate/app/src/main/java/com/hinnka/mycamera/processor/GlesMgcRawSpatialStacker.kt:5102:21: error: unresolved reference: GLES30
                    GLES30.glUseProgram(sabreSuperResDetailResolveProgram)
                    ^
mnt/data/photon_26753_work/candidate/app/src/main/java/com/hinnka/mycamera/processor/GlesMgcRawSpatialStacker.kt:5130:21: error: unresolved reference: GlesGpuScheduler
                    GlesGpuScheduler.yieldToUiRenderer()
                    ^
mnt/data/photon_26753_work/candidate/app/src/main/java/com/hinnka/mycamera/processor/GlesMgcRawSpatialStacker.kt:5162:13: error: unresolved reference: GLES30
            GLES30.GL_RGBA16UI,
            ^
mnt/data/photon_26753_work/candidate/app/src/main/java/com/hinnka/mycamera/processor/GlesMgcRawSpatialStacker.kt:5163:13: error: unresolved reference: GLES30
            GLES30.GL_NEAREST,
            ^
mnt/data/photon_26753_work/candidate/app/src/main/java/com/hinnka/mycamera/processor/GlesMgcRawSpatialStacker.kt:5166:13: error: unresolved reference: LargeDirectBuffer
            LargeDirectBuffer.allocate(
            ^
mnt/data/photon_26753_work/candidate/app/src/main/java/com/hinnka/mycamera/processor/GlesMgcRawSpatialStacker.kt:5177:21: error: unresolved reference: GLES30
                    GLES30.glUseProgram(sabreSuperResLinearRawProgram)
                    ^
mnt/data/photon_26753_work/candidate/app/src/main/java/com/hinnka/mycamera/processor/GlesMgcRawSpatialStacker.kt:5202:21: error: unresolved reference: GLES30
                    GLES30.glBindBuffer(GLES30.GL_PIXEL_PACK_BUFFER, 0)
                    ^
mnt/data/photon_26753_work/candidate/app/src/main/java/com/hinnka/mycamera/processor/GlesMgcRawSpatialStacker.kt:5202:41: error: unresolved reference: GLES30
                    GLES30.glBindBuffer(GLES30.GL_PIXEL_PACK_BUFFER, 0)
                                        ^
mnt/data/photon_26753_work/candidate/app/src/main/java/com/hinnka/mycamera/processor/GlesMgcRawSpatialStacker.kt:5203:21: error: unresolved reference: GLES30
                    GLES30.glPixelStorei(GLES30.GL_PACK_ALIGNMENT, 1)
                    ^
mnt/data/photon_26753_work/candidate/app/src/main/java/com/hinnka/mycamera/processor/GlesMgcRawSpatialStacker.kt:5203:42: error: unresolved reference: GLES30
                    GLES30.glPixelStorei(GLES30.GL_PACK_ALIGNMENT, 1)
                                         ^
mnt/data/photon_26753_work/candidate/app/src/main/java/com/hinnka/mycamera/processor/GlesMgcRawSpatialStacker.kt:5204:21: error: unresolved reference: GLES30
                    GLES30.glReadPixels(
                    ^
mnt/data/photon_26753_work/candidate/app/src/main/java/com/hinnka/mycamera/processor/GlesMgcRawSpatialStacker.kt:5209:25: error: unresolved reference: GLES30
                        GLES30.GL_RGBA_INTEGER,
                        ^
mnt/data/photon_26753_work/candidate/app/src/main/java/com/hinnka/mycamera/processor/GlesMgcRawSpatialStacker.kt:5210:25: error: unresolved reference: GLES30
                        GLES30.GL_UNSIGNED_SHORT,
                        ^
mnt/data/photon_26753_work/candidate/app/src/main/java/com/hinnka/mycamera/processor/GlesMgcRawSpatialStacker.kt:5213:21: error: unresolved reference: GLES30
                    GLES30.glBindFramebuffer(GLES30.GL_FRAMEBUFFER, 0)
                    ^
mnt/data/photon_26753_work/candidate/app/src/main/java/com/hinnka/mycamera/processor/GlesMgcRawSpatialStacker.kt:5213:46: error: unresolved reference: GLES30
                    GLES30.glBindFramebuffer(GLES30.GL_FRAMEBUFFER, 0)
                                             ^
mnt/data/photon_26753_work/candidate/app/src/main/java/com/hinnka/mycamera/processor/GlesMgcRawSpatialStacker.kt:5228:21: error: unresolved reference: GlesGpuScheduler
                    GlesGpuScheduler.yieldToUiRenderer()
                    ^
mnt/data/photon_26753_work/candidate/app/src/main/java/com/hinnka/mycamera/processor/GlesMgcRawSpatialStacker.kt:5240:13: error: unresolved reference: LargeDirectBuffer
            LargeDirectBuffer.free(readback)
            ^
mnt/data/photon_26753_work/candidate/app/src/main/java/com/hinnka/mycamera/processor/GlesMgcRawSpatialStacker.kt:5255:13: error: unresolved reference: GLES30
            GLES30.glViewport(0, 0, width, height)
            ^
mnt/data/photon_26753_work/candidate/app/src/main/java/com/hinnka/mycamera/processor/GlesMgcRawSpatialStacker.kt:5256:13: error: unresolved reference: GLES30
            GLES30.glClearBufferfv(
            ^
mnt/data/photon_26753_work/candidate/app/src/main/java/com/hinnka/mycamera/processor/GlesMgcRawSpatialStacker.kt:5257:17: error: unresolved reference: GLES30
                GLES30.GL_COLOR, 0, floatArrayOf(0f, 0f, 0f, 0f), 0,
                ^
mnt/data/photon_26753_work/candidate/app/src/main/java/com/hinnka/mycamera/processor/GlesMgcRawSpatialStacker.kt:5259:13: error: unresolved reference: GLES30
            GLES30.glBindFramebuffer(GLES30.GL_FRAMEBUFFER, 0)
            ^
mnt/data/photon_26753_work/candidate/app/src/main/java/com/hinnka/mycamera/processor/GlesMgcRawSpatialStacker.kt:5259:38: error: unresolved reference: GLES30
            GLES30.glBindFramebuffer(GLES30.GL_FRAMEBUFFER, 0)
                                     ^
mnt/data/photon_26753_work/candidate/app/src/main/java/com/hinnka/mycamera/processor/GlesMgcRawSpatialStacker.kt:5277:9: error: unresolved reference: GLES30
        GLES30.glViewport(0, 0, coverageWidth, coverageHeight)
        ^
mnt/data/photon_26753_work/candidate/app/src/main/java/com/hinnka/mycamera/processor/GlesMgcRawSpatialStacker.kt:5278:9: error: unresolved reference: GLES30
        GLES30.glClearBufferfv(GLES30.GL_COLOR, 0, floatArrayOf(0f, 0f, 0f, 0f), 0)
        ^
mnt/data/photon_26753_work/candidate/app/src/main/java/com/hinnka/mycamera/processor/GlesMgcRawSpatialStacker.kt:5278:32: error: unresolved reference: GLES30
        GLES30.glClearBufferfv(GLES30.GL_COLOR, 0, floatArrayOf(0f, 0f, 0f, 0f), 0)
                               ^
mnt/data/photon_26753_work/candidate/app/src/main/java/com/hinnka/mycamera/processor/GlesMgcRawSpatialStacker.kt:5279:9: error: unresolved reference: GLES30
        GLES30.glBindFramebuffer(GLES30.GL_FRAMEBUFFER, 0)
        ^
mnt/data/photon_26753_work/candidate/app/src/main/java/com/hinnka/mycamera/processor/GlesMgcRawSpatialStacker.kt:5279:34: error: unresolved reference: GLES30
        GLES30.glBindFramebuffer(GLES30.GL_FRAMEBUFFER, 0)
                                 ^
mnt/data/photon_26753_work/candidate/app/src/main/java/com/hinnka/mycamera/processor/GlesMgcRawSpatialStacker.kt:5289:58: error: unresolved reference: GLES30
        val copiedRWeight = createTexture(width, height, GLES30.GL_R16F, GLES30.GL_NEAREST)
                                                         ^
mnt/data/photon_26753_work/candidate/app/src/main/java/com/hinnka/mycamera/processor/GlesMgcRawSpatialStacker.kt:5289:74: error: unresolved reference: GLES30
        val copiedRWeight = createTexture(width, height, GLES30.GL_R16F, GLES30.GL_NEAREST)
                                                                         ^
mnt/data/photon_26753_work/candidate/app/src/main/java/com/hinnka/mycamera/processor/GlesMgcRawSpatialStacker.kt:5290:9: error: unresolved reference: GLES30
        GLES30.glUseProgram(sabreCopyAlphaProgram)
        ^
mnt/data/photon_26753_work/candidate/app/src/main/java/com/hinnka/mycamera/processor/GlesMgcRawSpatialStacker.kt:5295:9: error: unresolved reference: GLES30
        GLES30.glUseProgram(program)
        ^
mnt/data/photon_26753_work/candidate/app/src/main/java/com/hinnka/mycamera/processor/GlesMgcRawSpatialStacker.kt:5301:9: error: unresolved reference: GLES30
        GLES30.glEnable(GLES30.GL_BLEND)
        ^
mnt/data/photon_26753_work/candidate/app/src/main/java/com/hinnka/mycamera/processor/GlesMgcRawSpatialStacker.kt:5301:25: error: unresolved reference: GLES30
        GLES30.glEnable(GLES30.GL_BLEND)
                        ^
mnt/data/photon_26753_work/candidate/app/src/main/java/com/hinnka/mycamera/processor/GlesMgcRawSpatialStacker.kt:5303:13: error: unresolved reference: GLES30
            GLES30.glBlendEquation(GLES30.GL_FUNC_ADD)
            ^
mnt/data/photon_26753_work/candidate/app/src/main/java/com/hinnka/mycamera/processor/GlesMgcRawSpatialStacker.kt:5303:36: error: unresolved reference: GLES30
            GLES30.glBlendEquation(GLES30.GL_FUNC_ADD)
                                   ^
mnt/data/photon_26753_work/candidate/app/src/main/java/com/hinnka/mycamera/processor/GlesMgcRawSpatialStacker.kt:5304:13: error: unresolved reference: GLES30
            GLES30.glBlendFuncSeparate(
            ^
mnt/data/photon_26753_work/candidate/app/src/main/java/com/hinnka/mycamera/processor/GlesMgcRawSpatialStacker.kt:5305:17: error: unresolved reference: GLES30
                GLES30.GL_ZERO,
                ^
mnt/data/photon_26753_work/candidate/app/src/main/java/com/hinnka/mycamera/processor/GlesMgcRawSpatialStacker.kt:5306:17: error: unresolved reference: GLES30
                GLES30.GL_SRC_COLOR,
                ^
mnt/data/photon_26753_work/candidate/app/src/main/java/com/hinnka/mycamera/processor/GlesMgcRawSpatialStacker.kt:5307:17: error: unresolved reference: GLES30
                GLES30.GL_ONE,
                ^
mnt/data/photon_26753_work/candidate/app/src/main/java/com/hinnka/mycamera/processor/GlesMgcRawSpatialStacker.kt:5308:17: error: unresolved reference: GLES30
                GLES30.GL_ZERO,
                ^
mnt/data/photon_26753_work/candidate/app/src/main/java/com/hinnka/mycamera/processor/GlesMgcRawSpatialStacker.kt:5318:13: error: unresolved reference: GLES30
            GLES30.glBlendFunc(GLES30.GL_ONE, GLES30.GL_ONE)
            ^
mnt/data/photon_26753_work/candidate/app/src/main/java/com/hinnka/mycamera/processor/GlesMgcRawSpatialStacker.kt:5318:32: error: unresolved reference: GLES30
            GLES30.glBlendFunc(GLES30.GL_ONE, GLES30.GL_ONE)
                               ^
mnt/data/photon_26753_work/candidate/app/src/main/java/com/hinnka/mycamera/processor/GlesMgcRawSpatialStacker.kt:5318:47: error: unresolved reference: GLES30
            GLES30.glBlendFunc(GLES30.GL_ONE, GLES30.GL_ONE)
                                              ^
mnt/data/photon_26753_work/candidate/app/src/main/java/com/hinnka/mycamera/processor/GlesMgcRawSpatialStacker.kt:5319:13: error: unresolved reference: GLES30
            GLES30.glDisable(GLES30.GL_BLEND)
            ^
mnt/data/photon_26753_work/candidate/app/src/main/java/com/hinnka/mycamera/processor/GlesMgcRawSpatialStacker.kt:5319:30: error: unresolved reference: GLES30
            GLES30.glDisable(GLES30.GL_BLEND)
                             ^
mnt/data/photon_26753_work/candidate/app/src/main/java/com/hinnka/mycamera/processor/GlesMgcRawSpatialStacker.kt:5338:13: error: unresolved reference: GLES30
            GLES30.GL_RG16F,
            ^
mnt/data/photon_26753_work/candidate/app/src/main/java/com/hinnka/mycamera/processor/GlesMgcRawSpatialStacker.kt:5339:13: error: unresolved reference: GLES30
            GLES30.GL_NEAREST,
            ^
mnt/data/photon_26753_work/candidate/app/src/main/java/com/hinnka/mycamera/processor/GlesMgcRawSpatialStacker.kt:5342:13: error: unresolved reference: GLES30
            GLES30.glUseProgram(sabreReciprocalGreenWeightProgram)
            ^
mnt/data/photon_26753_work/candidate/app/src/main/java/com/hinnka/mycamera/processor/GlesMgcRawSpatialStacker.kt:5363:13: error: unresolved reference: GLES30
            GLES30.glBindBuffer(GLES30.GL_PIXEL_PACK_BUFFER, 0)
            ^
mnt/data/photon_26753_work/candidate/app/src/main/java/com/hinnka/mycamera/processor/GlesMgcRawSpatialStacker.kt:5363:33: error: unresolved reference: GLES30
            GLES30.glBindBuffer(GLES30.GL_PIXEL_PACK_BUFFER, 0)
                                ^
mnt/data/photon_26753_work/candidate/app/src/main/java/com/hinnka/mycamera/processor/GlesMgcRawSpatialStacker.kt:5364:13: error: unresolved reference: GLES30
            GLES30.glPixelStorei(GLES30.GL_PACK_ALIGNMENT, 1)
            ^
mnt/data/photon_26753_work/candidate/app/src/main/java/com/hinnka/mycamera/processor/GlesMgcRawSpatialStacker.kt:5364:34: error: unresolved reference: GLES30
            GLES30.glPixelStorei(GLES30.GL_PACK_ALIGNMENT, 1)
                                 ^
mnt/data/photon_26753_work/candidate/app/src/main/java/com/hinnka/mycamera/processor/GlesMgcRawSpatialStacker.kt:5365:13: error: unresolved reference: GLES30
            GLES30.glReadPixels(
            ^
mnt/data/photon_26753_work/candidate/app/src/main/java/com/hinnka/mycamera/processor/GlesMgcRawSpatialStacker.kt:5370:17: error: unresolved reference: GLES30
                GLES30.GL_RG,
                ^
mnt/data/photon_26753_work/candidate/app/src/main/java/com/hinnka/mycamera/processor/GlesMgcRawSpatialStacker.kt:5371:17: error: unresolved reference: GLES30
                GLES30.GL_HALF_FLOAT,
                ^
mnt/data/photon_26753_work/candidate/app/src/main/java/com/hinnka/mycamera/processor/GlesMgcRawSpatialStacker.kt:5374:13: error: unresolved reference: GLES30
            GLES30.glBindFramebuffer(GLES30.GL_FRAMEBUFFER, 0)
            ^
mnt/data/photon_26753_work/candidate/app/src/main/java/com/hinnka/mycamera/processor/GlesMgcRawSpatialStacker.kt:5374:38: error: unresolved reference: GLES30
            GLES30.glBindFramebuffer(GLES30.GL_FRAMEBUFFER, 0)
                                     ^
mnt/data/photon_26753_work/candidate/app/src/main/java/com/hinnka/mycamera/processor/GlesMgcRawSpatialStacker.kt:5383:32: error: unresolved reference: Half
                val localSum = Half.toFloat(values.get(index * 2)).toDouble()
                               ^
mnt/data/photon_26753_work/candidate/app/src/main/java/com/hinnka/mycamera/processor/GlesMgcRawSpatialStacker.kt:5384:34: error: unresolved reference: Half
                val localCount = Half.toFloat(values.get(index * 2 + 1)).toDouble()
                                 ^
mnt/data/photon_26753_work/candidate/app/src/main/java/com/hinnka/mycamera/processor/GlesMgcRawSpatialStacker.kt:5390:31: error: overload resolution ambiguity: 
public final operator fun plus(other: Byte): Double defined in kotlin.Double
public final operator fun plus(other: Double): Double defined in kotlin.Double
public final operator fun plus(other: Float): Double defined in kotlin.Double
public final operator fun plus(other: Int): Double defined in kotlin.Double
public final operator fun plus(other: Long): Double defined in kotlin.Double
public final operator fun plus(other: Short): Double defined in kotlin.Double
                reciprocalSum += localSum
                              ^
mnt/data/photon_26753_work/candidate/app/src/main/java/com/hinnka/mycamera/processor/GlesMgcRawSpatialStacker.kt:5391:29: error: overload resolution ambiguity: 
public final operator fun plus(other: Byte): Double defined in kotlin.Double
public final operator fun plus(other: Double): Double defined in kotlin.Double
public final operator fun plus(other: Float): Double defined in kotlin.Double
public final operator fun plus(other: Int): Double defined in kotlin.Double
public final operator fun plus(other: Long): Double defined in kotlin.Double
public final operator fun plus(other: Short): Double defined in kotlin.Double
                sampleCount += localCount
                            ^
mnt/data/photon_26753_work/candidate/app/src/main/java/com/hinnka/mycamera/processor/GlesMgcRawSpatialStacker.kt:5416:31: error: unresolved reference: MgcSpatialStrengthMap
                strengthMap = MgcSpatialStrengthMap(
                              ^
mnt/data/photon_26753_work/candidate/app/src/main/java/com/hinnka/mycamera/processor/GlesMgcRawSpatialStacker.kt:5438:9: error: unresolved reference: GLES30
        GLES30.glUseProgram(program)
        ^
mnt/data/photon_26753_work/candidate/app/src/main/java/com/hinnka/mycamera/processor/GlesMgcRawSpatialStacker.kt:5466:28: error: unresolved reference: MgcSabreResolveTuning
        resolveParameters: MgcSabreResolveTuning.Parameters,
                           ^
mnt/data/photon_26753_work/candidate/app/src/main/java/com/hinnka/mycamera/processor/GlesMgcRawSpatialStacker.kt:5468:68: error: unresolved reference: GpuLinearRgbStorage
        require(exportGpuLinearRgbSource && gpuLinearRgbStorage == GpuLinearRgbStorage.RGBA16F)
                                                                   ^
mnt/data/photon_26753_work/candidate/app/src/main/java/com/hinnka/mycamera/processor/GlesMgcRawSpatialStacker.kt:5469:50: error: unresolved reference: GLES30
        val color = createTexture(width, height, GLES30.GL_RGBA16F, GLES30.GL_NEAREST)
                                                 ^
mnt/data/photon_26753_work/candidate/app/src/main/java/com/hinnka/mycamera/processor/GlesMgcRawSpatialStacker.kt:5469:69: error: unresolved reference: GLES30
        val color = createTexture(width, height, GLES30.GL_RGBA16F, GLES30.GL_NEAREST)
                                                                    ^
mnt/data/photon_26753_work/candidate/app/src/main/java/com/hinnka/mycamera/processor/GlesMgcRawSpatialStacker.kt:5470:54: error: unresolved reference: GLES30
        val weightsGb = createTexture(width, height, GLES30.GL_RG16F, GLES30.GL_NEAREST)
                                                     ^
mnt/data/photon_26753_work/candidate/app/src/main/java/com/hinnka/mycamera/processor/GlesMgcRawSpatialStacker.kt:5470:71: error: unresolved reference: GLES30
        val weightsGb = createTexture(width, height, GLES30.GL_RG16F, GLES30.GL_NEAREST)
                                                                      ^
mnt/data/photon_26753_work/candidate/app/src/main/java/com/hinnka/mycamera/processor/GlesMgcRawSpatialStacker.kt:5471:44: error: unresolved reference: GLES30
        val coverage = createTexture(1, 1, GLES30.GL_R8, GLES30.GL_NEAREST)
                                           ^
mnt/data/photon_26753_work/candidate/app/src/main/java/com/hinnka/mycamera/processor/GlesMgcRawSpatialStacker.kt:5471:58: error: unresolved reference: GLES30
        val coverage = createTexture(1, 1, GLES30.GL_R8, GLES30.GL_NEAREST)
                                                         ^
mnt/data/photon_26753_work/candidate/app/src/main/java/com/hinnka/mycamera/processor/GlesMgcRawSpatialStacker.kt:5496:13: error: unresolved reference: LargeDirectBuffer
            LargeDirectBuffer.allocate(width.toLong() * height * 3L * Short.SIZE_BYTES,
            ^
mnt/data/photon_26753_work/candidate/app/src/main/java/com/hinnka/mycamera/processor/GlesMgcRawSpatialStacker.kt:5506:13: error: unresolved reference: MgcSabreResolver
            MgcSabreResolver.resolve(
            ^
mnt/data/photon_26753_work/candidate/app/src/main/java/com/hinnka/mycamera/processor/GlesMgcRawSpatialStacker.kt:5520:69: error: unresolved reference: GLES30
            val planes = IntArray(3) { createTexture(width, height, GLES30.GL_R16UI, GLES30.GL_NEAREST) }
                                                                    ^
mnt/data/photon_26753_work/candidate/app/src/main/java/com/hinnka/mycamera/processor/GlesMgcRawSpatialStacker.kt:5520:86: error: unresolved reference: GLES30
            val planes = IntArray(3) { createTexture(width, height, GLES30.GL_R16UI, GLES30.GL_NEAREST) }
                                                                                     ^
mnt/data/photon_26753_work/candidate/app/src/main/java/com/hinnka/mycamera/processor/GlesMgcRawSpatialStacker.kt:5523:30: error: unresolved reference: MgcSpatialRgbRect
            val fullOutput = MgcSpatialRgbRect(0, 0, width, height)
                             ^
mnt/data/photon_26753_work/candidate/app/src/main/java/com/hinnka/mycamera/processor/GlesMgcRawSpatialStacker.kt:5524:24: error: unresolved reference: MgcSpatialRgbTile
            val tile = MgcSpatialRgbTile(index = 0, outputCore = fullOutput)
                       ^
mnt/data/photon_26753_work/candidate/app/src/main/java/com/hinnka/mycamera/processor/GlesMgcRawSpatialStacker.kt:5535:13: error: unresolved reference: GlesGpuScheduler
            GlesGpuScheduler.memoryBarrier()
            ^
mnt/data/photon_26753_work/candidate/app/src/main/java/com/hinnka/mycamera/processor/GlesMgcRawSpatialStacker.kt:5539:38: error: unresolved reference: GLES30
                onFinalSubmitted = { GLES30.glFlush() },
                                     ^
mnt/data/photon_26753_work/candidate/app/src/main/java/com/hinnka/mycamera/processor/GlesMgcRawSpatialStacker.kt:5543:55: error: unresolved reference: GLES30
            val output = createTexture(width, height, GLES30.GL_RGBA16F, GLES30.GL_NEAREST)
                                                      ^
mnt/data/photon_26753_work/candidate/app/src/main/java/com/hinnka/mycamera/processor/GlesMgcRawSpatialStacker.kt:5543:74: error: unresolved reference: GLES30
            val output = createTexture(width, height, GLES30.GL_RGBA16F, GLES30.GL_NEAREST)
                                                                         ^
mnt/data/photon_26753_work/candidate/app/src/main/java/com/hinnka/mycamera/processor/GlesMgcRawSpatialStacker.kt:5545:13: error: unresolved reference: GLES30
            GLES30.glDeleteTextures(1, intArrayOf(ui), 0)
            ^
mnt/data/photon_26753_work/candidate/app/src/main/java/com/hinnka/mycamera/processor/GlesMgcRawSpatialStacker.kt:5549:13: error: unresolved reference: LargeDirectBuffer
            LargeDirectBuffer.free(accumulated)
            ^
mnt/data/photon_26753_work/candidate/app/src/main/java/com/hinnka/mycamera/processor/GlesMgcRawSpatialStacker.kt:5550:13: error: unresolved reference: LargeDirectBuffer
            LargeDirectBuffer.free(resolved)
            ^
mnt/data/photon_26753_work/candidate/app/src/main/java/com/hinnka/mycamera/processor/GlesMgcRawSpatialStacker.kt:5571:65: error: unresolved reference: GLES30
        val geometryMask = createTexture(gridWidth, gridHeight, GLES30.GL_R8, GLES30.GL_NEAREST)
                                                                ^
mnt/data/photon_26753_work/candidate/app/src/main/java/com/hinnka/mycamera/processor/GlesMgcRawSpatialStacker.kt:5571:79: error: unresolved reference: GLES30
        val geometryMask = createTexture(gridWidth, gridHeight, GLES30.GL_R8, GLES30.GL_NEAREST)
                                                                              ^
mnt/data/photon_26753_work/candidate/app/src/main/java/com/hinnka/mycamera/processor/GlesMgcRawSpatialStacker.kt:5572:65: error: unresolved reference: GLES30
        val boundaryMask = createTexture(gridWidth, gridHeight, GLES30.GL_R8, GLES30.GL_NEAREST)
                                                                ^
mnt/data/photon_26753_work/candidate/app/src/main/java/com/hinnka/mycamera/processor/GlesMgcRawSpatialStacker.kt:5572:79: error: unresolved reference: GLES30
        val boundaryMask = createTexture(gridWidth, gridHeight, GLES30.GL_R8, GLES30.GL_NEAREST)
                                                                              ^
mnt/data/photon_26753_work/candidate/app/src/main/java/com/hinnka/mycamera/processor/GlesMgcRawSpatialStacker.kt:5576:13: error: unresolved reference: GLES30
            GLES30.glUseProgram(program)
            ^
mnt/data/photon_26753_work/candidate/app/src/main/java/com/hinnka/mycamera/processor/GlesMgcRawSpatialStacker.kt:5610:62: error: unresolved reference: GLES30
        val geometryA = createTexture(gridWidth, gridHeight, GLES30.GL_RGBA16F, GLES30.GL_LINEAR)
                                                             ^
mnt/data/photon_26753_work/candidate/app/src/main/java/com/hinnka/mycamera/processor/GlesMgcRawSpatialStacker.kt:5610:81: error: unresolved reference: GLES30
        val geometryA = createTexture(gridWidth, gridHeight, GLES30.GL_RGBA16F, GLES30.GL_LINEAR)
                                                                                ^
mnt/data/photon_26753_work/candidate/app/src/main/java/com/hinnka/mycamera/processor/GlesMgcRawSpatialStacker.kt:5611:62: error: unresolved reference: GLES30
        val geometryB = createTexture(gridWidth, gridHeight, GLES30.GL_RGBA16F, GLES30.GL_LINEAR)
                                                             ^
mnt/data/photon_26753_work/candidate/app/src/main/java/com/hinnka/mycamera/processor/GlesMgcRawSpatialStacker.kt:5611:81: error: unresolved reference: GLES30
        val geometryB = createTexture(gridWidth, gridHeight, GLES30.GL_RGBA16F, GLES30.GL_LINEAR)
                                                                                ^
mnt/data/photon_26753_work/candidate/app/src/main/java/com/hinnka/mycamera/processor/GlesMgcRawSpatialStacker.kt:5614:9: error: unresolved reference: GLES30
        GLES30.glUseProgram(seedProgram)
        ^
mnt/data/photon_26753_work/candidate/app/src/main/java/com/hinnka/mycamera/processor/GlesMgcRawSpatialStacker.kt:5641:13: error: unresolved reference: GLES30
            GLES30.glUseProgram(propagationProgram)
            ^
mnt/data/photon_26753_work/candidate/app/src/main/java/com/hinnka/mycamera/processor/GlesMgcRawSpatialStacker.kt:5687:9: error: unresolved reference: GLES30
        GLES30.glUseProgram(program)
        ^
mnt/data/photon_26753_work/candidate/app/src/main/java/com/hinnka/mycamera/processor/GlesMgcRawSpatialStacker.kt:5727:64: error: unresolved reference: GLES30
        val maskProbe = createTexture(probeWidth, probeHeight, GLES30.GL_R8, GLES30.GL_NEAREST)
                                                               ^
mnt/data/photon_26753_work/candidate/app/src/main/java/com/hinnka/mycamera/processor/GlesMgcRawSpatialStacker.kt:5727:78: error: unresolved reference: GLES30
        val maskProbe = createTexture(probeWidth, probeHeight, GLES30.GL_R8, GLES30.GL_NEAREST)
                                                                             ^
mnt/data/photon_26753_work/candidate/app/src/main/java/com/hinnka/mycamera/processor/GlesMgcRawSpatialStacker.kt:5728:65: error: unresolved reference: GLES30
        val stageProbe = createTexture(probeWidth, probeHeight, GLES30.GL_R8, GLES30.GL_NEAREST)
                                                                ^
mnt/data/photon_26753_work/candidate/app/src/main/java/com/hinnka/mycamera/processor/GlesMgcRawSpatialStacker.kt:5728:79: error: unresolved reference: GLES30
        val stageProbe = createTexture(probeWidth, probeHeight, GLES30.GL_R8, GLES30.GL_NEAREST)
                                                                              ^
mnt/data/photon_26753_work/candidate/app/src/main/java/com/hinnka/mycamera/processor/GlesMgcRawSpatialStacker.kt:5779:9: error: unresolved reference: GLES31
        GLES31.glGenBuffers(1, ids, 0)
        ^
mnt/data/photon_26753_work/candidate/app/src/main/java/com/hinnka/mycamera/processor/GlesMgcRawSpatialStacker.kt:5787:13: error: unresolved reference: GLES31
            GLES31.glBindBuffer(GLES31.GL_SHADER_STORAGE_BUFFER, buffer)
            ^
mnt/data/photon_26753_work/candidate/app/src/main/java/com/hinnka/mycamera/processor/GlesMgcRawSpatialStacker.kt:5787:33: error: unresolved reference: GLES31
            GLES31.glBindBuffer(GLES31.GL_SHADER_STORAGE_BUFFER, buffer)
                                ^
mnt/data/photon_26753_work/candidate/app/src/main/java/com/hinnka/mycamera/processor/GlesMgcRawSpatialStacker.kt:5788:13: error: unresolved reference: GLES31
            GLES31.glBufferData(
            ^
mnt/data/photon_26753_work/candidate/app/src/main/java/com/hinnka/mycamera/processor/GlesMgcRawSpatialStacker.kt:5789:17: error: unresolved reference: GLES31
                GLES31.GL_SHADER_STORAGE_BUFFER, Int.SIZE_BYTES, zero, GLES31.GL_STREAM_READ,
                ^
mnt/data/photon_26753_work/candidate/app/src/main/java/com/hinnka/mycamera/processor/GlesMgcRawSpatialStacker.kt:5789:72: error: unresolved reference: GLES31
                GLES31.GL_SHADER_STORAGE_BUFFER, Int.SIZE_BYTES, zero, GLES31.GL_STREAM_READ,
                                                                       ^
mnt/data/photon_26753_work/candidate/app/src/main/java/com/hinnka/mycamera/processor/GlesMgcRawSpatialStacker.kt:5791:13: error: unresolved reference: GLES31
            GLES31.glBindBufferBase(GLES31.GL_SHADER_STORAGE_BUFFER, 0, buffer)
            ^
mnt/data/photon_26753_work/candidate/app/src/main/java/com/hinnka/mycamera/processor/GlesMgcRawSpatialStacker.kt:5791:37: error: unresolved reference: GLES31
            GLES31.glBindBufferBase(GLES31.GL_SHADER_STORAGE_BUFFER, 0, buffer)
                                    ^
mnt/data/photon_26753_work/candidate/app/src/main/java/com/hinnka/mycamera/processor/GlesMgcRawSpatialStacker.kt:5792:13: error: unresolved reference: GLES31
            GLES31.glUseProgram(program)
            ^
mnt/data/photon_26753_work/candidate/app/src/main/java/com/hinnka/mycamera/processor/GlesMgcRawSpatialStacker.kt:5793:13: error: unresolved reference: GLES31
            GLES31.glActiveTexture(GLES31.GL_TEXTURE0)
            ^
mnt/data/photon_26753_work/candidate/app/src/main/java/com/hinnka/mycamera/processor/GlesMgcRawSpatialStacker.kt:5793:36: error: unresolved reference: GLES31
            GLES31.glActiveTexture(GLES31.GL_TEXTURE0)
                                   ^
mnt/data/photon_26753_work/candidate/app/src/main/java/com/hinnka/mycamera/processor/GlesMgcRawSpatialStacker.kt:5794:13: error: unresolved reference: GLES31
            GLES31.glBindTexture(GLES31.GL_TEXTURE_2D, mask)
            ^
mnt/data/photon_26753_work/candidate/app/src/main/java/com/hinnka/mycamera/processor/GlesMgcRawSpatialStacker.kt:5794:34: error: unresolved reference: GLES31
            GLES31.glBindTexture(GLES31.GL_TEXTURE_2D, mask)
                                 ^
mnt/data/photon_26753_work/candidate/app/src/main/java/com/hinnka/mycamera/processor/GlesMgcRawSpatialStacker.kt:5795:13: error: unresolved reference: GLES31
            GLES31.glUniform1i(uniformLocation(program, "uMask"), 0)
            ^
mnt/data/photon_26753_work/candidate/app/src/main/java/com/hinnka/mycamera/processor/GlesMgcRawSpatialStacker.kt:5796:13: error: unresolved reference: GLES31
            GLES31.glUniform2i(uniformLocation(program, "uSize"), width, height)
            ^
mnt/data/photon_26753_work/candidate/app/src/main/java/com/hinnka/mycamera/processor/GlesMgcRawSpatialStacker.kt:5797:13: error: unresolved reference: GLES31
            GLES31.glDispatchCompute(
            ^
mnt/data/photon_26753_work/candidate/app/src/main/java/com/hinnka/mycamera/processor/GlesMgcRawSpatialStacker.kt:5798:17: error: unresolved reference: GlesComputeWorkGroup
                GlesComputeWorkGroup.imageGroupCount(width),
                ^
mnt/data/photon_26753_work/candidate/app/src/main/java/com/hinnka/mycamera/processor/GlesMgcRawSpatialStacker.kt:5799:17: error: unresolved reference: GlesComputeWorkGroup
                GlesComputeWorkGroup.imageGroupCount(height),
                ^
mnt/data/photon_26753_work/candidate/app/src/main/java/com/hinnka/mycamera/processor/GlesMgcRawSpatialStacker.kt:5802:13: error: unresolved reference: GLES31
            GLES31.glMemoryBarrier(
            ^
mnt/data/photon_26753_work/candidate/app/src/main/java/com/hinnka/mycamera/processor/GlesMgcRawSpatialStacker.kt:5803:17: error: unresolved reference: GLES31
                GLES31.GL_SHADER_STORAGE_BARRIER_BIT or GLES31.GL_BUFFER_UPDATE_BARRIER_BIT,
                ^
mnt/data/photon_26753_work/candidate/app/src/main/java/com/hinnka/mycamera/processor/GlesMgcRawSpatialStacker.kt:5803:57: error: unresolved reference: GLES31
                GLES31.GL_SHADER_STORAGE_BARRIER_BIT or GLES31.GL_BUFFER_UPDATE_BARRIER_BIT,
                                                        ^
mnt/data/photon_26753_work/candidate/app/src/main/java/com/hinnka/mycamera/processor/GlesMgcRawSpatialStacker.kt:5805:13: error: unresolved reference: GLES31
            GLES31.glBindBufferBase(GLES31.GL_SHADER_STORAGE_BUFFER, 0, 0)
            ^
mnt/data/photon_26753_work/candidate/app/src/main/java/com/hinnka/mycamera/processor/GlesMgcRawSpatialStacker.kt:5805:37: error: unresolved reference: GLES31
            GLES31.glBindBufferBase(GLES31.GL_SHADER_STORAGE_BUFFER, 0, 0)
                                    ^
mnt/data/photon_26753_work/candidate/app/src/main/java/com/hinnka/mycamera/processor/GlesMgcRawSpatialStacker.kt:5806:13: error: unresolved reference: GLES31
            GLES31.glBindTexture(GLES31.GL_TEXTURE_2D, 0)
            ^
mnt/data/photon_26753_work/candidate/app/src/main/java/com/hinnka/mycamera/processor/GlesMgcRawSpatialStacker.kt:5806:34: error: unresolved reference: GLES31
            GLES31.glBindTexture(GLES31.GL_TEXTURE_2D, 0)
                                 ^
mnt/data/photon_26753_work/candidate/app/src/main/java/com/hinnka/mycamera/processor/GlesMgcRawSpatialStacker.kt:5807:13: error: unresolved reference: GLES31
            GLES31.glUseProgram(0)
            ^
mnt/data/photon_26753_work/candidate/app/src/main/java/com/hinnka/mycamera/processor/GlesMgcRawSpatialStacker.kt:5809:13: error: unresolved reference: GlesGpuCompletion
            GlesGpuCompletion.awaitSubmittedWork(
            ^
mnt/data/photon_26753_work/candidate/app/src/main/java/com/hinnka/mycamera/processor/GlesMgcRawSpatialStacker.kt:5812:13: error: unresolved reference: GLES31
            GLES31.glBindBuffer(GLES31.GL_SHADER_STORAGE_BUFFER, buffer)
            ^
mnt/data/photon_26753_work/candidate/app/src/main/java/com/hinnka/mycamera/processor/GlesMgcRawSpatialStacker.kt:5812:33: error: unresolved reference: GLES31
            GLES31.glBindBuffer(GLES31.GL_SHADER_STORAGE_BUFFER, buffer)
                                ^
mnt/data/photon_26753_work/candidate/app/src/main/java/com/hinnka/mycamera/processor/GlesMgcRawSpatialStacker.kt:5813:22: error: unresolved reference: GLES31
            val bb = GLES31.glMapBufferRange(
                     ^
mnt/data/photon_26753_work/candidate/app/src/main/java/com/hinnka/mycamera/processor/GlesMgcRawSpatialStacker.kt:5814:17: error: unresolved reference: GLES31
                GLES31.GL_SHADER_STORAGE_BUFFER, 0, Int.SIZE_BYTES, GLES31.GL_MAP_READ_BIT,
                ^
mnt/data/photon_26753_work/candidate/app/src/main/java/com/hinnka/mycamera/processor/GlesMgcRawSpatialStacker.kt:5814:69: error: unresolved reference: GLES31
                GLES31.GL_SHADER_STORAGE_BUFFER, 0, Int.SIZE_BYTES, GLES31.GL_MAP_READ_BIT,
                                                                    ^
mnt/data/photon_26753_work/candidate/app/src/main/java/com/hinnka/mycamera/processor/GlesMgcRawSpatialStacker.kt:5818:19: error: unresolved reference: GLES31
            check(GLES31.glUnmapBuffer(GLES31.GL_SHADER_STORAGE_BUFFER)) {
                  ^
mnt/data/photon_26753_work/candidate/app/src/main/java/com/hinnka/mycamera/processor/GlesMgcRawSpatialStacker.kt:5818:40: error: unresolved reference: GLES31
            check(GLES31.glUnmapBuffer(GLES31.GL_SHADER_STORAGE_BUFFER)) {
                                       ^
mnt/data/photon_26753_work/candidate/app/src/main/java/com/hinnka/mycamera/processor/GlesMgcRawSpatialStacker.kt:5822:13: error: unresolved reference: GLES31
            GLES31.glBindBuffer(GLES31.GL_SHADER_STORAGE_BUFFER, 0)
            ^
mnt/data/photon_26753_work/candidate/app/src/main/java/com/hinnka/mycamera/processor/GlesMgcRawSpatialStacker.kt:5822:33: error: unresolved reference: GLES31
            GLES31.glBindBuffer(GLES31.GL_SHADER_STORAGE_BUFFER, 0)
                                ^
mnt/data/photon_26753_work/candidate/app/src/main/java/com/hinnka/mycamera/processor/GlesMgcRawSpatialStacker.kt:5827:17: error: unresolved reference: GLES31
                GLES31.glBindBuffer(GLES31.GL_SHADER_STORAGE_BUFFER, buffer)
                ^
mnt/data/photon_26753_work/candidate/app/src/main/java/com/hinnka/mycamera/processor/GlesMgcRawSpatialStacker.kt:5827:37: error: unresolved reference: GLES31
                GLES31.glBindBuffer(GLES31.GL_SHADER_STORAGE_BUFFER, buffer)
                                    ^
mnt/data/photon_26753_work/candidate/app/src/main/java/com/hinnka/mycamera/processor/GlesMgcRawSpatialStacker.kt:5828:17: error: unresolved reference: GLES31
                GLES31.glUnmapBuffer(GLES31.GL_SHADER_STORAGE_BUFFER)
                ^
mnt/data/photon_26753_work/candidate/app/src/main/java/com/hinnka/mycamera/processor/GlesMgcRawSpatialStacker.kt:5828:38: error: unresolved reference: GLES31
                GLES31.glUnmapBuffer(GLES31.GL_SHADER_STORAGE_BUFFER)
                                     ^
mnt/data/photon_26753_work/candidate/app/src/main/java/com/hinnka/mycamera/processor/GlesMgcRawSpatialStacker.kt:5830:13: error: unresolved reference: GLES31
            GLES31.glBindBufferBase(GLES31.GL_SHADER_STORAGE_BUFFER, 0, 0)
            ^
mnt/data/photon_26753_work/candidate/app/src/main/java/com/hinnka/mycamera/processor/GlesMgcRawSpatialStacker.kt:5830:37: error: unresolved reference: GLES31
            GLES31.glBindBufferBase(GLES31.GL_SHADER_STORAGE_BUFFER, 0, 0)
                                    ^
mnt/data/photon_26753_work/candidate/app/src/main/java/com/hinnka/mycamera/processor/GlesMgcRawSpatialStacker.kt:5831:13: error: unresolved reference: GLES31
            GLES31.glBindBuffer(GLES31.GL_SHADER_STORAGE_BUFFER, 0)
            ^
mnt/data/photon_26753_work/candidate/app/src/main/java/com/hinnka/mycamera/processor/GlesMgcRawSpatialStacker.kt:5831:33: error: unresolved reference: GLES31
            GLES31.glBindBuffer(GLES31.GL_SHADER_STORAGE_BUFFER, 0)
                                ^
mnt/data/photon_26753_work/candidate/app/src/main/java/com/hinnka/mycamera/processor/GlesMgcRawSpatialStacker.kt:5832:41: error: unresolved reference: GLES31
            if (buffers.remove(buffer)) GLES31.glDeleteBuffers(1, intArrayOf(buffer), 0)
                                        ^
mnt/data/photon_26753_work/candidate/app/src/main/java/com/hinnka/mycamera/processor/GlesMgcRawSpatialStacker.kt:5839:60: error: unresolved reference: GLES30
        val probe = createTexture(probeWidth, probeHeight, GLES30.GL_R8, GLES30.GL_NEAREST)
                                                           ^
mnt/data/photon_26753_work/candidate/app/src/main/java/com/hinnka/mycamera/processor/GlesMgcRawSpatialStacker.kt:5839:74: error: unresolved reference: GLES30
        val probe = createTexture(probeWidth, probeHeight, GLES30.GL_R8, GLES30.GL_NEAREST)
                                                                         ^
mnt/data/photon_26753_work/candidate/app/src/main/java/com/hinnka/mycamera/processor/GlesMgcRawSpatialStacker.kt:5843:13: error: unresolved reference: GLES30
            GLES30.glUseProgram(program)
            ^
mnt/data/photon_26753_work/candidate/app/src/main/java/com/hinnka/mycamera/processor/GlesMgcRawSpatialStacker.kt:5906:64: error: unresolved reference: GLES30
        val protectionA = createTexture(gridWidth, gridHeight, GLES30.GL_R8, GLES30.GL_LINEAR)
                                                               ^
mnt/data/photon_26753_work/candidate/app/src/main/java/com/hinnka/mycamera/processor/GlesMgcRawSpatialStacker.kt:5906:78: error: unresolved reference: GLES30
        val protectionA = createTexture(gridWidth, gridHeight, GLES30.GL_R8, GLES30.GL_LINEAR)
                                                                             ^
mnt/data/photon_26753_work/candidate/app/src/main/java/com/hinnka/mycamera/processor/GlesMgcRawSpatialStacker.kt:5907:64: error: unresolved reference: GLES30
        val protectionB = createTexture(gridWidth, gridHeight, GLES30.GL_R8, GLES30.GL_LINEAR)
                                                               ^
mnt/data/photon_26753_work/candidate/app/src/main/java/com/hinnka/mycamera/processor/GlesMgcRawSpatialStacker.kt:5907:78: error: unresolved reference: GLES30
        val protectionB = createTexture(gridWidth, gridHeight, GLES30.GL_R8, GLES30.GL_LINEAR)
                                                                             ^
mnt/data/photon_26753_work/candidate/app/src/main/java/com/hinnka/mycamera/processor/GlesMgcRawSpatialStacker.kt:5910:9: error: unresolved reference: GLES30
        GLES30.glUseProgram(seedProgram)
        ^
mnt/data/photon_26753_work/candidate/app/src/main/java/com/hinnka/mycamera/processor/GlesMgcRawSpatialStacker.kt:5929:13: error: unresolved reference: GLES30
            GLES30.glUseProgram(propagationProgram)
            ^
mnt/data/photon_26753_work/candidate/app/src/main/java/com/hinnka/mycamera/processor/GlesMgcRawSpatialStacker.kt:5961:9: error: unresolved reference: GLES30
        GLES30.glUseProgram(program)
        ^
mnt/data/photon_26753_work/candidate/app/src/main/java/com/hinnka/mycamera/processor/GlesMgcRawSpatialStacker.kt:5979:9: error: unresolved reference: GLES30
        GLES30.glUseProgram(program)
        ^
mnt/data/photon_26753_work/candidate/app/src/main/java/com/hinnka/mycamera/processor/GlesMgcRawSpatialStacker.kt:6005:9: error: unresolved reference: GLES30
        GLES30.glUseProgram(program)
        ^
mnt/data/photon_26753_work/candidate/app/src/main/java/com/hinnka/mycamera/processor/GlesMgcRawSpatialStacker.kt:6028:9: error: unresolved reference: GLES30
        GLES30.glUseProgram(program)
        ^
mnt/data/photon_26753_work/candidate/app/src/main/java/com/hinnka/mycamera/processor/GlesMgcRawSpatialStacker.kt:6038:13: error: unresolved reference: LargeDirectBuffer
            LargeDirectBuffer.allocate(
            ^
mnt/data/photon_26753_work/candidate/app/src/main/java/com/hinnka/mycamera/processor/GlesMgcRawSpatialStacker.kt:6045:13: error: unresolved reference: GLES30
            GLES30.glBindBuffer(GLES30.GL_PIXEL_PACK_BUFFER, 0)
            ^
mnt/data/photon_26753_work/candidate/app/src/main/java/com/hinnka/mycamera/processor/GlesMgcRawSpatialStacker.kt:6045:33: error: unresolved reference: GLES30
            GLES30.glBindBuffer(GLES30.GL_PIXEL_PACK_BUFFER, 0)
                                ^
mnt/data/photon_26753_work/candidate/app/src/main/java/com/hinnka/mycamera/processor/GlesMgcRawSpatialStacker.kt:6046:13: error: unresolved reference: GLES30
            GLES30.glPixelStorei(GLES30.GL_PACK_ALIGNMENT, 1)
            ^
mnt/data/photon_26753_work/candidate/app/src/main/java/com/hinnka/mycamera/processor/GlesMgcRawSpatialStacker.kt:6046:34: error: unresolved reference: GLES30
            GLES30.glPixelStorei(GLES30.GL_PACK_ALIGNMENT, 1)
                                 ^
mnt/data/photon_26753_work/candidate/app/src/main/java/com/hinnka/mycamera/processor/GlesMgcRawSpatialStacker.kt:6047:13: error: unresolved reference: GLES30
            GLES30.glReadPixels(
            ^
mnt/data/photon_26753_work/candidate/app/src/main/java/com/hinnka/mycamera/processor/GlesMgcRawSpatialStacker.kt:6052:17: error: unresolved reference: GLES30
                GLES30.GL_RGBA,
                ^
mnt/data/photon_26753_work/candidate/app/src/main/java/com/hinnka/mycamera/processor/GlesMgcRawSpatialStacker.kt:6053:17: error: unresolved reference: GLES30
                GLES30.GL_HALF_FLOAT,
                ^
mnt/data/photon_26753_work/candidate/app/src/main/java/com/hinnka/mycamera/processor/GlesMgcRawSpatialStacker.kt:6056:13: error: unresolved reference: GLES30
            GLES30.glBindFramebuffer(GLES30.GL_FRAMEBUFFER, 0)
            ^
mnt/data/photon_26753_work/candidate/app/src/main/java/com/hinnka/mycamera/processor/GlesMgcRawSpatialStacker.kt:6056:38: error: unresolved reference: GLES30
            GLES30.glBindFramebuffer(GLES30.GL_FRAMEBUFFER, 0)
                                     ^
mnt/data/photon_26753_work/candidate/app/src/main/java/com/hinnka/mycamera/processor/GlesMgcRawSpatialStacker.kt:6062:13: error: unresolved reference: LargeDirectBuffer
            LargeDirectBuffer.free(output)
            ^
mnt/data/photon_26753_work/candidate/app/src/main/java/com/hinnka/mycamera/processor/GlesMgcRawSpatialStacker.kt:6074:9: error: unresolved reference: GLES30
        GLES30.glBindBuffer(GLES30.GL_PIXEL_UNPACK_BUFFER, 0)
        ^
mnt/data/photon_26753_work/candidate/app/src/main/java/com/hinnka/mycamera/processor/GlesMgcRawSpatialStacker.kt:6074:29: error: unresolved reference: GLES30
        GLES30.glBindBuffer(GLES30.GL_PIXEL_UNPACK_BUFFER, 0)
                            ^
mnt/data/photon_26753_work/candidate/app/src/main/java/com/hinnka/mycamera/processor/GlesMgcRawSpatialStacker.kt:6075:9: error: unresolved reference: GLES30
        GLES30.glPixelStorei(GLES30.GL_UNPACK_ALIGNMENT, 1)
        ^
mnt/data/photon_26753_work/candidate/app/src/main/java/com/hinnka/mycamera/processor/GlesMgcRawSpatialStacker.kt:6075:30: error: unresolved reference: GLES30
        GLES30.glPixelStorei(GLES30.GL_UNPACK_ALIGNMENT, 1)
                             ^
mnt/data/photon_26753_work/candidate/app/src/main/java/com/hinnka/mycamera/processor/GlesMgcRawSpatialStacker.kt:6080:13: error: unresolved reference: GLES30
            GLES30.glBindTexture(GLES30.GL_TEXTURE_2D, texture)
            ^
mnt/data/photon_26753_work/candidate/app/src/main/java/com/hinnka/mycamera/processor/GlesMgcRawSpatialStacker.kt:6080:34: error: unresolved reference: GLES30
            GLES30.glBindTexture(GLES30.GL_TEXTURE_2D, texture)
                                 ^
mnt/data/photon_26753_work/candidate/app/src/main/java/com/hinnka/mycamera/processor/GlesMgcRawSpatialStacker.kt:6081:13: error: unresolved reference: GLES30
            GLES30.glTexSubImage2D(
            ^
mnt/data/photon_26753_work/candidate/app/src/main/java/com/hinnka/mycamera/processor/GlesMgcRawSpatialStacker.kt:6082:17: error: unresolved reference: GLES30
                GLES30.GL_TEXTURE_2D,
                ^
mnt/data/photon_26753_work/candidate/app/src/main/java/com/hinnka/mycamera/processor/GlesMgcRawSpatialStacker.kt:6088:17: error: unresolved reference: GLES30
                GLES30.GL_RED_INTEGER,
                ^
mnt/data/photon_26753_work/candidate/app/src/main/java/com/hinnka/mycamera/processor/GlesMgcRawSpatialStacker.kt:6089:17: error: unresolved reference: GLES30
                GLES30.GL_UNSIGNED_SHORT,
                ^
mnt/data/photon_26753_work/candidate/app/src/main/java/com/hinnka/mycamera/processor/GlesMgcRawSpatialStacker.kt:6093:9: error: unresolved reference: GLES30
        GLES30.glBindTexture(GLES30.GL_TEXTURE_2D, 0)
        ^
mnt/data/photon_26753_work/candidate/app/src/main/java/com/hinnka/mycamera/processor/GlesMgcRawSpatialStacker.kt:6093:30: error: unresolved reference: GLES30
        GLES30.glBindTexture(GLES30.GL_TEXTURE_2D, 0)
                             ^
mnt/data/photon_26753_work/candidate/app/src/main/java/com/hinnka/mycamera/processor/GlesMgcRawSpatialStacker.kt:6155:9: error: unresolved reference: PLog
        PLog.i(SABRE_TAG, "IRIS_26605_HDR_DOMAIN_STATS $details")
        ^
mnt/data/photon_26753_work/candidate/app/src/main/java/com/hinnka/mycamera/processor/GlesMgcRawSpatialStacker.kt:6156:9: error: unresolved reference: MotionTrace
        MotionTrace.processingState("IRIS_26605_HDR_DOMAIN_STATS", details)
        ^
mnt/data/photon_26753_work/candidate/app/src/main/java/com/hinnka/mycamera/processor/GlesMgcRawSpatialStacker.kt:6159:54: error: unresolved reference: GlesIris26529SpatialRgbChromaPostprocessor
    private fun createSabreRgbChromaPostprocessor(): GlesIris26529SpatialRgbChromaPostprocessor =
                                                     ^
mnt/data/photon_26753_work/candidate/app/src/main/java/com/hinnka/mycamera/processor/GlesMgcRawSpatialStacker.kt:6160:9: error: unresolved reference: GlesIris26529SpatialRgbChromaPostprocessor
        GlesIris26529SpatialRgbChromaPostprocessor(
        ^
mnt/data/photon_26753_work/candidate/app/src/main/java/com/hinnka/mycamera/processor/GlesMgcRawSpatialStacker.kt:6166:29: error: unresolved reference: GlesIris26529SpatialRgbChromaPostprocessor
            host = object : GlesIris26529SpatialRgbChromaPostprocessor.Host {
                            ^
mnt/data/photon_26753_work/candidate/app/src/main/java/com/hinnka/mycamera/processor/GlesMgcRawSpatialStacker.kt:6167:17: error: 'linkComputeProgram' overrides nothing
                override fun linkComputeProgram(source: String, name: String): Int =
                ^
mnt/data/photon_26753_work/candidate/app/src/main/java/com/hinnka/mycamera/processor/GlesMgcRawSpatialStacker.kt:6170:17: error: 'createRgba16UiTexture' overrides nothing
                override fun createRgba16UiTexture(width: Int, height: Int, label: String): Int =
                ^
mnt/data/photon_26753_work/candidate/app/src/main/java/com/hinnka/mycamera/processor/GlesMgcRawSpatialStacker.kt:6171:50: error: unresolved reference: GLES30
                    createTexture(width, height, GLES30.GL_RGBA16UI, GLES30.GL_NEAREST)
                                                 ^
mnt/data/photon_26753_work/candidate/app/src/main/java/com/hinnka/mycamera/processor/GlesMgcRawSpatialStacker.kt:6171:70: error: unresolved reference: GLES30
                    createTexture(width, height, GLES30.GL_RGBA16UI, GLES30.GL_NEAREST)
                                                                     ^
mnt/data/photon_26753_work/candidate/app/src/main/java/com/hinnka/mycamera/processor/GlesMgcRawSpatialStacker.kt:6173:17: error: 'releaseTexture' overrides nothing
                override fun releaseTexture(texture: Int, label: String) =
                ^
mnt/data/photon_26753_work/candidate/app/src/main/java/com/hinnka/mycamera/processor/GlesMgcRawSpatialStacker.kt:6176:17: error: 'transferTextureOwnership' overrides nothing
                override fun transferTextureOwnership(texture: Int, label: String) {
                ^
mnt/data/photon_26753_work/candidate/app/src/main/java/com/hinnka/mycamera/processor/GlesMgcRawSpatialStacker.kt:6181:17: error: 'uniformLocation' overrides nothing
                override fun uniformLocation(program: Int, name: String): Int =
                ^
mnt/data/photon_26753_work/candidate/app/src/main/java/com/hinnka/mycamera/processor/GlesMgcRawSpatialStacker.kt:6184:17: error: 'checkGlError' overrides nothing
                override fun checkGlError(label: String) =
                ^
mnt/data/photon_26753_work/candidate/app/src/main/java/com/hinnka/mycamera/processor/GlesMgcRawSpatialStacker.kt:6187:17: error: 'yieldToUiRenderer' overrides nothing
                override fun yieldToUiRenderer() = GlesGpuScheduler.yieldToUiRenderer()
                ^
mnt/data/photon_26753_work/candidate/app/src/main/java/com/hinnka/mycamera/processor/GlesMgcRawSpatialStacker.kt:6187:52: error: unresolved reference: GlesGpuScheduler
                override fun yieldToUiRenderer() = GlesGpuScheduler.yieldToUiRenderer()
                                                   ^
mnt/data/photon_26753_work/candidate/app/src/main/java/com/hinnka/mycamera/processor/GlesMgcRawSpatialStacker.kt:6196:9: error: unresolved reference: GLES31
        GLES31.glUseProgram(sabreRgb16ToFloatProgram)
        ^
mnt/data/photon_26753_work/candidate/app/src/main/java/com/hinnka/mycamera/processor/GlesMgcRawSpatialStacker.kt:6198:9: error: unresolved reference: GLES31
        GLES31.glBindImageTexture(
        ^
mnt/data/photon_26753_work/candidate/app/src/main/java/com/hinnka/mycamera/processor/GlesMgcRawSpatialStacker.kt:6199:37: error: unresolved reference: GLES31
            0, source, 0, false, 0, GLES31.GL_READ_ONLY, GLES30.GL_RGBA16UI,
                                    ^
mnt/data/photon_26753_work/candidate/app/src/main/java/com/hinnka/mycamera/processor/GlesMgcRawSpatialStacker.kt:6199:58: error: unresolved reference: GLES30
            0, source, 0, false, 0, GLES31.GL_READ_ONLY, GLES30.GL_RGBA16UI,
                                                         ^
mnt/data/photon_26753_work/candidate/app/src/main/java/com/hinnka/mycamera/processor/GlesMgcRawSpatialStacker.kt:6201:9: error: unresolved reference: GLES31
        GLES31.glBindImageTexture(
        ^
mnt/data/photon_26753_work/candidate/app/src/main/java/com/hinnka/mycamera/processor/GlesMgcRawSpatialStacker.kt:6202:37: error: unresolved reference: GLES31
            1, target, 0, false, 0, GLES31.GL_WRITE_ONLY, GLES30.GL_RGBA16F,
                                    ^
mnt/data/photon_26753_work/candidate/app/src/main/java/com/hinnka/mycamera/processor/GlesMgcRawSpatialStacker.kt:6202:59: error: unresolved reference: GLES30
            1, target, 0, false, 0, GLES31.GL_WRITE_ONLY, GLES30.GL_RGBA16F,
                                                          ^
mnt/data/photon_26753_work/candidate/app/src/main/java/com/hinnka/mycamera/processor/GlesMgcRawSpatialStacker.kt:6204:9: error: unresolved reference: GLES31
        GLES31.glDispatchCompute(
        ^
mnt/data/photon_26753_work/candidate/app/src/main/java/com/hinnka/mycamera/processor/GlesMgcRawSpatialStacker.kt:6205:13: error: unresolved reference: GlesComputeWorkGroup
            GlesComputeWorkGroup.imageGroupCount(width),
            ^
mnt/data/photon_26753_work/candidate/app/src/main/java/com/hinnka/mycamera/processor/GlesMgcRawSpatialStacker.kt:6206:13: error: unresolved reference: GlesComputeWorkGroup
            GlesComputeWorkGroup.imageGroupCount(height),
            ^
mnt/data/photon_26753_work/candidate/app/src/main/java/com/hinnka/mycamera/processor/GlesMgcRawSpatialStacker.kt:6209:9: error: unresolved reference: GlesGpuScheduler
        GlesGpuScheduler.memoryBarrier()
        ^
mnt/data/photon_26753_work/candidate/app/src/main/java/com/hinnka/mycamera/processor/GlesMgcRawSpatialStacker.kt:6210:9: error: unresolved reference: GLES31
        GLES31.glBindImageTexture(0, 0, 0, false, 0, GLES31.GL_READ_ONLY, GLES30.GL_RGBA16UI)
        ^
mnt/data/photon_26753_work/candidate/app/src/main/java/com/hinnka/mycamera/processor/GlesMgcRawSpatialStacker.kt:6210:54: error: unresolved reference: GLES31
        GLES31.glBindImageTexture(0, 0, 0, false, 0, GLES31.GL_READ_ONLY, GLES30.GL_RGBA16UI)
                                                     ^
mnt/data/photon_26753_work/candidate/app/src/main/java/com/hinnka/mycamera/processor/GlesMgcRawSpatialStacker.kt:6210:75: error: unresolved reference: GLES30
        GLES31.glBindImageTexture(0, 0, 0, false, 0, GLES31.GL_READ_ONLY, GLES30.GL_RGBA16UI)
                                                                          ^
mnt/data/photon_26753_work/candidate/app/src/main/java/com/hinnka/mycamera/processor/GlesMgcRawSpatialStacker.kt:6211:9: error: unresolved reference: GLES31
        GLES31.glBindImageTexture(1, 0, 0, false, 0, GLES31.GL_WRITE_ONLY, GLES30.GL_RGBA16F)
        ^
mnt/data/photon_26753_work/candidate/app/src/main/java/com/hinnka/mycamera/processor/GlesMgcRawSpatialStacker.kt:6211:54: error: unresolved reference: GLES31
        GLES31.glBindImageTexture(1, 0, 0, false, 0, GLES31.GL_WRITE_ONLY, GLES30.GL_RGBA16F)
                                                     ^
mnt/data/photon_26753_work/candidate/app/src/main/java/com/hinnka/mycamera/processor/GlesMgcRawSpatialStacker.kt:6211:76: error: unresolved reference: GLES30
        GLES31.glBindImageTexture(1, 0, 0, false, 0, GLES31.GL_WRITE_ONLY, GLES30.GL_RGBA16F)
                                                                           ^
mnt/data/photon_26753_work/candidate/app/src/main/java/com/hinnka/mycamera/processor/GlesMgcRawSpatialStacker.kt:6222:9: error: unresolved reference: GLES30
        GLES30.glUseProgram(program)
        ^
mnt/data/photon_26753_work/candidate/app/src/main/java/com/hinnka/mycamera/processor/GlesMgcRawSpatialStacker.kt:6227:9: error: unresolved reference: GlesGpuScheduler
        GlesGpuScheduler.memoryBarrier()
        ^
mnt/data/photon_26753_work/candidate/app/src/main/java/com/hinnka/mycamera/processor/GlesMgcRawSpatialStacker.kt:6237:38: error: unresolved reference: GLES30
            probeWidth, probeHeight, GLES30.GL_RGBA16F, GLES30.GL_NEAREST,
                                     ^
mnt/data/photon_26753_work/candidate/app/src/main/java/com/hinnka/mycamera/processor/GlesMgcRawSpatialStacker.kt:6237:57: error: unresolved reference: GLES30
            probeWidth, probeHeight, GLES30.GL_RGBA16F, GLES30.GL_NEAREST,
                                                        ^
mnt/data/photon_26753_work/candidate/app/src/main/java/com/hinnka/mycamera/processor/GlesMgcRawSpatialStacker.kt:6243:13: error: unresolved reference: GLES30
            GLES30.glUseProgram(program)
            ^
mnt/data/photon_26753_work/candidate/app/src/main/java/com/hinnka/mycamera/processor/GlesMgcRawSpatialStacker.kt:6247:13: error: unresolved reference: GlesGpuScheduler
            GlesGpuScheduler.memoryBarrier()
            ^
mnt/data/photon_26753_work/candidate/app/src/main/java/com/hinnka/mycamera/processor/GlesMgcRawSpatialStacker.kt:6249:13: error: unresolved reference: GLES30
            GLES30.glBindBuffer(GLES30.GL_PIXEL_PACK_BUFFER, 0)
            ^
mnt/data/photon_26753_work/candidate/app/src/main/java/com/hinnka/mycamera/processor/GlesMgcRawSpatialStacker.kt:6249:33: error: unresolved reference: GLES30
            GLES30.glBindBuffer(GLES30.GL_PIXEL_PACK_BUFFER, 0)
                                ^
mnt/data/photon_26753_work/candidate/app/src/main/java/com/hinnka/mycamera/processor/GlesMgcRawSpatialStacker.kt:6250:13: error: unresolved reference: GLES30
            GLES30.glPixelStorei(GLES30.GL_PACK_ALIGNMENT, 1)
            ^
mnt/data/photon_26753_work/candidate/app/src/main/java/com/hinnka/mycamera/processor/GlesMgcRawSpatialStacker.kt:6250:34: error: unresolved reference: GLES30
            GLES30.glPixelStorei(GLES30.GL_PACK_ALIGNMENT, 1)
                                 ^
mnt/data/photon_26753_work/candidate/app/src/main/java/com/hinnka/mycamera/processor/GlesMgcRawSpatialStacker.kt:6251:13: error: unresolved reference: GLES30
            GLES30.glReadPixels(
            ^
mnt/data/photon_26753_work/candidate/app/src/main/java/com/hinnka/mycamera/processor/GlesMgcRawSpatialStacker.kt:6253:17: error: unresolved reference: GLES30
                GLES30.GL_RGBA, GLES30.GL_HALF_FLOAT, readback,
                ^
mnt/data/photon_26753_work/candidate/app/src/main/java/com/hinnka/mycamera/processor/GlesMgcRawSpatialStacker.kt:6253:33: error: unresolved reference: GLES30
                GLES30.GL_RGBA, GLES30.GL_HALF_FLOAT, readback,
                                ^
mnt/data/photon_26753_work/candidate/app/src/main/java/com/hinnka/mycamera/processor/GlesMgcRawSpatialStacker.kt:6255:13: error: unresolved reference: GLES30
            GLES30.glBindFramebuffer(GLES30.GL_FRAMEBUFFER, 0)
            ^
mnt/data/photon_26753_work/candidate/app/src/main/java/com/hinnka/mycamera/processor/GlesMgcRawSpatialStacker.kt:6255:38: error: unresolved reference: GLES30
            GLES30.glBindFramebuffer(GLES30.GL_FRAMEBUFFER, 0)
                                     ^
mnt/data/photon_26753_work/candidate/app/src/main/java/com/hinnka/mycamera/processor/GlesMgcRawSpatialStacker.kt:6262:25: error: unresolved reference: Half
                val r = Half.toFloat(half.get(index * 4))
                        ^
mnt/data/photon_26753_work/candidate/app/src/main/java/com/hinnka/mycamera/processor/GlesMgcRawSpatialStacker.kt:6263:25: error: unresolved reference: Half
                val g = Half.toFloat(half.get(index * 4 + 1))
                        ^
mnt/data/photon_26753_work/candidate/app/src/main/java/com/hinnka/mycamera/processor/GlesMgcRawSpatialStacker.kt:6264:25: error: unresolved reference: Half
                val b = Half.toFloat(half.get(index * 4 + 2))
                        ^
mnt/data/photon_26753_work/candidate/app/src/main/java/com/hinnka/mycamera/processor/GlesMgcRawSpatialStacker.kt:6265:36: error: overload resolution ambiguity: 
public inline fun max(a: Double, b: Double): Double defined in kotlin.math
public inline fun max(a: Float, b: Float): Float defined in kotlin.math
public inline fun max(a: Int, b: Int): Int defined in kotlin.math
public inline fun max(a: Long, b: Long): Long defined in kotlin.math
public inline fun max(a: UInt, b: UInt): UInt defined in kotlin.math
public inline fun max(a: ULong, b: ULong): ULong defined in kotlin.math
                val value = max(r, max(g, b))
                                   ^
mnt/data/photon_26753_work/candidate/app/src/main/java/com/hinnka/mycamera/processor/GlesMgcRawSpatialStacker.kt:6267:25: error: overload resolution ambiguity: 
public operator fun <T> Collection<TypeVariable(T)>.plus(elements: Array<out TypeVariable(T)>): List<TypeVariable(T)> defined in kotlin.collections
public operator fun <T> Collection<TypeVariable(T)>.plus(elements: Iterable<TypeVariable(T)>): List<TypeVariable(T)> defined in kotlin.collections
public operator fun <T> Collection<TypeVariable(T)>.plus(elements: Sequence<TypeVariable(T)>): List<TypeVariable(T)> defined in kotlin.collections
public operator fun <T> Iterable<TypeVariable(T)>.plus(elements: Array<out TypeVariable(T)>): List<TypeVariable(T)> defined in kotlin.collections
public operator fun <T> Iterable<TypeVariable(T)>.plus(elements: Iterable<TypeVariable(T)>): List<TypeVariable(T)> defined in kotlin.collections
public operator fun <T> Iterable<TypeVariable(T)>.plus(elements: Sequence<TypeVariable(T)>): List<TypeVariable(T)> defined in kotlin.collections
                samples += value
                        ^
mnt/data/photon_26753_work/candidate/app/src/main/java/com/hinnka/mycamera/processor/GlesMgcRawSpatialStacker.kt:6285:13: error: unresolved reference: PLog
            PLog.i(SABRE_TAG, "IRIS_26605_HDR_DOMAIN_STATS $details")
            ^
mnt/data/photon_26753_work/candidate/app/src/main/java/com/hinnka/mycamera/processor/GlesMgcRawSpatialStacker.kt:6286:13: error: unresolved reference: MotionTrace
            MotionTrace.processingState("IRIS_26605_HDR_DOMAIN_STATS", details)
            ^
mnt/data/photon_26753_work/candidate/app/src/main/java/com/hinnka/mycamera/processor/GlesMgcRawSpatialStacker.kt:6295:13: error: unresolved reference: LargeDirectBuffer
            LargeDirectBuffer.allocate(outputBytes, "MGC Sabre RGB16 output"),
            ^
mnt/data/photon_26753_work/candidate/app/src/main/java/com/hinnka/mycamera/processor/GlesMgcRawSpatialStacker.kt:6299:13: error: unresolved reference: LargeDirectBuffer
            LargeDirectBuffer.allocate(
            ^
mnt/data/photon_26753_work/candidate/app/src/main/java/com/hinnka/mycamera/processor/GlesMgcRawSpatialStacker.kt:6306:13: error: unresolved reference: GLES30
            GLES30.glBindBuffer(GLES30.GL_PIXEL_PACK_BUFFER, 0)
            ^
mnt/data/photon_26753_work/candidate/app/src/main/java/com/hinnka/mycamera/processor/GlesMgcRawSpatialStacker.kt:6306:33: error: unresolved reference: GLES30
            GLES30.glBindBuffer(GLES30.GL_PIXEL_PACK_BUFFER, 0)
                                ^
mnt/data/photon_26753_work/candidate/app/src/main/java/com/hinnka/mycamera/processor/GlesMgcRawSpatialStacker.kt:6307:13: error: unresolved reference: GLES30
            GLES30.glPixelStorei(GLES30.GL_PACK_ALIGNMENT, 1)
            ^
mnt/data/photon_26753_work/candidate/app/src/main/java/com/hinnka/mycamera/processor/GlesMgcRawSpatialStacker.kt:6307:34: error: unresolved reference: GLES30
            GLES30.glPixelStorei(GLES30.GL_PACK_ALIGNMENT, 1)
                                 ^
mnt/data/photon_26753_work/candidate/app/src/main/java/com/hinnka/mycamera/processor/GlesMgcRawSpatialStacker.kt:6313:17: error: unresolved reference: GLES30
                GLES30.glReadPixels(
                ^
mnt/data/photon_26753_work/candidate/app/src/main/java/com/hinnka/mycamera/processor/GlesMgcRawSpatialStacker.kt:6318:21: error: unresolved reference: GLES30
                    GLES30.GL_RGBA_INTEGER,
                    ^
mnt/data/photon_26753_work/candidate/app/src/main/java/com/hinnka/mycamera/processor/GlesMgcRawSpatialStacker.kt:6319:21: error: unresolved reference: GLES30
                    GLES30.GL_UNSIGNED_SHORT,
                    ^
mnt/data/photon_26753_work/candidate/app/src/main/java/com/hinnka/mycamera/processor/GlesMgcRawSpatialStacker.kt:6334:13: error: unresolved reference: GLES30
            GLES30.glBindFramebuffer(GLES30.GL_FRAMEBUFFER, 0)
            ^
mnt/data/photon_26753_work/candidate/app/src/main/java/com/hinnka/mycamera/processor/GlesMgcRawSpatialStacker.kt:6334:38: error: unresolved reference: GLES30
            GLES30.glBindFramebuffer(GLES30.GL_FRAMEBUFFER, 0)
                                     ^
mnt/data/photon_26753_work/candidate/app/src/main/java/com/hinnka/mycamera/processor/GlesMgcRawSpatialStacker.kt:6340:13: error: unresolved reference: LargeDirectBuffer
            LargeDirectBuffer.free(output)
            ^
mnt/data/photon_26753_work/candidate/app/src/main/java/com/hinnka/mycamera/processor/GlesMgcRawSpatialStacker.kt:6343:13: error: unresolved reference: LargeDirectBuffer
            LargeDirectBuffer.free(readback)
            ^
mnt/data/photon_26753_work/candidate/app/src/main/java/com/hinnka/mycamera/processor/GlesMgcRawSpatialStacker.kt:6355:13: error: unresolved reference: GlesMgcRawSabreShaders
            GlesMgcRawSabreShaders.convertAlignmentSparse,
            ^
mnt/data/photon_26753_work/candidate/app/src/main/java/com/hinnka/mycamera/processor/GlesMgcRawSpatialStacker.kt:6359:13: error: unresolved reference: GlesMgcRawSabreShaders
            GlesMgcRawSabreShaders.extractBayer,
            ^
mnt/data/photon_26753_work/candidate/app/src/main/java/com/hinnka/mycamera/processor/GlesMgcRawSpatialStacker.kt:6363:13: error: unresolved reference: GlesMgcRawSabreShaders
            GlesMgcRawSabreShaders.guideAndCovariance,
            ^
mnt/data/photon_26753_work/candidate/app/src/main/java/com/hinnka/mycamera/processor/GlesMgcRawSpatialStacker.kt:6366:40: error: unresolved reference: GlesMgcRawSpatialShaders
        rawToGrayProgram = linkProgram(GlesMgcRawSpatialShaders.rawToGray, "mgc_sabre_raw_to_gray")
                                       ^
mnt/data/photon_26753_work/candidate/app/src/main/java/com/hinnka/mycamera/processor/GlesMgcRawSpatialStacker.kt:6368:13: error: unresolved reference: GlesMgcRawSpatialShaders
            GlesMgcRawSpatialShaders.grayDownsample,
            ^
mnt/data/photon_26753_work/candidate/app/src/main/java/com/hinnka/mycamera/processor/GlesMgcRawSpatialStacker.kt:6372:13: error: unresolved reference: GlesMgcRawSpatialShaders
            GlesMgcRawSpatialShaders.grayDownsample4,
            ^
mnt/data/photon_26753_work/candidate/app/src/main/java/com/hinnka/mycamera/processor/GlesMgcRawSpatialStacker.kt:6376:13: error: unresolved reference: GlesMgcRawSpatialShaders
            GlesMgcRawSpatialShaders.alignmentGradientProducts,
            ^
mnt/data/photon_26753_work/candidate/app/src/main/java/com/hinnka/mycamera/processor/GlesMgcRawSpatialStacker.kt:6380:13: error: unresolved reference: GlesMgcRawSpatialShaders
            GlesMgcRawSpatialShaders.upsampleAlignment,
            ^
mnt/data/photon_26753_work/candidate/app/src/main/java/com/hinnka/mycamera/processor/GlesMgcRawSpatialStacker.kt:6384:13: error: unresolved reference: GlesMgcRawSpatialShaders
            GlesMgcRawSpatialShaders.blockLucasKanade,
            ^
mnt/data/photon_26753_work/candidate/app/src/main/java/com/hinnka/mycamera/processor/GlesMgcRawSpatialStacker.kt:6388:13: error: unresolved reference: GlesMgcRawSpatialShaders
            GlesMgcRawSpatialShaders.convertAlignment,
            ^
mnt/data/photon_26753_work/candidate/app/src/main/java/com/hinnka/mycamera/processor/GlesMgcRawSpatialStacker.kt:6391:40: error: unresolved reference: GlesMgcRawSpatialShaders
        unblockerProgram = linkProgram(GlesMgcRawSpatialShaders.unblocker, "mgc_sabre_unblocker")
                                       ^
mnt/data/photon_26753_work/candidate/app/src/main/java/com/hinnka/mycamera/processor/GlesMgcRawSpatialStacker.kt:6393:13: error: unresolved reference: GlesMgcRawSabreShaders
            GlesMgcRawSabreShaders.rejection,
            ^
mnt/data/photon_26753_work/candidate/app/src/main/java/com/hinnka/mycamera/processor/GlesMgcRawSpatialStacker.kt:6397:13: error: unresolved reference: GlesMgcRawSpatialShaders
            GlesMgcRawSpatialShaders.dilateRejection,
            ^
mnt/data/photon_26753_work/candidate/app/src/main/java/com/hinnka/mycamera/processor/GlesMgcRawSpatialStacker.kt:6400:41: error: unresolved reference: GlesMgcRawSabreShaders
        sabreMergeProgram = linkProgram(GlesMgcRawSabreShaders.merge, "mgc_sabre_merge")
                                        ^
mnt/data/photon_26753_work/candidate/app/src/main/java/com/hinnka/mycamera/processor/GlesMgcRawSpatialStacker.kt:6443:13: error: unresolved reference: GlesMgcRawSabreShaders
            GlesMgcRawSabreShaders.universalNormalMasterShortFusion26651,
            ^
mnt/data/photon_26753_work/candidate/app/src/main/java/com/hinnka/mycamera/processor/GlesMgcRawSpatialStacker.kt:6447:13: error: unresolved reference: GlesMgcRawSabreShaders
            GlesMgcRawSabreShaders.universalShortValidityAugment26651,
            ^
mnt/data/photon_26753_work/candidate/app/src/main/java/com/hinnka/mycamera/processor/GlesMgcRawSpatialStacker.kt:6451:13: error: unresolved reference: GlesMgcRawSabreShaders
            GlesMgcRawSabreShaders.universalFusionTelemetry26651,
            ^
mnt/data/photon_26753_work/candidate/app/src/main/java/com/hinnka/mycamera/processor/GlesMgcRawSpatialStacker.kt:6463:17: error: unresolved reference: GlesMgcRawSabreShaders
                GlesMgcRawSabreShaders.normalDngMerge,
                ^
mnt/data/photon_26753_work/candidate/app/src/main/java/com/hinnka/mycamera/processor/GlesMgcRawSpatialStacker.kt:6467:17: error: unresolved reference: GlesMgcRawSpatialShaders
                GlesMgcRawSpatialShaders.normalizeBayer,
                ^
mnt/data/photon_26753_work/candidate/app/src/main/java/com/hinnka/mycamera/processor/GlesMgcRawSpatialStacker.kt:6472:13: error: unresolved reference: GlesMgcRawSabreShaders
            GlesMgcRawSabreShaders.copyMask,
            ^
mnt/data/photon_26753_work/candidate/app/src/main/java/com/hinnka/mycamera/processor/GlesMgcRawSpatialStacker.kt:6476:13: error: unresolved reference: GlesMgcRawSabreShaders
            GlesMgcRawSabreShaders.copyAlpha,
            ^
mnt/data/photon_26753_work/candidate/app/src/main/java/com/hinnka/mycamera/processor/GlesMgcRawSpatialStacker.kt:6480:13: error: unresolved reference: GlesMgcRawSabreShaders
            GlesMgcRawSabreShaders.reciprocalGreenWeight4x4,
            ^
mnt/data/photon_26753_work/candidate/app/src/main/java/com/hinnka/mycamera/processor/GlesMgcRawSpatialStacker.kt:6484:13: error: unresolved reference: GlesMgcRawSabreShaders
            GlesMgcRawSabreShaders.dehomogenize,
            ^
mnt/data/photon_26753_work/candidate/app/src/main/java/com/hinnka/mycamera/processor/GlesMgcRawSpatialStacker.kt:6489:17: error: unresolved reference: GlesMgcRawSabreShaders
                GlesMgcRawSabreShaders.outputTransformHdrDirectionUint16
                ^
mnt/data/photon_26753_work/candidate/app/src/main/java/com/hinnka/mycamera/processor/GlesMgcRawSpatialStacker.kt:6491:17: error: unresolved reference: GlesMgcRawSabreShaders
                GlesMgcRawSabreShaders.outputTransformUint16
                ^
mnt/data/photon_26753_work/candidate/app/src/main/java/com/hinnka/mycamera/processor/GlesMgcRawSpatialStacker.kt:6501:17: error: unresolved reference: GlesMgcRawSabreShaders
                GlesMgcRawSabreShaders.outputTransformFloat,
                ^
mnt/data/photon_26753_work/candidate/app/src/main/java/com/hinnka/mycamera/processor/GlesMgcRawSpatialStacker.kt:6505:17: error: unresolved reference: GlesMgcRawSabreShaders
                GlesMgcRawSabreShaders.restoreExtendedHdrAfterVgn,
                ^
mnt/data/photon_26753_work/candidate/app/src/main/java/com/hinnka/mycamera/processor/GlesMgcRawSpatialStacker.kt:6509:17: error: unresolved reference: GlesMgcRawSabreShaders
                GlesMgcRawSabreShaders.extendedHdrTelemetryProbe,
                ^
mnt/data/photon_26753_work/candidate/app/src/main/java/com/hinnka/mycamera/processor/GlesMgcRawSpatialStacker.kt:6513:64: error: unresolved reference: GpuLinearRgbStorage
        if (exportGpuLinearRgbSource && gpuLinearRgbStorage == GpuLinearRgbStorage.RGBA16F) {
                                                               ^
mnt/data/photon_26753_work/candidate/app/src/main/java/com/hinnka/mycamera/processor/GlesMgcRawSpatialStacker.kt:6515:17: error: unresolved reference: GlesIris26521SpatialRgbShaders
                GlesIris26521SpatialRgbShaders.copyRgb16ToFloat,
                ^
mnt/data/photon_26753_work/candidate/app/src/main/java/com/hinnka/mycamera/processor/GlesMgcRawSpatialStacker.kt:6520:13: error: unresolved reference: it
            it.initPrograms()
            ^
mnt/data/photon_26753_work/candidate/app/src/main/java/com/hinnka/mycamera/processor/GlesMgcRawSpatialStacker.kt:6528:36: error: unresolved reference: GlesMgcRawSpatialShaders
        guideProgram = linkProgram(GlesMgcRawSpatialShaders.guide, "mgc_spatial_guide")
                                   ^
mnt/data/photon_26753_work/candidate/app/src/main/java/com/hinnka/mycamera/processor/GlesMgcRawSpatialStacker.kt:6529:27: error: unresolved reference: MgcSpatialOutputMode
        if (outputMode == MgcSpatialOutputMode.RGB || mergeMethod == MgcMergeMethod.SABRE) {
                          ^
mnt/data/photon_26753_work/candidate/app/src/main/java/com/hinnka/mycamera/processor/GlesMgcRawSpatialStacker.kt:6529:70: error: unresolved reference: MgcMergeMethod
        if (outputMode == MgcSpatialOutputMode.RGB || mergeMethod == MgcMergeMethod.SABRE) {
                                                                     ^
mnt/data/photon_26753_work/candidate/app/src/main/java/com/hinnka/mycamera/processor/GlesMgcRawSpatialStacker.kt:6531:17: error: unresolved reference: GlesMgcRawSpatialShaders
                GlesMgcRawSpatialShaders.covariance,
                ^
mnt/data/photon_26753_work/candidate/app/src/main/java/com/hinnka/mycamera/processor/GlesMgcRawSpatialStacker.kt:6535:17: error: unresolved reference: GlesMgcRawSpatialShaders
                GlesMgcRawSpatialShaders.rgbChromaGuide,
                ^
mnt/data/photon_26753_work/candidate/app/src/main/java/com/hinnka/mycamera/processor/GlesMgcRawSpatialStacker.kt:6539:40: error: unresolved reference: GlesMgcRawSpatialShaders
        rawToGrayProgram = linkProgram(GlesMgcRawSpatialShaders.rawToGray, "mgc_raw_to_gray")
                                       ^
mnt/data/photon_26753_work/candidate/app/src/main/java/com/hinnka/mycamera/processor/GlesMgcRawSpatialStacker.kt:6541:13: error: unresolved reference: GlesMgcRawSpatialShaders
            GlesMgcRawSpatialShaders.grayDownsample,
            ^
mnt/data/photon_26753_work/candidate/app/src/main/java/com/hinnka/mycamera/processor/GlesMgcRawSpatialStacker.kt:6545:13: error: unresolved reference: GlesMgcRawSpatialShaders
            GlesMgcRawSpatialShaders.grayDownsample4,
            ^
mnt/data/photon_26753_work/candidate/app/src/main/java/com/hinnka/mycamera/processor/GlesMgcRawSpatialStacker.kt:6549:13: error: unresolved reference: GlesMgcRawSpatialShaders
            GlesMgcRawSpatialShaders.alignmentGradientProducts,
            ^
mnt/data/photon_26753_work/candidate/app/src/main/java/com/hinnka/mycamera/processor/GlesMgcRawSpatialStacker.kt:6553:13: error: unresolved reference: GlesMgcRawSpatialShaders
            GlesMgcRawSpatialShaders.upsampleAlignment,
            ^
mnt/data/photon_26753_work/candidate/app/src/main/java/com/hinnka/mycamera/processor/GlesMgcRawSpatialStacker.kt:6557:13: error: unresolved reference: GlesMgcRawSpatialShaders
            GlesMgcRawSpatialShaders.blockLucasKanade,
            ^
mnt/data/photon_26753_work/candidate/app/src/main/java/com/hinnka/mycamera/processor/GlesMgcRawSpatialStacker.kt:6560:36: error: unresolved reference: GlesMgcRawSpatialShaders
        alignProgram = linkProgram(GlesMgcRawSpatialShaders.alignL1, "mgc_align_l1")
                                   ^
mnt/data/photon_26753_work/candidate/app/src/main/java/com/hinnka/mycamera/processor/GlesMgcRawSpatialStacker.kt:6562:13: error: unresolved reference: GlesMgcRawSpatialShaders
            GlesMgcRawSpatialShaders.convertAlignment,
            ^
mnt/data/photon_26753_work/candidate/app/src/main/java/com/hinnka/mycamera/processor/GlesMgcRawSpatialStacker.kt:6566:13: error: unresolved reference: GlesMgcRawSpatialShaders
            GlesMgcRawSpatialShaders.convertBayerAlignment,
            ^
mnt/data/photon_26753_work/candidate/app/src/main/java/com/hinnka/mycamera/processor/GlesMgcRawSpatialStacker.kt:6570:13: error: unresolved reference: GlesMgcRawSpatialShaders
            GlesMgcRawSpatialShaders.strengthAlignment,
            ^
mnt/data/photon_26753_work/candidate/app/src/main/java/com/hinnka/mycamera/processor/GlesMgcRawSpatialStacker.kt:6574:13: error: unresolved reference: GlesMgcRawSpatialShaders
            GlesMgcRawSpatialShaders.strengthRejection,
            ^
mnt/data/photon_26753_work/candidate/app/src/main/java/com/hinnka/mycamera/processor/GlesMgcRawSpatialStacker.kt:6577:40: error: unresolved reference: GlesMgcRawSpatialShaders
        unblockerProgram = linkProgram(GlesMgcRawSpatialShaders.unblocker, "mgc_unblocker")
                                       ^
mnt/data/photon_26753_work/candidate/app/src/main/java/com/hinnka/mycamera/processor/GlesMgcRawSpatialStacker.kt:6579:13: error: unresolved reference: GlesMgcRawSpatialShaders
            GlesMgcRawSpatialShaders.rejection,
            ^
mnt/data/photon_26753_work/candidate/app/src/main/java/com/hinnka/mycamera/processor/GlesMgcRawSpatialStacker.kt:6583:13: error: unresolved reference: GlesMgcRawSpatialShaders
            GlesMgcRawSpatialShaders.clippedGaussianHorizontal,
            ^
mnt/data/photon_26753_work/candidate/app/src/main/java/com/hinnka/mycamera/processor/GlesMgcRawSpatialStacker.kt:6587:13: error: unresolved reference: GlesMgcRawSpatialShaders
            GlesMgcRawSpatialShaders.clippedGaussianVertical,
            ^
mnt/data/photon_26753_work/candidate/app/src/main/java/com/hinnka/mycamera/processor/GlesMgcRawSpatialStacker.kt:6591:13: error: unresolved reference: GlesMgcRawSpatialShaders
            GlesMgcRawSpatialShaders.rejectionFilterDownsample,
            ^
mnt/data/photon_26753_work/candidate/app/src/main/java/com/hinnka/mycamera/processor/GlesMgcRawSpatialStacker.kt:6595:13: error: unresolved reference: GlesMgcRawSpatialShaders
            GlesMgcRawSpatialShaders.rejectionFilter,
            ^
mnt/data/photon_26753_work/candidate/app/src/main/java/com/hinnka/mycamera/processor/GlesMgcRawSpatialStacker.kt:6599:13: error: unresolved reference: GlesMgcRawSpatialShaders
            GlesMgcRawSpatialShaders.rejectionPostprocess,
            ^
mnt/data/photon_26753_work/candidate/app/src/main/java/com/hinnka/mycamera/processor/GlesMgcRawSpatialStacker.kt:6603:13: error: unresolved reference: GlesMgcRawSpatialShaders
            GlesMgcRawSpatialShaders.dilateRejection,
            ^
mnt/data/photon_26753_work/candidate/app/src/main/java/com/hinnka/mycamera/processor/GlesMgcRawSpatialStacker.kt:6608:17: error: unresolved reference: GlesMgcRawSpatialShaders
                GlesMgcRawSpatialShaders.findBlockTilesGatherEdges,
                ^
mnt/data/photon_26753_work/candidate/app/src/main/java/com/hinnka/mycamera/processor/GlesMgcRawSpatialStacker.kt:6612:17: error: unresolved reference: GlesMgcRawSpatialShaders
                GlesMgcRawSpatialShaders.findBlockTilesFilterIntermediate,
                ^
mnt/data/photon_26753_work/candidate/app/src/main/java/com/hinnka/mycamera/processor/GlesMgcRawSpatialStacker.kt:6616:17: error: unresolved reference: GlesMgcRawSpatialShaders
                GlesMgcRawSpatialShaders.findBlockTilesOutput,
                ^
mnt/data/photon_26753_work/candidate/app/src/main/java/com/hinnka/mycamera/processor/GlesMgcRawSpatialStacker.kt:6620:17: error: unresolved reference: GlesMgcRawSpatialShaders
                GlesMgcRawSpatialShaders.bentoAdjustHighlightMask,
                ^
mnt/data/photon_26753_work/candidate/app/src/main/java/com/hinnka/mycamera/processor/GlesMgcRawSpatialStacker.kt:6626:25: error: unresolved reference: GlesMgcRawSpatialShaders
                        GlesMgcRawSpatialShaders.bentoCountHighlightMask,
                        ^
mnt/data/photon_26753_work/candidate/app/src/main/java/com/hinnka/mycamera/processor/GlesMgcRawSpatialStacker.kt:6631:21: error: unresolved reference: PLog
                    PLog.w(
                    ^
mnt/data/photon_26753_work/candidate/app/src/main/java/com/hinnka/mycamera/processor/GlesMgcRawSpatialStacker.kt:6641:17: error: unresolved reference: GlesMgcRawSpatialShaders
                GlesMgcRawSpatialShaders.bentoGenerateHighlightMask,
                ^
mnt/data/photon_26753_work/candidate/app/src/main/java/com/hinnka/mycamera/processor/GlesMgcRawSpatialStacker.kt:6645:17: error: unresolved reference: GlesMgcRawSpatialShaders
                GlesMgcRawSpatialShaders.alignedRawClippingMask,
                ^
mnt/data/photon_26753_work/candidate/app/src/main/java/com/hinnka/mycamera/processor/GlesMgcRawSpatialStacker.kt:6650:13: error: unresolved reference: GlesMgcRawSpatialShaders
            GlesMgcRawSpatialShaders.mergeBayer,
            ^
mnt/data/photon_26753_work/candidate/app/src/main/java/com/hinnka/mycamera/processor/GlesMgcRawSpatialStacker.kt:6653:28: error: unresolved reference: MgcMergeMethod
        if (mergeMethod == MgcMergeMethod.SABRE) {
                           ^
mnt/data/photon_26753_work/candidate/app/src/main/java/com/hinnka/mycamera/processor/GlesMgcRawSpatialStacker.kt:6655:17: error: unresolved reference: GlesMgcRawSpatialShaders
                GlesMgcRawSpatialShaders.sabreMergeBayer,
                ^
mnt/data/photon_26753_work/candidate/app/src/main/java/com/hinnka/mycamera/processor/GlesMgcRawSpatialStacker.kt:6659:27: error: unresolved reference: MgcSpatialOutputMode
        if (outputMode == MgcSpatialOutputMode.RGB) {
                          ^
mnt/data/photon_26753_work/candidate/app/src/main/java/com/hinnka/mycamera/processor/GlesMgcRawSpatialStacker.kt:6661:17: error: unresolved reference: GlesMgcRawSpatialShaders
                GlesMgcRawSpatialShaders.mergeRgb,
                ^
mnt/data/photon_26753_work/candidate/app/src/main/java/com/hinnka/mycamera/processor/GlesMgcRawSpatialStacker.kt:6666:44: error: unresolved reference: GpuLinearRgbStorage
                    gpuLinearRgbStorage == GpuLinearRgbStorage.RGBA16F
                                           ^
mnt/data/photon_26753_work/candidate/app/src/main/java/com/hinnka/mycamera/processor/GlesMgcRawSpatialStacker.kt:6668:21: error: unresolved reference: GlesMgcRawSpatialShaders
                    GlesMgcRawSpatialShaders.normalizeRgbFloat
                    ^
mnt/data/photon_26753_work/candidate/app/src/main/java/com/hinnka/mycamera/processor/GlesMgcRawSpatialStacker.kt:6670:21: error: unresolved reference: GlesMgcRawSpatialShaders
                    GlesMgcRawSpatialShaders.normalizeRgb16
                    ^
mnt/data/photon_26753_work/candidate/app/src/main/java/com/hinnka/mycamera/processor/GlesMgcRawSpatialStacker.kt:6673:44: error: unresolved reference: GpuLinearRgbStorage
                    gpuLinearRgbStorage == GpuLinearRgbStorage.RGBA16F
                                           ^
mnt/data/photon_26753_work/candidate/app/src/main/java/com/hinnka/mycamera/processor/GlesMgcRawSpatialStacker.kt:6681:17: error: unresolved reference: MgcStrengthReadbackShaders
                MgcStrengthReadbackShaders.RGB_FIXED16_FRAGMENT,
                ^
mnt/data/photon_26753_work/candidate/app/src/main/java/com/hinnka/mycamera/processor/GlesMgcRawSpatialStacker.kt:6686:13: error: unresolved reference: GlesMgcRawSpatialShaders
            GlesMgcRawSpatialShaders.normalizeBayer,
            ^
mnt/data/photon_26753_work/candidate/app/src/main/java/com/hinnka/mycamera/processor/GlesMgcRawSpatialStacker.kt:6690:13: error: unresolved reference: GlesMgcRawSpatialShaders
            GlesMgcRawSpatialShaders.packBayerFixed16,
            ^
mnt/data/photon_26753_work/candidate/app/src/main/java/com/hinnka/mycamera/processor/GlesMgcRawSpatialStacker.kt:6696:21: error: unresolved reference: MgcStrengthReadbackShaders
                    MgcStrengthReadbackShaders.FLOAT32,
                    ^
mnt/data/photon_26753_work/candidate/app/src/main/java/com/hinnka/mycamera/processor/GlesMgcRawSpatialStacker.kt:6700:21: error: unresolved reference: MgcStrengthReadbackShaders
                    MgcStrengthReadbackShaders.UNORM8,
                    ^
mnt/data/photon_26753_work/candidate/app/src/main/java/com/hinnka/mycamera/processor/GlesMgcRawSpatialStacker.kt:6704:21: error: unresolved reference: MgcStrengthReadbackShaders
                    MgcStrengthReadbackShaders.SINT16,
                    ^
mnt/data/photon_26753_work/candidate/app/src/main/java/com/hinnka/mycamera/processor/GlesMgcRawSpatialStacker.kt:6711:17: error: unresolved reference: PLog
                PLog.w(TAG, "MGC strength SSBO pack unavailable; using framebuffer readback", error)
                ^
mnt/data/photon_26753_work/candidate/app/src/main/java/com/hinnka/mycamera/processor/GlesMgcRawSpatialStacker.kt:6719:17: error: unresolved reference: GlesMgcRawSpatialShaders
                GlesMgcRawSpatialShaders.bentoRewriteWeight,
                ^
mnt/data/photon_26753_work/candidate/app/src/main/java/com/hinnka/mycamera/processor/GlesMgcRawSpatialStacker.kt:6725:17: error: unresolved reference: GlesMgcRawSpatialShaders
                GlesMgcRawSpatialShaders.updateLinearKernelMask,
                ^
mnt/data/photon_26753_work/candidate/app/src/main/java/com/hinnka/mycamera/processor/GlesMgcRawSpatialStacker.kt:6732:16: error: unresolved reference: RawStackFrame
        frame: RawStackFrame,
               ^
mnt/data/photon_26753_work/candidate/app/src/main/java/com/hinnka/mycamera/processor/GlesMgcRawSpatialStacker.kt:6773:29: error: unresolved reference: RawNoiseModel
        val cameraRgbShot = RawNoiseModel
                            ^
mnt/data/photon_26753_work/candidate/app/src/main/java/com/hinnka/mycamera/processor/GlesMgcRawSpatialStacker.kt:6775:21: error: cannot infer a type for this parameter. Please specify it explicitly.
            .also { channels ->
                    ^
mnt/data/photon_26753_work/candidate/app/src/main/java/com/hinnka/mycamera/processor/GlesMgcRawSpatialStacker.kt:6776:34: error: overload resolution ambiguity: 
public inline fun <T> Iterable<TypeVariable(T)>.forEach(action: (TypeVariable(T)) -> Unit): Unit defined in kotlin.collections
public inline fun <K, V> Map<out TypeVariable(K), TypeVariable(V)>.forEach(action: (Map.Entry<TypeVariable(K), TypeVariable(V)>) -> Unit): Unit defined in kotlin.collections
                channels.indices.forEach { channel -> channels[channel] *= exposureScale }
                                 ^
mnt/data/photon_26753_work/candidate/app/src/main/java/com/hinnka/mycamera/processor/GlesMgcRawSpatialStacker.kt:6776:44: error: cannot infer a type for this parameter. Please specify it explicitly.
                channels.indices.forEach { channel -> channels[channel] *= exposureScale }
                                           ^
mnt/data/photon_26753_work/candidate/app/src/main/java/com/hinnka/mycamera/processor/GlesMgcRawSpatialStacker.kt:6776:73: error: assignment operators ambiguity: 
public open fun `<Error function>`(): [Error type: Return type for function cannot be resolved] defined in root package
public open fun `<Error function>`(): [Error type: Return type for function cannot be resolved] defined in root package
                channels.indices.forEach { channel -> channels[channel] *= exposureScale }
                                                                        ^
mnt/data/photon_26753_work/candidate/app/src/main/java/com/hinnka/mycamera/processor/GlesMgcRawSpatialStacker.kt:6779:29: error: unresolved reference: RawNoiseModel
        val cameraRgbRead = RawNoiseModel
                            ^
mnt/data/photon_26753_work/candidate/app/src/main/java/com/hinnka/mycamera/processor/GlesMgcRawSpatialStacker.kt:6781:21: error: cannot infer a type for this parameter. Please specify it explicitly.
            .also { channels ->
                    ^
mnt/data/photon_26753_work/candidate/app/src/main/java/com/hinnka/mycamera/processor/GlesMgcRawSpatialStacker.kt:6782:34: error: overload resolution ambiguity: 
public inline fun <T> Iterable<TypeVariable(T)>.forEach(action: (TypeVariable(T)) -> Unit): Unit defined in kotlin.collections
public inline fun <K, V> Map<out TypeVariable(K), TypeVariable(V)>.forEach(action: (Map.Entry<TypeVariable(K), TypeVariable(V)>) -> Unit): Unit defined in kotlin.collections
                channels.indices.forEach { channel ->
                                 ^
mnt/data/photon_26753_work/candidate/app/src/main/java/com/hinnka/mycamera/processor/GlesMgcRawSpatialStacker.kt:6782:44: error: cannot infer a type for this parameter. Please specify it explicitly.
                channels.indices.forEach { channel ->
                                           ^
mnt/data/photon_26753_work/candidate/app/src/main/java/com/hinnka/mycamera/processor/GlesMgcRawSpatialStacker.kt:6783:39: error: assignment operators ambiguity: 
public open fun `<Error function>`(): [Error type: Return type for function cannot be resolved] defined in root package
public open fun `<Error function>`(): [Error type: Return type for function cannot be resolved] defined in root package
                    channels[channel] *= exposureScaleSquared
                                      ^
mnt/data/photon_26753_work/candidate/app/src/main/java/com/hinnka/mycamera/processor/GlesMgcRawSpatialStacker.kt:6791:13: error: unresolved reference: MgcSpatialMergeTuning
            MgcSpatialMergeTuning.maximumMergeWeight(
            ^
mnt/data/photon_26753_work/candidate/app/src/main/java/com/hinnka/mycamera/processor/GlesMgcRawSpatialStacker.kt:6800:13: error: unresolved reference: MgcSpatialMergeTuning
            MgcSpatialMergeTuning.kernelSigma(
            ^
mnt/data/photon_26753_work/candidate/app/src/main/java/com/hinnka/mycamera/processor/GlesMgcRawSpatialStacker.kt:6823:29: error: unresolved reference: MgcAlignmentInputScale
            alignmentGain = MgcAlignmentInputScale.compute(
                            ^
mnt/data/photon_26753_work/candidate/app/src/main/java/com/hinnka/mycamera/processor/GlesMgcRawSpatialStacker.kt:6834:52: error: unresolved reference: RawStackFrame
    private fun canonicalBlackLevelForFrame(frame: RawStackFrame): FloatArray {
                                                   ^
mnt/data/photon_26753_work/candidate/app/src/main/java/com/hinnka/mycamera/processor/GlesMgcRawSpatialStacker.kt:6836:24: error: cannot infer a type for this parameter. Please specify it explicitly.
            ?.takeIf { values ->
                       ^
mnt/data/photon_26753_work/candidate/app/src/main/java/com/hinnka/mycamera/processor/GlesMgcRawSpatialStacker.kt:6845:61: error: type mismatch: inferred type is Float? but Float was expected
                canonical[canonicalChannelAtPhase(phase)] = positional[phase]
                                                            ^
mnt/data/photon_26753_work/candidate/app/src/main/java/com/hinnka/mycamera/processor/GlesMgcRawSpatialStacker.kt:6859:16: error: unresolved reference: RawStackFrame
        frame: RawStackFrame,
               ^
mnt/data/photon_26753_work/candidate/app/src/main/java/com/hinnka/mycamera/processor/GlesMgcRawSpatialStacker.kt:6860:16: error: unresolved reference: SafeImage
        image: SafeImage,
               ^
mnt/data/photon_26753_work/candidate/app/src/main/java/com/hinnka/mycamera/processor/GlesMgcRawSpatialStacker.kt:6880:32: error: unresolved reference: MgcSpatialMergeTuning
        val baseSpatialScale = MgcSpatialMergeTuning.baseSpatialScale(
                               ^
mnt/data/photon_26753_work/candidate/app/src/main/java/com/hinnka/mycamera/processor/GlesMgcRawSpatialStacker.kt:6894:16: error: unresolved reference: SafeImage
        image: SafeImage,
               ^
mnt/data/photon_26753_work/candidate/app/src/main/java/com/hinnka/mycamera/processor/GlesMgcRawSpatialStacker.kt:6899:19: error: unresolved reference: pixelStride
            plane.pixelStride != RAW_BYTES_PER_PIXEL ||
                  ^
mnt/data/photon_26753_work/candidate/app/src/main/java/com/hinnka/mycamera/processor/GlesMgcRawSpatialStacker.kt:6900:19: error: unresolved reference: rowStride
            plane.rowStride < width * plane.pixelStride
                  ^
mnt/data/photon_26753_work/candidate/app/src/main/java/com/hinnka/mycamera/processor/GlesMgcRawSpatialStacker.kt:6900:45: error: unresolved reference: pixelStride
            plane.rowStride < width * plane.pixelStride
                                            ^
mnt/data/photon_26753_work/candidate/app/src/main/java/com/hinnka/mycamera/processor/GlesMgcRawSpatialStacker.kt:6904:28: error: unresolved reference: buffer
        val buffer = plane.buffer.duplicate().order(ByteOrder.nativeOrder())
                           ^
mnt/data/photon_26753_work/candidate/app/src/main/java/com/hinnka/mycamera/processor/GlesMgcRawSpatialStacker.kt:6950:58: error: unresolved reference: rowStride
                val byteOffset = bufferStart + y * plane.rowStride + x * plane.pixelStride
                                                         ^
mnt/data/photon_26753_work/candidate/app/src/main/java/com/hinnka/mycamera/processor/GlesMgcRawSpatialStacker.kt:6950:80: error: unresolved reference: pixelStride
                val byteOffset = bufferStart + y * plane.rowStride + x * plane.pixelStride
                                                                               ^
mnt/data/photon_26753_work/candidate/app/src/main/java/com/hinnka/mycamera/processor/GlesMgcRawSpatialStacker.kt:6973:50: error: unresolved reference: RawStackFrame
    private fun resolveNoiseModelForFrame(frame: RawStackFrame): ResolvedRawNoiseModel =
                                                 ^
mnt/data/photon_26753_work/candidate/app/src/main/java/com/hinnka/mycamera/processor/GlesMgcRawSpatialStacker.kt:6973:66: error: unresolved reference: ResolvedRawNoiseModel
    private fun resolveNoiseModelForFrame(frame: RawStackFrame): ResolvedRawNoiseModel =
                                                                 ^
mnt/data/photon_26753_work/candidate/app/src/main/java/com/hinnka/mycamera/processor/GlesMgcRawSpatialStacker.kt:6974:9: error: unresolved reference: RawNoiseModelResolver
        RawNoiseModelResolver.resolve(
        ^
mnt/data/photon_26753_work/candidate/app/src/main/java/com/hinnka/mycamera/processor/GlesMgcRawSpatialStacker.kt:6981:43: error: unresolved reference: RawStackFrame
    private fun noiseModelForFrame(frame: RawStackFrame): RawNoiseModel =
                                          ^
mnt/data/photon_26753_work/candidate/app/src/main/java/com/hinnka/mycamera/processor/GlesMgcRawSpatialStacker.kt:6981:59: error: unresolved reference: RawNoiseModel
    private fun noiseModelForFrame(frame: RawStackFrame): RawNoiseModel =
                                                          ^
mnt/data/photon_26753_work/candidate/app/src/main/java/com/hinnka/mycamera/processor/GlesMgcRawSpatialStacker.kt:7013:13: error: unresolved reference: GLES30
            GLES30.GL_R16I,
            ^
mnt/data/photon_26753_work/candidate/app/src/main/java/com/hinnka/mycamera/processor/GlesMgcRawSpatialStacker.kt:7014:13: error: unresolved reference: GLES30
            GLES30.GL_NEAREST,
            ^
mnt/data/photon_26753_work/candidate/app/src/main/java/com/hinnka/mycamera/processor/GlesMgcRawSpatialStacker.kt:7016:9: error: unresolved reference: GLES30
        GLES30.glUseProgram(rawToGrayProgram)
        ^
mnt/data/photon_26753_work/candidate/app/src/main/java/com/hinnka/mycamera/processor/GlesMgcRawSpatialStacker.kt:7044:17: error: unresolved reference: GLES30
                GLES30.GL_R16I,
                ^
mnt/data/photon_26753_work/candidate/app/src/main/java/com/hinnka/mycamera/processor/GlesMgcRawSpatialStacker.kt:7045:17: error: unresolved reference: GLES30
                GLES30.GL_NEAREST,
                ^
mnt/data/photon_26753_work/candidate/app/src/main/java/com/hinnka/mycamera/processor/GlesMgcRawSpatialStacker.kt:7048:13: error: unresolved reference: GLES30
            GLES30.glUseProgram(program)
            ^
mnt/data/photon_26753_work/candidate/app/src/main/java/com/hinnka/mycamera/processor/GlesMgcRawSpatialStacker.kt:7084:17: error: unresolved reference: GLES30
                GLES30.GL_RGBA32F,
                ^
mnt/data/photon_26753_work/candidate/app/src/main/java/com/hinnka/mycamera/processor/GlesMgcRawSpatialStacker.kt:7085:17: error: unresolved reference: GLES30
                GLES30.GL_NEAREST,
                ^
mnt/data/photon_26753_work/candidate/app/src/main/java/com/hinnka/mycamera/processor/GlesMgcRawSpatialStacker.kt:7090:17: error: unresolved reference: GLES30
                GLES30.GL_R32F,
                ^
mnt/data/photon_26753_work/candidate/app/src/main/java/com/hinnka/mycamera/processor/GlesMgcRawSpatialStacker.kt:7091:17: error: unresolved reference: GLES30
                GLES30.GL_NEAREST,
                ^
mnt/data/photon_26753_work/candidate/app/src/main/java/com/hinnka/mycamera/processor/GlesMgcRawSpatialStacker.kt:7093:13: error: unresolved reference: GLES30
            GLES30.glUseProgram(alignmentGradientProductsProgram)
            ^
mnt/data/photon_26753_work/candidate/app/src/main/java/com/hinnka/mycamera/processor/GlesMgcRawSpatialStacker.kt:7130:13: error: unresolved reference: PLog
            PLog.i(
            ^
mnt/data/photon_26753_work/candidate/app/src/main/java/com/hinnka/mycamera/processor/GlesMgcRawSpatialStacker.kt:7227:9: error: unresolved reference: PLog
        PLog.i(
        ^
mnt/data/photon_26753_work/candidate/app/src/main/java/com/hinnka/mycamera/processor/GlesMgcRawSpatialStacker.kt:7270:13: error: unresolved reference: GLES30
            GLES30.GL_RGBA32F,
            ^
mnt/data/photon_26753_work/candidate/app/src/main/java/com/hinnka/mycamera/processor/GlesMgcRawSpatialStacker.kt:7271:13: error: unresolved reference: GLES30
            GLES30.GL_NEAREST,
            ^
mnt/data/photon_26753_work/candidate/app/src/main/java/com/hinnka/mycamera/processor/GlesMgcRawSpatialStacker.kt:7273:9: error: unresolved reference: GLES30
        GLES30.glUseProgram(upsampleAlignmentProgram)
        ^
mnt/data/photon_26753_work/candidate/app/src/main/java/com/hinnka/mycamera/processor/GlesMgcRawSpatialStacker.kt:7301:9: error: unresolved reference: GlesGpuScheduler
        GlesGpuScheduler.yieldToUiRenderer()
        ^
mnt/data/photon_26753_work/candidate/app/src/main/java/com/hinnka/mycamera/processor/GlesMgcRawSpatialStacker.kt:7353:17: error: unresolved reference: GLES30
                GLES30.GL_RGBA32F,
                ^
mnt/data/photon_26753_work/candidate/app/src/main/java/com/hinnka/mycamera/processor/GlesMgcRawSpatialStacker.kt:7354:17: error: unresolved reference: GLES30
                GLES30.GL_NEAREST,
                ^
mnt/data/photon_26753_work/candidate/app/src/main/java/com/hinnka/mycamera/processor/GlesMgcRawSpatialStacker.kt:7356:13: error: unresolved reference: GLES30
            GLES30.glUseProgram(blockLucasKanadeProgram)
            ^
mnt/data/photon_26753_work/candidate/app/src/main/java/com/hinnka/mycamera/processor/GlesMgcRawSpatialStacker.kt:7408:13: error: unresolved reference: GlesGpuScheduler
            GlesGpuScheduler.yieldToUiRenderer()
            ^
mnt/data/photon_26753_work/candidate/app/src/main/java/com/hinnka/mycamera/processor/GlesMgcRawSpatialStacker.kt:7435:13: error: unresolved reference: GLES30
            GLES30.GL_RGBA16F,
            ^
mnt/data/photon_26753_work/candidate/app/src/main/java/com/hinnka/mycamera/processor/GlesMgcRawSpatialStacker.kt:7436:13: error: unresolved reference: GLES30
            GLES30.GL_NEAREST,
            ^
mnt/data/photon_26753_work/candidate/app/src/main/java/com/hinnka/mycamera/processor/GlesMgcRawSpatialStacker.kt:7438:9: error: unresolved reference: GLES30
        GLES30.glUseProgram(alignProgram)
        ^
mnt/data/photon_26753_work/candidate/app/src/main/java/com/hinnka/mycamera/processor/GlesMgcRawSpatialStacker.kt:7479:13: error: unresolved reference: GLES30
            GLES30.GL_RGBA16F,
            ^
mnt/data/photon_26753_work/candidate/app/src/main/java/com/hinnka/mycamera/processor/GlesMgcRawSpatialStacker.kt:7480:13: error: unresolved reference: GLES30
            GLES30.GL_LINEAR,
            ^
mnt/data/photon_26753_work/candidate/app/src/main/java/com/hinnka/mycamera/processor/GlesMgcRawSpatialStacker.kt:7482:9: error: unresolved reference: GLES30
        GLES30.glUseProgram(sabreConvertAlignmentSparseProgram)
        ^
mnt/data/photon_26753_work/candidate/app/src/main/java/com/hinnka/mycamera/processor/GlesMgcRawSpatialStacker.kt:7528:9: error: unresolved reference: GLES30
        GLES30.glUseProgram(convertAlignmentProgram)
        ^
mnt/data/photon_26753_work/candidate/app/src/main/java/com/hinnka/mycamera/processor/GlesMgcRawSpatialStacker.kt:7583:9: error: unresolved reference: GLES30
        GLES30.glUseProgram(convertBayerAlignmentProgram)
        ^
mnt/data/photon_26753_work/candidate/app/src/main/java/com/hinnka/mycamera/processor/GlesMgcRawSpatialStacker.kt:7642:9: error: unresolved reference: GLES30
        GLES30.glUseProgram(guideProgram)
        ^
mnt/data/photon_26753_work/candidate/app/src/main/java/com/hinnka/mycamera/processor/GlesMgcRawSpatialStacker.kt:7676:28: error: unresolved reference: MgcSpatialOutputMode
            (outputMode == MgcSpatialOutputMode.RGB || mergeMethod == MgcMergeMethod.SABRE) &&
                           ^
mnt/data/photon_26753_work/candidate/app/src/main/java/com/hinnka/mycamera/processor/GlesMgcRawSpatialStacker.kt:7676:71: error: unresolved reference: MgcMergeMethod
            (outputMode == MgcSpatialOutputMode.RGB || mergeMethod == MgcMergeMethod.SABRE) &&
                                                                      ^
mnt/data/photon_26753_work/candidate/app/src/main/java/com/hinnka/mycamera/processor/GlesMgcRawSpatialStacker.kt:7679:9: error: unresolved reference: GLES30
        GLES30.glUseProgram(covarianceProgram)
        ^
mnt/data/photon_26753_work/candidate/app/src/main/java/com/hinnka/mycamera/processor/GlesMgcRawSpatialStacker.kt:7743:9: error: unresolved reference: GLES30
        GLES30.glUseProgram(unblockerProgram)
        ^
mnt/data/photon_26753_work/candidate/app/src/main/java/com/hinnka/mycamera/processor/GlesMgcRawSpatialStacker.kt:7781:9: error: unresolved reference: GLES30
        GLES30.glUseProgram(rejectionProgram)
        ^
mnt/data/photon_26753_work/candidate/app/src/main/java/com/hinnka/mycamera/processor/GlesMgcRawSpatialStacker.kt:7807:13: error: unresolved reference: MgcSabreRejectionTuning
            MgcSabreRejectionTuning.COLOR_DIFFERENCE_RGB,
            ^
mnt/data/photon_26753_work/candidate/app/src/main/java/com/hinnka/mycamera/processor/GlesMgcRawSpatialStacker.kt:7808:13: error: unresolved reference: MgcSabreRejectionTuning
            MgcSabreRejectionTuning.COLOR_DIFFERENCE_GREEN,
            ^
mnt/data/photon_26753_work/candidate/app/src/main/java/com/hinnka/mycamera/processor/GlesMgcRawSpatialStacker.kt:7811:13: error: unresolved reference: MgcSabreRejectionTuning
            MgcSabreRejectionTuning.flowVariationThreshold(guideWidth)
            ^
mnt/data/photon_26753_work/candidate/app/src/main/java/com/hinnka/mycamera/processor/GlesMgcRawSpatialStacker.kt:7812:30: error: unresolved reference: RawStackRuntimeDebug
        val diagnosticMode = RawStackRuntimeDebug.mgcSpatialDiagnosticMode
                             ^
mnt/data/photon_26753_work/candidate/app/src/main/java/com/hinnka/mycamera/processor/GlesMgcRawSpatialStacker.kt:7815:35: error: unresolved reference: MgcSpatialDiagnosticMode
                diagnosticMode == MgcSpatialDiagnosticMode.MAIN_REJECTION_ONLY ||
                                  ^
mnt/data/photon_26753_work/candidate/app/src/main/java/com/hinnka/mycamera/processor/GlesMgcRawSpatialStacker.kt:7816:35: error: unresolved reference: MgcSpatialDiagnosticMode
                diagnosticMode == MgcSpatialDiagnosticMode.DISABLE_UNBLOCKER
                                  ^
mnt/data/photon_26753_work/candidate/app/src/main/java/com/hinnka/mycamera/processor/GlesMgcRawSpatialStacker.kt:7823:35: error: unresolved reference: MgcSpatialDiagnosticMode
            if (diagnosticMode == MgcSpatialDiagnosticMode.MAIN_REJECTION_ONLY) {
                                  ^
mnt/data/photon_26753_work/candidate/app/src/main/java/com/hinnka/mycamera/processor/GlesMgcRawSpatialStacker.kt:7836:13: error: unresolved reference: MgcSabreRejectionTuning
            MgcSabreRejectionTuning.EXTRA_MOTION_ROBUSTNESS_BOOST,
            ^
mnt/data/photon_26753_work/candidate/app/src/main/java/com/hinnka/mycamera/processor/GlesMgcRawSpatialStacker.kt:7841:13: error: unresolved reference: MgcSabreRejectionTuning
            MgcSabreRejectionTuning.MOTION_ROBUSTNESS_VARIANCE_THRESHOLD,
            ^
mnt/data/photon_26753_work/candidate/app/src/main/java/com/hinnka/mycamera/processor/GlesMgcRawSpatialStacker.kt:7848:9: error: unresolved reference: GlesGpuScheduler
        GlesGpuScheduler.yieldToUiRenderer()
        ^
mnt/data/photon_26753_work/candidate/app/src/main/java/com/hinnka/mycamera/processor/GlesMgcRawSpatialStacker.kt:7855:9: error: unresolved reference: GlesGpuScheduler
        GlesGpuScheduler.yieldToUiRenderer()
        ^
mnt/data/photon_26753_work/candidate/app/src/main/java/com/hinnka/mycamera/processor/GlesMgcRawSpatialStacker.kt:7863:9: error: unresolved reference: GLES30
        GLES30.glUseProgram(clippedGaussianHorizontalProgram)
        ^
mnt/data/photon_26753_work/candidate/app/src/main/java/com/hinnka/mycamera/processor/GlesMgcRawSpatialStacker.kt:7882:9: error: unresolved reference: GlesGpuScheduler
        GlesGpuScheduler.yieldToUiRenderer()
        ^
mnt/data/photon_26753_work/candidate/app/src/main/java/com/hinnka/mycamera/processor/GlesMgcRawSpatialStacker.kt:7884:9: error: unresolved reference: GLES30
        GLES30.glUseProgram(clippedGaussianVerticalProgram)
        ^
mnt/data/photon_26753_work/candidate/app/src/main/java/com/hinnka/mycamera/processor/GlesMgcRawSpatialStacker.kt:7903:9: error: unresolved reference: GlesGpuScheduler
        GlesGpuScheduler.yieldToUiRenderer()
        ^
mnt/data/photon_26753_work/candidate/app/src/main/java/com/hinnka/mycamera/processor/GlesMgcRawSpatialStacker.kt:7912:9: error: unresolved reference: GLES30
        GLES30.glUseProgram(rejectionFilterDownsampleProgram)
        ^
mnt/data/photon_26753_work/candidate/app/src/main/java/com/hinnka/mycamera/processor/GlesMgcRawSpatialStacker.kt:7927:9: error: unresolved reference: GlesGpuScheduler
        GlesGpuScheduler.yieldToUiRenderer()
        ^
mnt/data/photon_26753_work/candidate/app/src/main/java/com/hinnka/mycamera/processor/GlesMgcRawSpatialStacker.kt:7935:9: error: unresolved reference: GLES30
        GLES30.glUseProgram(rejectionFilterProgram)
        ^
mnt/data/photon_26753_work/candidate/app/src/main/java/com/hinnka/mycamera/processor/GlesMgcRawSpatialStacker.kt:7967:9: error: unresolved reference: GlesGpuScheduler
        GlesGpuScheduler.yieldToUiRenderer()
        ^
mnt/data/photon_26753_work/candidate/app/src/main/java/com/hinnka/mycamera/processor/GlesMgcRawSpatialStacker.kt:7976:9: error: unresolved reference: GLES30
        GLES30.glUseProgram(rejectionPostprocessProgram)
        ^
mnt/data/photon_26753_work/candidate/app/src/main/java/com/hinnka/mycamera/processor/GlesMgcRawSpatialStacker.kt:8017:9: error: unresolved reference: GlesGpuScheduler
        GlesGpuScheduler.yieldToUiRenderer()
        ^
mnt/data/photon_26753_work/candidate/app/src/main/java/com/hinnka/mycamera/processor/GlesMgcRawSpatialStacker.kt:8021:9: error: unresolved reference: GLES30
        GLES30.glUseProgram(dilationProgram)
        ^
mnt/data/photon_26753_work/candidate/app/src/main/java/com/hinnka/mycamera/processor/GlesMgcRawSpatialStacker.kt:8035:9: error: unresolved reference: GlesGpuScheduler
        GlesGpuScheduler.yieldToUiRenderer()
        ^
mnt/data/photon_26753_work/candidate/app/src/main/java/com/hinnka/mycamera/processor/GlesMgcRawSpatialStacker.kt:8045:9: error: unresolved reference: GLES30
        GLES30.glUseProgram(linearKernelMaskProgram)
        ^
mnt/data/photon_26753_work/candidate/app/src/main/java/com/hinnka/mycamera/processor/GlesMgcRawSpatialStacker.kt:8062:16: error: unresolved reference: RawStackFrame
        frame: RawStackFrame,
               ^
mnt/data/photon_26753_work/candidate/app/src/main/java/com/hinnka/mycamera/processor/GlesMgcRawSpatialStacker.kt:8077:27: error: unresolved reference: RawBurstFrameRole
        if (frame.role == RawBurstFrameRole.SHADOW_LONG) {
                          ^
mnt/data/photon_26753_work/candidate/app/src/main/java/com/hinnka/mycamera/processor/GlesMgcRawSpatialStacker.kt:8097:27: error: unresolved reference: MgcSpatialOutputMode
        if (outputMode == MgcSpatialOutputMode.RGB || mergeMethod == MgcMergeMethod.SABRE) {
                          ^
mnt/data/photon_26753_work/candidate/app/src/main/java/com/hinnka/mycamera/processor/GlesMgcRawSpatialStacker.kt:8097:70: error: unresolved reference: MgcMergeMethod
        if (outputMode == MgcSpatialOutputMode.RGB || mergeMethod == MgcMergeMethod.SABRE) {
                                                                     ^
mnt/data/photon_26753_work/candidate/app/src/main/java/com/hinnka/mycamera/processor/GlesMgcRawSpatialStacker.kt:8104:32: error: unresolved reference: MgcMergeMethod
            if (mergeMethod == MgcMergeMethod.SABRE) {
                               ^
mnt/data/photon_26753_work/candidate/app/src/main/java/com/hinnka/mycamera/processor/GlesMgcRawSpatialStacker.kt:8126:13: error: unresolved reference: GLES30
            GLES30.GL_RGBA16F,
            ^
mnt/data/photon_26753_work/candidate/app/src/main/java/com/hinnka/mycamera/processor/GlesMgcRawSpatialStacker.kt:8127:13: error: unresolved reference: GLES30
            GLES30.GL_LINEAR,
            ^
mnt/data/photon_26753_work/candidate/app/src/main/java/com/hinnka/mycamera/processor/GlesMgcRawSpatialStacker.kt:8133:13: error: unresolved reference: GLES30
            GLES30.GL_RGBA32F,
            ^
mnt/data/photon_26753_work/candidate/app/src/main/java/com/hinnka/mycamera/processor/GlesMgcRawSpatialStacker.kt:8134:13: error: unresolved reference: GLES30
            GLES30.GL_NEAREST,
            ^
mnt/data/photon_26753_work/candidate/app/src/main/java/com/hinnka/mycamera/processor/GlesMgcRawSpatialStacker.kt:8144:13: error: unresolved reference: GLES30
            GLES30.GL_R8,
            ^
mnt/data/photon_26753_work/candidate/app/src/main/java/com/hinnka/mycamera/processor/GlesMgcRawSpatialStacker.kt:8145:13: error: unresolved reference: GLES30
            GLES30.GL_LINEAR,
            ^
mnt/data/photon_26753_work/candidate/app/src/main/java/com/hinnka/mycamera/processor/GlesMgcRawSpatialStacker.kt:8157:13: error: unresolved reference: GLES30
            GLES30.GL_R8,
            ^
mnt/data/photon_26753_work/candidate/app/src/main/java/com/hinnka/mycamera/processor/GlesMgcRawSpatialStacker.kt:8158:13: error: unresolved reference: GLES30
            GLES30.GL_LINEAR,
            ^
mnt/data/photon_26753_work/candidate/app/src/main/java/com/hinnka/mycamera/processor/GlesMgcRawSpatialStacker.kt:8163:13: error: unresolved reference: GLES30
            GLES30.GL_R8,
            ^
mnt/data/photon_26753_work/candidate/app/src/main/java/com/hinnka/mycamera/processor/GlesMgcRawSpatialStacker.kt:8164:13: error: unresolved reference: GLES30
            GLES30.GL_NEAREST,
            ^
mnt/data/photon_26753_work/candidate/app/src/main/java/com/hinnka/mycamera/processor/GlesMgcRawSpatialStacker.kt:8169:13: error: unresolved reference: GLES30
            GLES30.GL_R32F,
            ^
mnt/data/photon_26753_work/candidate/app/src/main/java/com/hinnka/mycamera/processor/GlesMgcRawSpatialStacker.kt:8170:13: error: unresolved reference: GLES30
            GLES30.GL_NEAREST,
            ^
mnt/data/photon_26753_work/candidate/app/src/main/java/com/hinnka/mycamera/processor/GlesMgcRawSpatialStacker.kt:8175:13: error: unresolved reference: GLES30
            GLES30.GL_R8,
            ^
mnt/data/photon_26753_work/candidate/app/src/main/java/com/hinnka/mycamera/processor/GlesMgcRawSpatialStacker.kt:8176:13: error: unresolved reference: GLES30
            GLES30.GL_NEAREST,
            ^
mnt/data/photon_26753_work/candidate/app/src/main/java/com/hinnka/mycamera/processor/GlesMgcRawSpatialStacker.kt:8181:13: error: unresolved reference: GLES30
            GLES30.GL_R32F,
            ^
mnt/data/photon_26753_work/candidate/app/src/main/java/com/hinnka/mycamera/processor/GlesMgcRawSpatialStacker.kt:8182:13: error: unresolved reference: GLES30
            GLES30.GL_NEAREST,
            ^
mnt/data/photon_26753_work/candidate/app/src/main/java/com/hinnka/mycamera/processor/GlesMgcRawSpatialStacker.kt:8187:13: error: unresolved reference: GLES30
            GLES30.GL_R32F,
            ^
mnt/data/photon_26753_work/candidate/app/src/main/java/com/hinnka/mycamera/processor/GlesMgcRawSpatialStacker.kt:8188:13: error: unresolved reference: GLES30
            GLES30.GL_NEAREST,
            ^
mnt/data/photon_26753_work/candidate/app/src/main/java/com/hinnka/mycamera/processor/GlesMgcRawSpatialStacker.kt:8193:13: error: unresolved reference: GLES30
            GLES30.GL_R8,
            ^
mnt/data/photon_26753_work/candidate/app/src/main/java/com/hinnka/mycamera/processor/GlesMgcRawSpatialStacker.kt:8194:13: error: unresolved reference: GLES30
            GLES30.GL_LINEAR,
            ^
mnt/data/photon_26753_work/candidate/app/src/main/java/com/hinnka/mycamera/processor/GlesMgcRawSpatialStacker.kt:8199:13: error: unresolved reference: GLES30
            GLES30.GL_R8,
            ^
mnt/data/photon_26753_work/candidate/app/src/main/java/com/hinnka/mycamera/processor/GlesMgcRawSpatialStacker.kt:8200:13: error: unresolved reference: GLES30
            GLES30.GL_LINEAR,
            ^
mnt/data/photon_26753_work/candidate/app/src/main/java/com/hinnka/mycamera/processor/GlesMgcRawSpatialStacker.kt:8205:13: error: unresolved reference: GLES30
            GLES30.GL_R8,
            ^
mnt/data/photon_26753_work/candidate/app/src/main/java/com/hinnka/mycamera/processor/GlesMgcRawSpatialStacker.kt:8206:13: error: unresolved reference: GLES30
            GLES30.GL_LINEAR,
            ^
mnt/data/photon_26753_work/candidate/app/src/main/java/com/hinnka/mycamera/processor/GlesMgcRawSpatialStacker.kt:8241:9: error: unresolved reference: PLog
        PLog.i(
        ^
mnt/data/photon_26753_work/candidate/app/src/main/java/com/hinnka/mycamera/processor/GlesMgcRawSpatialStacker.kt:8274:13: error: unresolved reference: GLES30
            GLES30.GL_RGBA16F,
            ^
mnt/data/photon_26753_work/candidate/app/src/main/java/com/hinnka/mycamera/processor/GlesMgcRawSpatialStacker.kt:8275:13: error: unresolved reference: GLES30
            GLES30.GL_NEAREST,
            ^
mnt/data/photon_26753_work/candidate/app/src/main/java/com/hinnka/mycamera/processor/GlesMgcRawSpatialStacker.kt:8277:9: error: unresolved reference: GLES30
        GLES30.glUseProgram(findBlockTilesGatherEdgesProgram)
        ^
mnt/data/photon_26753_work/candidate/app/src/main/java/com/hinnka/mycamera/processor/GlesMgcRawSpatialStacker.kt:8325:13: error: unresolved reference: GLES30
            GLES30.GL_R8,
            ^
mnt/data/photon_26753_work/candidate/app/src/main/java/com/hinnka/mycamera/processor/GlesMgcRawSpatialStacker.kt:8326:13: error: unresolved reference: GLES30
            GLES30.GL_NEAREST,
            ^
mnt/data/photon_26753_work/candidate/app/src/main/java/com/hinnka/mycamera/processor/GlesMgcRawSpatialStacker.kt:8328:9: error: unresolved reference: GLES30
        GLES30.glUseProgram(findBlockTilesFilterIntermediateProgram)
        ^
mnt/data/photon_26753_work/candidate/app/src/main/java/com/hinnka/mycamera/processor/GlesMgcRawSpatialStacker.kt:8351:13: error: unresolved reference: GLES30
            GLES30.GL_R8,
            ^
mnt/data/photon_26753_work/candidate/app/src/main/java/com/hinnka/mycamera/processor/GlesMgcRawSpatialStacker.kt:8352:13: error: unresolved reference: GLES30
            GLES30.GL_NEAREST,
            ^
mnt/data/photon_26753_work/candidate/app/src/main/java/com/hinnka/mycamera/processor/GlesMgcRawSpatialStacker.kt:8354:9: error: unresolved reference: GLES30
        GLES30.glUseProgram(findBlockTilesOutputProgram)
        ^
mnt/data/photon_26753_work/candidate/app/src/main/java/com/hinnka/mycamera/processor/GlesMgcRawSpatialStacker.kt:8375:9: error: unresolved reference: GLES30
        GLES30.glUseProgram(bentoHighlightProgram)
        ^
mnt/data/photon_26753_work/candidate/app/src/main/java/com/hinnka/mycamera/processor/GlesMgcRawSpatialStacker.kt:8402:13: error: unresolved reference: GLES30
            GLES30.GL_R8,
            ^
mnt/data/photon_26753_work/candidate/app/src/main/java/com/hinnka/mycamera/processor/GlesMgcRawSpatialStacker.kt:8403:13: error: unresolved reference: GLES30
            GLES30.GL_NEAREST,
            ^
mnt/data/photon_26753_work/candidate/app/src/main/java/com/hinnka/mycamera/processor/GlesMgcRawSpatialStacker.kt:8410:9: error: unresolved reference: GLES30
        GLES30.glUseProgram(alignedRawClippingMaskProgram)
        ^
mnt/data/photon_26753_work/candidate/app/src/main/java/com/hinnka/mycamera/processor/GlesMgcRawSpatialStacker.kt:8450:9: error: unresolved reference: GLES30
        GLES30.glUseProgram(bentoAdjustProgram)
        ^
mnt/data/photon_26753_work/candidate/app/src/main/java/com/hinnka/mycamera/processor/GlesMgcRawSpatialStacker.kt:8490:9: error: unresolved reference: GLES30
        GLES30.glUseProgram(bentoRewriteWeightProgram)
        ^
mnt/data/photon_26753_work/candidate/app/src/main/java/com/hinnka/mycamera/processor/GlesMgcRawSpatialStacker.kt:8524:9: error: unresolved reference: GLES30
        GLES30.glBindBuffer(GLES30.GL_PIXEL_PACK_BUFFER, 0)
        ^
mnt/data/photon_26753_work/candidate/app/src/main/java/com/hinnka/mycamera/processor/GlesMgcRawSpatialStacker.kt:8524:29: error: unresolved reference: GLES30
        GLES30.glBindBuffer(GLES30.GL_PIXEL_PACK_BUFFER, 0)
                            ^
mnt/data/photon_26753_work/candidate/app/src/main/java/com/hinnka/mycamera/processor/GlesMgcRawSpatialStacker.kt:8525:9: error: unresolved reference: GLES30
        GLES30.glPixelStorei(GLES30.GL_PACK_ALIGNMENT, 1)
        ^
mnt/data/photon_26753_work/candidate/app/src/main/java/com/hinnka/mycamera/processor/GlesMgcRawSpatialStacker.kt:8525:30: error: unresolved reference: GLES30
        GLES30.glPixelStorei(GLES30.GL_PACK_ALIGNMENT, 1)
                             ^
mnt/data/photon_26753_work/candidate/app/src/main/java/com/hinnka/mycamera/processor/GlesMgcRawSpatialStacker.kt:8528:9: error: unresolved reference: GLES30
        GLES30.glReadPixels(
        ^
mnt/data/photon_26753_work/candidate/app/src/main/java/com/hinnka/mycamera/processor/GlesMgcRawSpatialStacker.kt:8533:13: error: unresolved reference: GLES30
            GLES30.GL_RED,
            ^
mnt/data/photon_26753_work/candidate/app/src/main/java/com/hinnka/mycamera/processor/GlesMgcRawSpatialStacker.kt:8534:13: error: unresolved reference: GLES30
            GLES30.GL_UNSIGNED_BYTE,
            ^
mnt/data/photon_26753_work/candidate/app/src/main/java/com/hinnka/mycamera/processor/GlesMgcRawSpatialStacker.kt:8538:9: error: unresolved reference: GLES30
        GLES30.glBindFramebuffer(GLES30.GL_FRAMEBUFFER, 0)
        ^
mnt/data/photon_26753_work/candidate/app/src/main/java/com/hinnka/mycamera/processor/GlesMgcRawSpatialStacker.kt:8538:34: error: unresolved reference: GLES30
        GLES30.glBindFramebuffer(GLES30.GL_FRAMEBUFFER, 0)
                                 ^
mnt/data/photon_26753_work/candidate/app/src/main/java/com/hinnka/mycamera/processor/GlesMgcRawSpatialStacker.kt:8544:13: error: unresolved reference: PLog
            PLog.i(
            ^
mnt/data/photon_26753_work/candidate/app/src/main/java/com/hinnka/mycamera/processor/GlesMgcRawSpatialStacker.kt:8570:9: error: unresolved reference: GLES31
        GLES31.glGenBuffers(1, ids, 0)
        ^
mnt/data/photon_26753_work/candidate/app/src/main/java/com/hinnka/mycamera/processor/GlesMgcRawSpatialStacker.kt:8582:13: error: unresolved reference: GLES31
            GLES31.glBindBuffer(GLES31.GL_SHADER_STORAGE_BUFFER, buffer)
            ^
mnt/data/photon_26753_work/candidate/app/src/main/java/com/hinnka/mycamera/processor/GlesMgcRawSpatialStacker.kt:8582:33: error: unresolved reference: GLES31
            GLES31.glBindBuffer(GLES31.GL_SHADER_STORAGE_BUFFER, buffer)
                                ^
mnt/data/photon_26753_work/candidate/app/src/main/java/com/hinnka/mycamera/processor/GlesMgcRawSpatialStacker.kt:8583:13: error: unresolved reference: GLES31
            GLES31.glBufferData(
            ^
mnt/data/photon_26753_work/candidate/app/src/main/java/com/hinnka/mycamera/processor/GlesMgcRawSpatialStacker.kt:8584:17: error: unresolved reference: GLES31
                GLES31.GL_SHADER_STORAGE_BUFFER,
                ^
mnt/data/photon_26753_work/candidate/app/src/main/java/com/hinnka/mycamera/processor/GlesMgcRawSpatialStacker.kt:8587:17: error: unresolved reference: GLES31
                GLES31.GL_STREAM_READ,
                ^
mnt/data/photon_26753_work/candidate/app/src/main/java/com/hinnka/mycamera/processor/GlesMgcRawSpatialStacker.kt:8589:13: error: unresolved reference: GLES31
            GLES31.glBindBufferBase(GLES31.GL_SHADER_STORAGE_BUFFER, 0, buffer)
            ^
mnt/data/photon_26753_work/candidate/app/src/main/java/com/hinnka/mycamera/processor/GlesMgcRawSpatialStacker.kt:8589:37: error: unresolved reference: GLES31
            GLES31.glBindBufferBase(GLES31.GL_SHADER_STORAGE_BUFFER, 0, buffer)
                                    ^
mnt/data/photon_26753_work/candidate/app/src/main/java/com/hinnka/mycamera/processor/GlesMgcRawSpatialStacker.kt:8590:13: error: unresolved reference: GLES31
            GLES31.glUseProgram(bentoHighlightCountProgram)
            ^
mnt/data/photon_26753_work/candidate/app/src/main/java/com/hinnka/mycamera/processor/GlesMgcRawSpatialStacker.kt:8591:13: error: unresolved reference: GLES31
            GLES31.glActiveTexture(GLES31.GL_TEXTURE0)
            ^
mnt/data/photon_26753_work/candidate/app/src/main/java/com/hinnka/mycamera/processor/GlesMgcRawSpatialStacker.kt:8591:36: error: unresolved reference: GLES31
            GLES31.glActiveTexture(GLES31.GL_TEXTURE0)
                                   ^
mnt/data/photon_26753_work/candidate/app/src/main/java/com/hinnka/mycamera/processor/GlesMgcRawSpatialStacker.kt:8592:13: error: unresolved reference: GLES31
            GLES31.glBindTexture(GLES31.GL_TEXTURE_2D, texture)
            ^
mnt/data/photon_26753_work/candidate/app/src/main/java/com/hinnka/mycamera/processor/GlesMgcRawSpatialStacker.kt:8592:34: error: unresolved reference: GLES31
            GLES31.glBindTexture(GLES31.GL_TEXTURE_2D, texture)
                                 ^
mnt/data/photon_26753_work/candidate/app/src/main/java/com/hinnka/mycamera/processor/GlesMgcRawSpatialStacker.kt:8593:13: error: unresolved reference: GLES31
            GLES31.glUniform1i(
            ^
mnt/data/photon_26753_work/candidate/app/src/main/java/com/hinnka/mycamera/processor/GlesMgcRawSpatialStacker.kt:8597:13: error: unresolved reference: GLES31
            GLES31.glUniform2i(
            ^
mnt/data/photon_26753_work/candidate/app/src/main/java/com/hinnka/mycamera/processor/GlesMgcRawSpatialStacker.kt:8604:13: error: unresolved reference: GLES31
            GLES31.glDispatchCompute(
            ^
mnt/data/photon_26753_work/candidate/app/src/main/java/com/hinnka/mycamera/processor/GlesMgcRawSpatialStacker.kt:8605:17: error: unresolved reference: GlesComputeWorkGroup
                GlesComputeWorkGroup.imageGroupCount(guideWidth),
                ^
mnt/data/photon_26753_work/candidate/app/src/main/java/com/hinnka/mycamera/processor/GlesMgcRawSpatialStacker.kt:8606:17: error: unresolved reference: GlesComputeWorkGroup
                GlesComputeWorkGroup.imageGroupCount(guideHeight),
                ^
mnt/data/photon_26753_work/candidate/app/src/main/java/com/hinnka/mycamera/processor/GlesMgcRawSpatialStacker.kt:8609:13: error: unresolved reference: GLES31
            GLES31.glMemoryBarrier(
            ^
mnt/data/photon_26753_work/candidate/app/src/main/java/com/hinnka/mycamera/processor/GlesMgcRawSpatialStacker.kt:8610:17: error: unresolved reference: GLES31
                GLES31.GL_SHADER_STORAGE_BARRIER_BIT or
                ^
mnt/data/photon_26753_work/candidate/app/src/main/java/com/hinnka/mycamera/processor/GlesMgcRawSpatialStacker.kt:8611:21: error: unresolved reference: GLES31
                    GLES31.GL_BUFFER_UPDATE_BARRIER_BIT,
                    ^
mnt/data/photon_26753_work/candidate/app/src/main/java/com/hinnka/mycamera/processor/GlesMgcRawSpatialStacker.kt:8614:13: error: unresolved reference: GLES31
            GLES31.glBindBufferBase(GLES31.GL_SHADER_STORAGE_BUFFER, 0, 0)
            ^
mnt/data/photon_26753_work/candidate/app/src/main/java/com/hinnka/mycamera/processor/GlesMgcRawSpatialStacker.kt:8614:37: error: unresolved reference: GLES31
            GLES31.glBindBufferBase(GLES31.GL_SHADER_STORAGE_BUFFER, 0, 0)
                                    ^
mnt/data/photon_26753_work/candidate/app/src/main/java/com/hinnka/mycamera/processor/GlesMgcRawSpatialStacker.kt:8615:13: error: unresolved reference: GLES31
            GLES31.glBindTexture(GLES31.GL_TEXTURE_2D, 0)
            ^
mnt/data/photon_26753_work/candidate/app/src/main/java/com/hinnka/mycamera/processor/GlesMgcRawSpatialStacker.kt:8615:34: error: unresolved reference: GLES31
            GLES31.glBindTexture(GLES31.GL_TEXTURE_2D, 0)
                                 ^
mnt/data/photon_26753_work/candidate/app/src/main/java/com/hinnka/mycamera/processor/GlesMgcRawSpatialStacker.kt:8616:13: error: unresolved reference: GLES31
            GLES31.glUseProgram(0)
            ^
mnt/data/photon_26753_work/candidate/app/src/main/java/com/hinnka/mycamera/processor/GlesMgcRawSpatialStacker.kt:8619:29: error: unresolved reference: GlesGpuCompletion
            val gpuWaitMs = GlesGpuCompletion.awaitSubmittedWork(
                            ^
mnt/data/photon_26753_work/candidate/app/src/main/java/com/hinnka/mycamera/processor/GlesMgcRawSpatialStacker.kt:8624:13: error: unresolved reference: GLES31
            GLES31.glBindBuffer(GLES31.GL_SHADER_STORAGE_BUFFER, buffer)
            ^
mnt/data/photon_26753_work/candidate/app/src/main/java/com/hinnka/mycamera/processor/GlesMgcRawSpatialStacker.kt:8624:33: error: unresolved reference: GLES31
            GLES31.glBindBuffer(GLES31.GL_SHADER_STORAGE_BUFFER, buffer)
                                ^
mnt/data/photon_26753_work/candidate/app/src/main/java/com/hinnka/mycamera/processor/GlesMgcRawSpatialStacker.kt:8625:26: error: unresolved reference: GLES31
            val mapped = GLES31.glMapBufferRange(
                         ^
mnt/data/photon_26753_work/candidate/app/src/main/java/com/hinnka/mycamera/processor/GlesMgcRawSpatialStacker.kt:8626:17: error: unresolved reference: GLES31
                GLES31.GL_SHADER_STORAGE_BUFFER,
                ^
mnt/data/photon_26753_work/candidate/app/src/main/java/com/hinnka/mycamera/processor/GlesMgcRawSpatialStacker.kt:8629:17: error: unresolved reference: GLES31
                GLES31.GL_MAP_READ_BIT,
                ^
mnt/data/photon_26753_work/candidate/app/src/main/java/com/hinnka/mycamera/processor/GlesMgcRawSpatialStacker.kt:8633:19: error: unresolved reference: GLES31
            check(GLES31.glUnmapBuffer(GLES31.GL_SHADER_STORAGE_BUFFER)) {
                  ^
mnt/data/photon_26753_work/candidate/app/src/main/java/com/hinnka/mycamera/processor/GlesMgcRawSpatialStacker.kt:8633:40: error: unresolved reference: GLES31
            check(GLES31.glUnmapBuffer(GLES31.GL_SHADER_STORAGE_BUFFER)) {
                                       ^
mnt/data/photon_26753_work/candidate/app/src/main/java/com/hinnka/mycamera/processor/GlesMgcRawSpatialStacker.kt:8637:13: error: unresolved reference: GLES31
            GLES31.glBindBuffer(GLES31.GL_SHADER_STORAGE_BUFFER, 0)
            ^
mnt/data/photon_26753_work/candidate/app/src/main/java/com/hinnka/mycamera/processor/GlesMgcRawSpatialStacker.kt:8637:33: error: unresolved reference: GLES31
            GLES31.glBindBuffer(GLES31.GL_SHADER_STORAGE_BUFFER, 0)
                                ^
mnt/data/photon_26753_work/candidate/app/src/main/java/com/hinnka/mycamera/processor/GlesMgcRawSpatialStacker.kt:8652:17: error: unresolved reference: GLES31
                GLES31.glBindBuffer(GLES31.GL_SHADER_STORAGE_BUFFER, buffer)
                ^
mnt/data/photon_26753_work/candidate/app/src/main/java/com/hinnka/mycamera/processor/GlesMgcRawSpatialStacker.kt:8652:37: error: unresolved reference: GLES31
                GLES31.glBindBuffer(GLES31.GL_SHADER_STORAGE_BUFFER, buffer)
                                    ^
mnt/data/photon_26753_work/candidate/app/src/main/java/com/hinnka/mycamera/processor/GlesMgcRawSpatialStacker.kt:8653:17: error: unresolved reference: GLES31
                GLES31.glUnmapBuffer(GLES31.GL_SHADER_STORAGE_BUFFER)
                ^
mnt/data/photon_26753_work/candidate/app/src/main/java/com/hinnka/mycamera/processor/GlesMgcRawSpatialStacker.kt:8653:38: error: unresolved reference: GLES31
                GLES31.glUnmapBuffer(GLES31.GL_SHADER_STORAGE_BUFFER)
                                     ^
mnt/data/photon_26753_work/candidate/app/src/main/java/com/hinnka/mycamera/processor/GlesMgcRawSpatialStacker.kt:8655:13: error: unresolved reference: GLES31
            GLES31.glBindBufferBase(GLES31.GL_SHADER_STORAGE_BUFFER, 0, 0)
            ^
mnt/data/photon_26753_work/candidate/app/src/main/java/com/hinnka/mycamera/processor/GlesMgcRawSpatialStacker.kt:8655:37: error: unresolved reference: GLES31
            GLES31.glBindBufferBase(GLES31.GL_SHADER_STORAGE_BUFFER, 0, 0)
                                    ^
mnt/data/photon_26753_work/candidate/app/src/main/java/com/hinnka/mycamera/processor/GlesMgcRawSpatialStacker.kt:8656:13: error: unresolved reference: GLES31
            GLES31.glBindBuffer(GLES31.GL_SHADER_STORAGE_BUFFER, 0)
            ^
mnt/data/photon_26753_work/candidate/app/src/main/java/com/hinnka/mycamera/processor/GlesMgcRawSpatialStacker.kt:8656:33: error: unresolved reference: GLES31
            GLES31.glBindBuffer(GLES31.GL_SHADER_STORAGE_BUFFER, 0)
                                ^
mnt/data/photon_26753_work/candidate/app/src/main/java/com/hinnka/mycamera/processor/GlesMgcRawSpatialStacker.kt:8658:17: error: unresolved reference: GLES31
                GLES31.glDeleteBuffers(1, intArrayOf(buffer), 0)
                ^
mnt/data/photon_26753_work/candidate/app/src/main/java/com/hinnka/mycamera/processor/GlesMgcRawSpatialStacker.kt:8667:24: error: unresolved reference: mgcSpatialDiagnosticGeometry
        val geometry = mgcSpatialDiagnosticGeometry(
                       ^
mnt/data/photon_26753_work/candidate/app/src/main/java/com/hinnka/mycamera/processor/GlesMgcRawSpatialStacker.kt:8669:44: error: unresolved reference: MgcSpatialOutputMode
            imageWidth = if (outputMode == MgcSpatialOutputMode.RGB) outputWidth else width,
                                           ^
mnt/data/photon_26753_work/candidate/app/src/main/java/com/hinnka/mycamera/processor/GlesMgcRawSpatialStacker.kt:8670:45: error: unresolved reference: MgcSpatialOutputMode
            imageHeight = if (outputMode == MgcSpatialOutputMode.RGB) outputHeight else height,
                                            ^
mnt/data/photon_26753_work/candidate/app/src/main/java/com/hinnka/mycamera/processor/GlesMgcRawSpatialStacker.kt:8672:27: error: unresolved reference: MgcSpatialOutputMode
        if (outputMode == MgcSpatialOutputMode.RGB) {
                          ^
mnt/data/photon_26753_work/candidate/app/src/main/java/com/hinnka/mycamera/processor/GlesMgcRawSpatialStacker.kt:8679:9: error: unresolved reference: GLES30
        GLES30.glGetIntegerv(GLES30.GL_MAX_TEXTURE_SIZE, maximumTextureSize, 0)
        ^
mnt/data/photon_26753_work/candidate/app/src/main/java/com/hinnka/mycamera/processor/GlesMgcRawSpatialStacker.kt:8679:30: error: unresolved reference: GLES30
        GLES30.glGetIntegerv(GLES30.GL_MAX_TEXTURE_SIZE, maximumTextureSize, 0)
                             ^
mnt/data/photon_26753_work/candidate/app/src/main/java/com/hinnka/mycamera/processor/GlesMgcRawSpatialStacker.kt:8680:31: error: unresolved reference: createMgcSpatialStrengthAtlasLayout
        val alignmentLayout = createMgcSpatialStrengthAtlasLayout(
                              ^
mnt/data/photon_26753_work/candidate/app/src/main/java/com/hinnka/mycamera/processor/GlesMgcRawSpatialStacker.kt:8686:31: error: unresolved reference: createMgcSpatialStrengthAtlasLayout
        val rejectionLayout = createMgcSpatialStrengthAtlasLayout(
                              ^
mnt/data/photon_26753_work/candidate/app/src/main/java/com/hinnka/mycamera/processor/GlesMgcRawSpatialStacker.kt:8692:9: error: unresolved reference: PLog
        PLog.i(
        ^
mnt/data/photon_26753_work/candidate/app/src/main/java/com/hinnka/mycamera/processor/GlesMgcRawSpatialStacker.kt:8711:17: error: unresolved reference: GLES30
                GLES30.GL_R32F,
                ^
mnt/data/photon_26753_work/candidate/app/src/main/java/com/hinnka/mycamera/processor/GlesMgcRawSpatialStacker.kt:8712:17: error: unresolved reference: GLES30
                GLES30.GL_NEAREST,
                ^
mnt/data/photon_26753_work/candidate/app/src/main/java/com/hinnka/mycamera/processor/GlesMgcRawSpatialStacker.kt:8717:17: error: unresolved reference: GLES30
                GLES30.GL_R8,
                ^
mnt/data/photon_26753_work/candidate/app/src/main/java/com/hinnka/mycamera/processor/GlesMgcRawSpatialStacker.kt:8718:17: error: unresolved reference: GLES30
                GLES30.GL_NEAREST,
                ^
mnt/data/photon_26753_work/candidate/app/src/main/java/com/hinnka/mycamera/processor/GlesMgcRawSpatialStacker.kt:8746:13: error: unresolved reference: GLES30
            GLES30.glUseProgram(strengthAlignmentProgram)
            ^
mnt/data/photon_26753_work/candidate/app/src/main/java/com/hinnka/mycamera/processor/GlesMgcRawSpatialStacker.kt:8772:9: error: unresolved reference: GLES30
        GLES30.glUseProgram(strengthRejectionProgram)
        ^
mnt/data/photon_26753_work/candidate/app/src/main/java/com/hinnka/mycamera/processor/GlesMgcRawSpatialStacker.kt:8817:13: error: unresolved reference: PLog
            PLog.w(
            ^
mnt/data/photon_26753_work/candidate/app/src/main/java/com/hinnka/mycamera/processor/GlesMgcRawSpatialStacker.kt:8857:8: error: unresolved reference: MgcSpatialStrengthMapGenerator
    ): MgcSpatialStrengthMapGenerator.Result {
       ^
mnt/data/photon_26753_work/candidate/app/src/main/java/com/hinnka/mycamera/processor/GlesMgcRawSpatialStacker.kt:8858:24: error: unresolved reference: mgcSpatialDiagnosticGeometry
        val geometry = mgcSpatialDiagnosticGeometry(
                       ^
mnt/data/photon_26753_work/candidate/app/src/main/java/com/hinnka/mycamera/processor/GlesMgcRawSpatialStacker.kt:8860:44: error: unresolved reference: MgcSpatialOutputMode
            imageWidth = if (outputMode == MgcSpatialOutputMode.RGB) outputWidth else width,
                                           ^
mnt/data/photon_26753_work/candidate/app/src/main/java/com/hinnka/mycamera/processor/GlesMgcRawSpatialStacker.kt:8861:45: error: unresolved reference: MgcSpatialOutputMode
            imageHeight = if (outputMode == MgcSpatialOutputMode.RGB) outputHeight else height,
                                            ^
mnt/data/photon_26753_work/candidate/app/src/main/java/com/hinnka/mycamera/processor/GlesMgcRawSpatialStacker.kt:8864:9: error: unresolved reference: PLog
        PLog.w(
        ^
mnt/data/photon_26753_work/candidate/app/src/main/java/com/hinnka/mycamera/processor/GlesMgcRawSpatialStacker.kt:8870:16: error: unresolved reference: MgcSpatialStrengthMapGenerator
        return MgcSpatialStrengthMapGenerator.Result(
               ^
mnt/data/photon_26753_work/candidate/app/src/main/java/com/hinnka/mycamera/processor/GlesMgcRawSpatialStacker.kt:8871:27: error: unresolved reference: MgcSpatialStrengthMap
            strengthMap = MgcSpatialStrengthMap(
                          ^
mnt/data/photon_26753_work/candidate/app/src/main/java/com/hinnka/mycamera/processor/GlesMgcRawSpatialStacker.kt:8898:35: error: unresolved reference: MgcSpatialOutputMode
        if (capture.outputMode == MgcSpatialOutputMode.RGB) {
                                  ^
mnt/data/photon_26753_work/candidate/app/src/main/java/com/hinnka/mycamera/processor/GlesMgcRawSpatialStacker.kt:8928:35: error: unresolved reference: MgcSpatialOutputMode
        if (capture.outputMode == MgcSpatialOutputMode.BAYER) {
                                  ^
mnt/data/photon_26753_work/candidate/app/src/main/java/com/hinnka/mycamera/processor/GlesMgcRawSpatialStacker.kt:8970:9: error: unresolved reference: PLog
        PLog.i(
        ^
mnt/data/photon_26753_work/candidate/app/src/main/java/com/hinnka/mycamera/processor/GlesMgcRawSpatialStacker.kt:9001:21: error: cannot infer a type for this parameter. Please specify it explicitly.
            .also { bytes -> require(bytes in 1..Int.MAX_VALUE.toLong()) }
                    ^
mnt/data/photon_26753_work/candidate/app/src/main/java/com/hinnka/mycamera/processor/GlesMgcRawSpatialStacker.kt:9010:9: error: unresolved reference: GLES30
        GLES30.glGenBuffers(1, ids, 0)
        ^
mnt/data/photon_26753_work/candidate/app/src/main/java/com/hinnka/mycamera/processor/GlesMgcRawSpatialStacker.kt:9014:9: error: unresolved reference: GLES30
        GLES30.glBindBuffer(GLES30.GL_PIXEL_PACK_BUFFER, buffer)
        ^
mnt/data/photon_26753_work/candidate/app/src/main/java/com/hinnka/mycamera/processor/GlesMgcRawSpatialStacker.kt:9014:29: error: unresolved reference: GLES30
        GLES30.glBindBuffer(GLES30.GL_PIXEL_PACK_BUFFER, buffer)
                            ^
mnt/data/photon_26753_work/candidate/app/src/main/java/com/hinnka/mycamera/processor/GlesMgcRawSpatialStacker.kt:9018:9: error: unresolved reference: GLES30
        GLES30.glBufferData(
        ^
mnt/data/photon_26753_work/candidate/app/src/main/java/com/hinnka/mycamera/processor/GlesMgcRawSpatialStacker.kt:9019:13: error: unresolved reference: GLES30
            GLES30.GL_PIXEL_PACK_BUFFER,
            ^
mnt/data/photon_26753_work/candidate/app/src/main/java/com/hinnka/mycamera/processor/GlesMgcRawSpatialStacker.kt:9022:13: error: unresolved reference: GLES30
            GLES30.GL_STREAM_READ,
            ^
mnt/data/photon_26753_work/candidate/app/src/main/java/com/hinnka/mycamera/processor/GlesMgcRawSpatialStacker.kt:9024:9: error: unresolved reference: GLES30
        GLES30.glBindBuffer(GLES30.GL_PIXEL_PACK_BUFFER, 0)
        ^
mnt/data/photon_26753_work/candidate/app/src/main/java/com/hinnka/mycamera/processor/GlesMgcRawSpatialStacker.kt:9024:29: error: unresolved reference: GLES30
        GLES30.glBindBuffer(GLES30.GL_PIXEL_PACK_BUFFER, 0)
                            ^
mnt/data/photon_26753_work/candidate/app/src/main/java/com/hinnka/mycamera/processor/GlesMgcRawSpatialStacker.kt:9031:9: error: unresolved reference: GLES30
        GLES30.glDeleteBuffers(1, intArrayOf(storage.buffer), 0)
        ^
mnt/data/photon_26753_work/candidate/app/src/main/java/com/hinnka/mycamera/processor/GlesMgcRawSpatialStacker.kt:9042:22: error: unresolved reference: MgcSpatialStrengthAtlasLayout
        atlasLayout: MgcSpatialStrengthAtlasLayout? = null,
                     ^
mnt/data/photon_26753_work/candidate/app/src/main/java/com/hinnka/mycamera/processor/GlesMgcRawSpatialStacker.kt:9044:28: error: cannot infer a type for this parameter. Please specify it explicitly.
        atlasLayout?.let { layout ->
                           ^
mnt/data/photon_26753_work/candidate/app/src/main/java/com/hinnka/mycamera/processor/GlesMgcRawSpatialStacker.kt:9070:32: error: unresolved reference: GlesComputeWorkGroup
            (invocationCount + GlesComputeWorkGroup.LINEAR_SIZE - 1L) /
                               ^
mnt/data/photon_26753_work/candidate/app/src/main/java/com/hinnka/mycamera/processor/GlesMgcRawSpatialStacker.kt:9071:17: error: unresolved reference: GlesComputeWorkGroup
                GlesComputeWorkGroup.LINEAR_SIZE
                ^
mnt/data/photon_26753_work/candidate/app/src/main/java/com/hinnka/mycamera/processor/GlesMgcRawSpatialStacker.kt:9079:28: error: unresolved reference: createMgcSpatialStrengthPackDispatch
            val dispatch = createMgcSpatialStrengthPackDispatch(
                           ^
mnt/data/photon_26753_work/candidate/app/src/main/java/com/hinnka/mycamera/processor/GlesMgcRawSpatialStacker.kt:9081:29: error: unresolved reference: GlesComputeWorkGroup
                localSize = GlesComputeWorkGroup.LINEAR_SIZE,
                            ^
mnt/data/photon_26753_work/candidate/app/src/main/java/com/hinnka/mycamera/processor/GlesMgcRawSpatialStacker.kt:9099:13: error: unresolved reference: PLog
            PLog.w(
            ^
mnt/data/photon_26753_work/candidate/app/src/main/java/com/hinnka/mycamera/processor/GlesMgcRawSpatialStacker.kt:9107:13: error: unresolved reference: PLog
            PLog.w(
            ^
mnt/data/photon_26753_work/candidate/app/src/main/java/com/hinnka/mycamera/processor/GlesMgcRawSpatialStacker.kt:9119:9: error: unresolved reference: GLES30
        GLES30.glBindBuffer(GLES30.GL_PIXEL_PACK_BUFFER, storage.buffer)
        ^
mnt/data/photon_26753_work/candidate/app/src/main/java/com/hinnka/mycamera/processor/GlesMgcRawSpatialStacker.kt:9119:29: error: unresolved reference: GLES30
        GLES30.glBindBuffer(GLES30.GL_PIXEL_PACK_BUFFER, storage.buffer)
                            ^
mnt/data/photon_26753_work/candidate/app/src/main/java/com/hinnka/mycamera/processor/GlesMgcRawSpatialStacker.kt:9120:9: error: unresolved reference: GLES30
        GLES30.glPixelStorei(GLES30.GL_PACK_ALIGNMENT, 1)
        ^
mnt/data/photon_26753_work/candidate/app/src/main/java/com/hinnka/mycamera/processor/GlesMgcRawSpatialStacker.kt:9120:30: error: unresolved reference: GLES30
        GLES30.glPixelStorei(GLES30.GL_PACK_ALIGNMENT, 1)
                             ^
mnt/data/photon_26753_work/candidate/app/src/main/java/com/hinnka/mycamera/processor/GlesMgcRawSpatialStacker.kt:9121:9: error: unresolved reference: GLES30
        GLES30.glPixelStorei(GLES30.GL_PACK_ROW_LENGTH, 0)
        ^
mnt/data/photon_26753_work/candidate/app/src/main/java/com/hinnka/mycamera/processor/GlesMgcRawSpatialStacker.kt:9121:30: error: unresolved reference: GLES30
        GLES30.glPixelStorei(GLES30.GL_PACK_ROW_LENGTH, 0)
                             ^
mnt/data/photon_26753_work/candidate/app/src/main/java/com/hinnka/mycamera/processor/GlesMgcRawSpatialStacker.kt:9125:48: error: unresolved reference: GLES30
            StrengthReadbackEncoding.UNORM8 -> GLES30.GL_RED
                                               ^
mnt/data/photon_26753_work/candidate/app/src/main/java/com/hinnka/mycamera/processor/GlesMgcRawSpatialStacker.kt:9126:48: error: unresolved reference: GLES30
            StrengthReadbackEncoding.SINT16 -> GLES30.GL_RED_INTEGER
                                               ^
mnt/data/photon_26753_work/candidate/app/src/main/java/com/hinnka/mycamera/processor/GlesMgcRawSpatialStacker.kt:9129:49: error: unresolved reference: GLES30
            StrengthReadbackEncoding.FLOAT32 -> GLES30.GL_FLOAT
                                                ^
mnt/data/photon_26753_work/candidate/app/src/main/java/com/hinnka/mycamera/processor/GlesMgcRawSpatialStacker.kt:9130:48: error: unresolved reference: GLES30
            StrengthReadbackEncoding.UNORM8 -> GLES30.GL_UNSIGNED_BYTE
                                               ^
mnt/data/photon_26753_work/candidate/app/src/main/java/com/hinnka/mycamera/processor/GlesMgcRawSpatialStacker.kt:9131:48: error: unresolved reference: GLES30
            StrengthReadbackEncoding.SINT16 -> GLES30.GL_SHORT
                                               ^
mnt/data/photon_26753_work/candidate/app/src/main/java/com/hinnka/mycamera/processor/GlesMgcRawSpatialStacker.kt:9134:13: error: unresolved reference: GLES30
            GLES30.glReadPixels(
            ^
mnt/data/photon_26753_work/candidate/app/src/main/java/com/hinnka/mycamera/processor/GlesMgcRawSpatialStacker.kt:9146:29: error: cannot infer a type for this parameter. Please specify it explicitly.
                    .also { offset -> require(offset <= Int.MAX_VALUE) }
                            ^
mnt/data/photon_26753_work/candidate/app/src/main/java/com/hinnka/mycamera/processor/GlesMgcRawSpatialStacker.kt:9148:17: error: unresolved reference: GLES30
                GLES30.glReadPixels(
                ^
mnt/data/photon_26753_work/candidate/app/src/main/java/com/hinnka/mycamera/processor/GlesMgcRawSpatialStacker.kt:9160:9: error: unresolved reference: GLES30
        GLES30.glBindBuffer(GLES30.GL_PIXEL_PACK_BUFFER, 0)
        ^
mnt/data/photon_26753_work/candidate/app/src/main/java/com/hinnka/mycamera/processor/GlesMgcRawSpatialStacker.kt:9160:29: error: unresolved reference: GLES30
        GLES30.glBindBuffer(GLES30.GL_PIXEL_PACK_BUFFER, 0)
                            ^
mnt/data/photon_26753_work/candidate/app/src/main/java/com/hinnka/mycamera/processor/GlesMgcRawSpatialStacker.kt:9161:9: error: unresolved reference: GLES30
        GLES30.glBindFramebuffer(GLES30.GL_FRAMEBUFFER, 0)
        ^
mnt/data/photon_26753_work/candidate/app/src/main/java/com/hinnka/mycamera/processor/GlesMgcRawSpatialStacker.kt:9161:34: error: unresolved reference: GLES30
        GLES30.glBindFramebuffer(GLES30.GL_FRAMEBUFFER, 0)
                                 ^
mnt/data/photon_26753_work/candidate/app/src/main/java/com/hinnka/mycamera/processor/GlesMgcRawSpatialStacker.kt:9174:13: error: unresolved reference: PLog
            PLog.i(
            ^
mnt/data/photon_26753_work/candidate/app/src/main/java/com/hinnka/mycamera/processor/GlesMgcRawSpatialStacker.kt:9191:22: error: unresolved reference: MgcSpatialStrengthAtlasLayout
        atlasLayout: MgcSpatialStrengthAtlasLayout? = null,
                     ^
mnt/data/photon_26753_work/candidate/app/src/main/java/com/hinnka/mycamera/processor/GlesMgcRawSpatialStacker.kt:9222:22: error: unresolved reference: MgcSpatialStrengthAtlasLayout
        atlasLayout: MgcSpatialStrengthAtlasLayout?,
                     ^
mnt/data/photon_26753_work/candidate/app/src/main/java/com/hinnka/mycamera/processor/GlesMgcRawSpatialStacker.kt:9224:19: error: unresolved reference: MgcSpatialStrengthPackDispatch
        dispatch: MgcSpatialStrengthPackDispatch,
                  ^
mnt/data/photon_26753_work/candidate/app/src/main/java/com/hinnka/mycamera/processor/GlesMgcRawSpatialStacker.kt:9228:9: error: unresolved reference: GLES31
        GLES31.glUseProgram(program)
        ^
mnt/data/photon_26753_work/candidate/app/src/main/java/com/hinnka/mycamera/processor/GlesMgcRawSpatialStacker.kt:9229:9: error: unresolved reference: GLES31
        GLES31.glActiveTexture(GLES31.GL_TEXTURE0)
        ^
mnt/data/photon_26753_work/candidate/app/src/main/java/com/hinnka/mycamera/processor/GlesMgcRawSpatialStacker.kt:9229:32: error: unresolved reference: GLES31
        GLES31.glActiveTexture(GLES31.GL_TEXTURE0)
                               ^
mnt/data/photon_26753_work/candidate/app/src/main/java/com/hinnka/mycamera/processor/GlesMgcRawSpatialStacker.kt:9230:9: error: unresolved reference: GLES31
        GLES31.glBindTexture(GLES31.GL_TEXTURE_2D, texture)
        ^
mnt/data/photon_26753_work/candidate/app/src/main/java/com/hinnka/mycamera/processor/GlesMgcRawSpatialStacker.kt:9230:30: error: unresolved reference: GLES31
        GLES31.glBindTexture(GLES31.GL_TEXTURE_2D, texture)
                             ^
mnt/data/photon_26753_work/candidate/app/src/main/java/com/hinnka/mycamera/processor/GlesMgcRawSpatialStacker.kt:9231:9: error: unresolved reference: GLES31
        GLES31.glUniform1i(GLES31.glGetUniformLocation(program, "uSource"), 0)
        ^
mnt/data/photon_26753_work/candidate/app/src/main/java/com/hinnka/mycamera/processor/GlesMgcRawSpatialStacker.kt:9231:28: error: unresolved reference: GLES31
        GLES31.glUniform1i(GLES31.glGetUniformLocation(program, "uSource"), 0)
                           ^
mnt/data/photon_26753_work/candidate/app/src/main/java/com/hinnka/mycamera/processor/GlesMgcRawSpatialStacker.kt:9236:9: error: unresolved reference: GLES31
        GLES31.glUniform2i(
        ^
mnt/data/photon_26753_work/candidate/app/src/main/java/com/hinnka/mycamera/processor/GlesMgcRawSpatialStacker.kt:9237:13: error: unresolved reference: GLES31
            GLES31.glGetUniformLocation(program, "uPlaneSize"),
            ^
mnt/data/photon_26753_work/candidate/app/src/main/java/com/hinnka/mycamera/processor/GlesMgcRawSpatialStacker.kt:9241:9: error: unresolved reference: GLES31
        GLES31.glUniform1i(
        ^
mnt/data/photon_26753_work/candidate/app/src/main/java/com/hinnka/mycamera/processor/GlesMgcRawSpatialStacker.kt:9242:13: error: unresolved reference: GLES31
            GLES31.glGetUniformLocation(program, "uPlaneCount"),
            ^
mnt/data/photon_26753_work/candidate/app/src/main/java/com/hinnka/mycamera/processor/GlesMgcRawSpatialStacker.kt:9245:9: error: unresolved reference: GLES31
        GLES31.glUniform1i(
        ^
mnt/data/photon_26753_work/candidate/app/src/main/java/com/hinnka/mycamera/processor/GlesMgcRawSpatialStacker.kt:9246:13: error: unresolved reference: GLES31
            GLES31.glGetUniformLocation(program, "uAtlasColumns"),
            ^
mnt/data/photon_26753_work/candidate/app/src/main/java/com/hinnka/mycamera/processor/GlesMgcRawSpatialStacker.kt:9249:9: error: unresolved reference: GLES31
        GLES31.glBindBufferBase(GLES31.GL_SHADER_STORAGE_BUFFER, 0, storage.buffer)
        ^
mnt/data/photon_26753_work/candidate/app/src/main/java/com/hinnka/mycamera/processor/GlesMgcRawSpatialStacker.kt:9249:33: error: unresolved reference: GLES31
        GLES31.glBindBufferBase(GLES31.GL_SHADER_STORAGE_BUFFER, 0, storage.buffer)
                                ^
mnt/data/photon_26753_work/candidate/app/src/main/java/com/hinnka/mycamera/processor/GlesMgcRawSpatialStacker.kt:9262:9: error: unresolved reference: GLES31
        GLES31.glDispatchCompute(
        ^
mnt/data/photon_26753_work/candidate/app/src/main/java/com/hinnka/mycamera/processor/GlesMgcRawSpatialStacker.kt:9267:9: error: unresolved reference: GLES31
        GLES31.glMemoryBarrier(
        ^
mnt/data/photon_26753_work/candidate/app/src/main/java/com/hinnka/mycamera/processor/GlesMgcRawSpatialStacker.kt:9268:13: error: unresolved reference: GLES31
            GLES31.GL_SHADER_STORAGE_BARRIER_BIT or GLES31.GL_BUFFER_UPDATE_BARRIER_BIT,
            ^
mnt/data/photon_26753_work/candidate/app/src/main/java/com/hinnka/mycamera/processor/GlesMgcRawSpatialStacker.kt:9268:53: error: unresolved reference: GLES31
            GLES31.GL_SHADER_STORAGE_BARRIER_BIT or GLES31.GL_BUFFER_UPDATE_BARRIER_BIT,
                                                    ^
mnt/data/photon_26753_work/candidate/app/src/main/java/com/hinnka/mycamera/processor/GlesMgcRawSpatialStacker.kt:9271:9: error: unresolved reference: GLES31
        GLES31.glBindBufferBase(GLES31.GL_SHADER_STORAGE_BUFFER, 0, 0)
        ^
mnt/data/photon_26753_work/candidate/app/src/main/java/com/hinnka/mycamera/processor/GlesMgcRawSpatialStacker.kt:9271:33: error: unresolved reference: GLES31
        GLES31.glBindBufferBase(GLES31.GL_SHADER_STORAGE_BUFFER, 0, 0)
                                ^
mnt/data/photon_26753_work/candidate/app/src/main/java/com/hinnka/mycamera/processor/GlesMgcRawSpatialStacker.kt:9272:9: error: unresolved reference: GLES31
        GLES31.glBindTexture(GLES31.GL_TEXTURE_2D, 0)
        ^
mnt/data/photon_26753_work/candidate/app/src/main/java/com/hinnka/mycamera/processor/GlesMgcRawSpatialStacker.kt:9272:30: error: unresolved reference: GLES31
        GLES31.glBindTexture(GLES31.GL_TEXTURE_2D, 0)
                             ^
mnt/data/photon_26753_work/candidate/app/src/main/java/com/hinnka/mycamera/processor/GlesMgcRawSpatialStacker.kt:9273:9: error: unresolved reference: GLES31
        GLES31.glUseProgram(0)
        ^
mnt/data/photon_26753_work/candidate/app/src/main/java/com/hinnka/mycamera/processor/GlesMgcRawSpatialStacker.kt:9282:13: error: unresolved reference: PLog
            PLog.i(
            ^
mnt/data/photon_26753_work/candidate/app/src/main/java/com/hinnka/mycamera/processor/GlesMgcRawSpatialStacker.kt:9297:9: error: unresolved reference: GLES30
        GLES30.glBindBuffer(GLES30.GL_PIXEL_PACK_BUFFER, buffer)
        ^
mnt/data/photon_26753_work/candidate/app/src/main/java/com/hinnka/mycamera/processor/GlesMgcRawSpatialStacker.kt:9297:29: error: unresolved reference: GLES30
        GLES30.glBindBuffer(GLES30.GL_PIXEL_PACK_BUFFER, buffer)
                            ^
mnt/data/photon_26753_work/candidate/app/src/main/java/com/hinnka/mycamera/processor/GlesMgcRawSpatialStacker.kt:9298:22: error: unresolved reference: GLES30
        val mapped = GLES30.glMapBufferRange(
                     ^
mnt/data/photon_26753_work/candidate/app/src/main/java/com/hinnka/mycamera/processor/GlesMgcRawSpatialStacker.kt:9299:13: error: unresolved reference: GLES30
            GLES30.GL_PIXEL_PACK_BUFFER,
            ^
mnt/data/photon_26753_work/candidate/app/src/main/java/com/hinnka/mycamera/processor/GlesMgcRawSpatialStacker.kt:9302:13: error: unresolved reference: GLES30
            GLES30.GL_MAP_READ_BIT,
            ^
mnt/data/photon_26753_work/candidate/app/src/main/java/com/hinnka/mycamera/processor/GlesMgcRawSpatialStacker.kt:9304:9: error: unresolved reference: GLES30
        GLES30.glBindBuffer(GLES30.GL_PIXEL_PACK_BUFFER, 0)
        ^
mnt/data/photon_26753_work/candidate/app/src/main/java/com/hinnka/mycamera/processor/GlesMgcRawSpatialStacker.kt:9304:29: error: unresolved reference: GLES30
        GLES30.glBindBuffer(GLES30.GL_PIXEL_PACK_BUFFER, 0)
                            ^
mnt/data/photon_26753_work/candidate/app/src/main/java/com/hinnka/mycamera/processor/GlesMgcRawSpatialStacker.kt:9305:9: error: unresolved reference: PLog
        PLog.i(
        ^
mnt/data/photon_26753_work/candidate/app/src/main/java/com/hinnka/mycamera/processor/GlesMgcRawSpatialStacker.kt:9317:9: error: unresolved reference: GLES30
        GLES30.glBindBuffer(GLES30.GL_PIXEL_PACK_BUFFER, buffer)
        ^
mnt/data/photon_26753_work/candidate/app/src/main/java/com/hinnka/mycamera/processor/GlesMgcRawSpatialStacker.kt:9317:29: error: unresolved reference: GLES30
        GLES30.glBindBuffer(GLES30.GL_PIXEL_PACK_BUFFER, buffer)
                            ^
mnt/data/photon_26753_work/candidate/app/src/main/java/com/hinnka/mycamera/processor/GlesMgcRawSpatialStacker.kt:9318:15: error: unresolved reference: GLES30
        check(GLES30.glUnmapBuffer(GLES30.GL_PIXEL_PACK_BUFFER)) {
              ^
mnt/data/photon_26753_work/candidate/app/src/main/java/com/hinnka/mycamera/processor/GlesMgcRawSpatialStacker.kt:9318:36: error: unresolved reference: GLES30
        check(GLES30.glUnmapBuffer(GLES30.GL_PIXEL_PACK_BUFFER)) {
                                   ^
mnt/data/photon_26753_work/candidate/app/src/main/java/com/hinnka/mycamera/processor/GlesMgcRawSpatialStacker.kt:9321:9: error: unresolved reference: GLES30
        GLES30.glBindBuffer(GLES30.GL_PIXEL_PACK_BUFFER, 0)
        ^
mnt/data/photon_26753_work/candidate/app/src/main/java/com/hinnka/mycamera/processor/GlesMgcRawSpatialStacker.kt:9321:29: error: unresolved reference: GLES30
        GLES30.glBindBuffer(GLES30.GL_PIXEL_PACK_BUFFER, 0)
                            ^
mnt/data/photon_26753_work/candidate/app/src/main/java/com/hinnka/mycamera/processor/GlesMgcRawSpatialStacker.kt:9332:20: error: unresolved reference: LargeDirectBuffer
        val host = LargeDirectBuffer.allocate(prepared.byteCount.toLong(), label)
                   ^
mnt/data/photon_26753_work/candidate/app/src/main/java/com/hinnka/mycamera/processor/GlesMgcRawSpatialStacker.kt:9344:22: error: unresolved reference: put
                host.put(checkNotNull(mapped).duplicate())
                     ^
mnt/data/photon_26753_work/candidate/app/src/main/java/com/hinnka/mycamera/processor/GlesMgcRawSpatialStacker.kt:9345:22: error: unresolved reference: rewind
                host.rewind()
                     ^
mnt/data/photon_26753_work/candidate/app/src/main/java/com/hinnka/mycamera/processor/GlesMgcRawSpatialStacker.kt:9356:13: error: unresolved reference: LargeDirectBuffer
            LargeDirectBuffer.free(host)
            ^
mnt/data/photon_26753_work/candidate/app/src/main/java/com/hinnka/mycamera/processor/GlesMgcRawSpatialStacker.kt:9369:13: error: unresolved reference: PLog
            PLog.i(
            ^
mnt/data/photon_26753_work/candidate/app/src/main/java/com/hinnka/mycamera/processor/GlesMgcRawSpatialStacker.kt:9380:8: error: unresolved reference: MgcSpatialStrengthMapGenerator
    ): MgcSpatialStrengthMapGenerator.Result? {
       ^
mnt/data/photon_26753_work/candidate/app/src/main/java/com/hinnka/mycamera/processor/GlesMgcRawSpatialStacker.kt:9430:17: error: unresolved reference: RawStackRuntimeDebug
            if (RawStackRuntimeDebug.mgcSpatialInputDiagnosticsEnabled) {
                ^
mnt/data/photon_26753_work/candidate/app/src/main/java/com/hinnka/mycamera/processor/GlesMgcRawSpatialStacker.kt:9436:13: error: unresolved reference: MgcSpatialStrengthMapGenerator
            MgcSpatialStrengthMapGenerator.compute(
            ^
mnt/data/photon_26753_work/candidate/app/src/main/java/com/hinnka/mycamera/processor/GlesMgcRawSpatialStacker.kt:9473:13: error: unresolved reference: PLog
            PLog.i(
            ^
mnt/data/photon_26753_work/candidate/app/src/main/java/com/hinnka/mycamera/processor/GlesMgcRawSpatialStacker.kt:9524:9: error: unresolved reference: PLog
        PLog.i(
        ^
mnt/data/photon_26753_work/candidate/app/src/main/java/com/hinnka/mycamera/processor/GlesMgcRawSpatialStacker.kt:9550:9: error: unresolved reference: PLog
        PLog.i(
        ^
mnt/data/photon_26753_work/candidate/app/src/main/java/com/hinnka/mycamera/processor/GlesMgcRawSpatialStacker.kt:9593:37: error: unresolved reference: BentoFallbackTopology
        val largestInpaintingArea = BentoFallbackTopology.largestEightConnectedComponentArea(
                                    ^
mnt/data/photon_26753_work/candidate/app/src/main/java/com/hinnka/mycamera/processor/GlesMgcRawSpatialStacker.kt:9598:33: error: unresolved reference: BentoFallbackTopology
        val largestTilingArea = BentoFallbackTopology.largestEightConnectedComponentArea(
                                ^
mnt/data/photon_26753_work/candidate/app/src/main/java/com/hinnka/mycamera/processor/GlesMgcRawSpatialStacker.kt:9653:42: error: unresolved reference: MgcMergeMethod
        val program = if (mergeMethod == MgcMergeMethod.SABRE) sabreMergeBayerProgram else mergeBayerProgram
                                         ^
mnt/data/photon_26753_work/candidate/app/src/main/java/com/hinnka/mycamera/processor/GlesMgcRawSpatialStacker.kt:9654:9: error: unresolved reference: GLES30
        GLES30.glUseProgram(program)
        ^
mnt/data/photon_26753_work/candidate/app/src/main/java/com/hinnka/mycamera/processor/GlesMgcRawSpatialStacker.kt:9659:28: error: unresolved reference: MgcMergeMethod
        if (mergeMethod == MgcMergeMethod.SABRE) {
                           ^
mnt/data/photon_26753_work/candidate/app/src/main/java/com/hinnka/mycamera/processor/GlesMgcRawSpatialStacker.kt:9690:9: error: unresolved reference: GLES30
        GLES30.glEnable(GLES30.GL_BLEND)
        ^
mnt/data/photon_26753_work/candidate/app/src/main/java/com/hinnka/mycamera/processor/GlesMgcRawSpatialStacker.kt:9690:25: error: unresolved reference: GLES30
        GLES30.glEnable(GLES30.GL_BLEND)
                        ^
mnt/data/photon_26753_work/candidate/app/src/main/java/com/hinnka/mycamera/processor/GlesMgcRawSpatialStacker.kt:9692:13: error: unresolved reference: GLES30
            GLES30.glBlendEquation(GLES30.GL_FUNC_ADD)
            ^
mnt/data/photon_26753_work/candidate/app/src/main/java/com/hinnka/mycamera/processor/GlesMgcRawSpatialStacker.kt:9692:36: error: unresolved reference: GLES30
            GLES30.glBlendEquation(GLES30.GL_FUNC_ADD)
                                   ^
mnt/data/photon_26753_work/candidate/app/src/main/java/com/hinnka/mycamera/processor/GlesMgcRawSpatialStacker.kt:9693:13: error: unresolved reference: GLES30
            GLES30.glBlendFunc(GLES30.GL_ONE, GLES30.GL_ONE)
            ^
mnt/data/photon_26753_work/candidate/app/src/main/java/com/hinnka/mycamera/processor/GlesMgcRawSpatialStacker.kt:9693:32: error: unresolved reference: GLES30
            GLES30.glBlendFunc(GLES30.GL_ONE, GLES30.GL_ONE)
                               ^
mnt/data/photon_26753_work/candidate/app/src/main/java/com/hinnka/mycamera/processor/GlesMgcRawSpatialStacker.kt:9693:47: error: unresolved reference: GLES30
            GLES30.glBlendFunc(GLES30.GL_ONE, GLES30.GL_ONE)
                                              ^
mnt/data/photon_26753_work/candidate/app/src/main/java/com/hinnka/mycamera/processor/GlesMgcRawSpatialStacker.kt:9702:13: error: unresolved reference: GLES30
            GLES30.glDisable(GLES30.GL_BLEND)
            ^
mnt/data/photon_26753_work/candidate/app/src/main/java/com/hinnka/mycamera/processor/GlesMgcRawSpatialStacker.kt:9702:30: error: unresolved reference: GLES30
            GLES30.glDisable(GLES30.GL_BLEND)
                             ^
mnt/data/photon_26753_work/candidate/app/src/main/java/com/hinnka/mycamera/processor/GlesMgcRawSpatialStacker.kt:9708:9: error: unresolved reference: GLES30
        GLES30.glViewport(0, 0, width, height)
        ^
mnt/data/photon_26753_work/candidate/app/src/main/java/com/hinnka/mycamera/processor/GlesMgcRawSpatialStacker.kt:9709:9: error: unresolved reference: GLES30
        GLES30.glClearBufferfv(
        ^
mnt/data/photon_26753_work/candidate/app/src/main/java/com/hinnka/mycamera/processor/GlesMgcRawSpatialStacker.kt:9710:13: error: unresolved reference: GLES30
            GLES30.GL_COLOR,
            ^
mnt/data/photon_26753_work/candidate/app/src/main/java/com/hinnka/mycamera/processor/GlesMgcRawSpatialStacker.kt:9715:9: error: unresolved reference: GLES30
        GLES30.glBindFramebuffer(GLES30.GL_FRAMEBUFFER, 0)
        ^
mnt/data/photon_26753_work/candidate/app/src/main/java/com/hinnka/mycamera/processor/GlesMgcRawSpatialStacker.kt:9715:34: error: unresolved reference: GLES30
        GLES30.glBindFramebuffer(GLES30.GL_FRAMEBUFFER, 0)
                                 ^
mnt/data/photon_26753_work/candidate/app/src/main/java/com/hinnka/mycamera/processor/GlesMgcRawSpatialStacker.kt:9726:29: error: unresolved reference: MgcSpatialOutputMode
        check(outputMode == MgcSpatialOutputMode.RGB)
                            ^
mnt/data/photon_26753_work/candidate/app/src/main/java/com/hinnka/mycamera/processor/GlesMgcRawSpatialStacker.kt:9750:13: error: unresolved reference: PLog
            PLog.i(
            ^
mnt/data/photon_26753_work/candidate/app/src/main/java/com/hinnka/mycamera/processor/GlesMgcRawSpatialStacker.kt:9763:13: error: unresolved reference: GLES30
            GLES30.GL_R16F,
            ^
mnt/data/photon_26753_work/candidate/app/src/main/java/com/hinnka/mycamera/processor/GlesMgcRawSpatialStacker.kt:9764:13: error: unresolved reference: GLES30
            GLES30.GL_NEAREST,
            ^
mnt/data/photon_26753_work/candidate/app/src/main/java/com/hinnka/mycamera/processor/GlesMgcRawSpatialStacker.kt:9769:13: error: unresolved reference: GLES30
            GLES30.GL_RGBA16F,
            ^
mnt/data/photon_26753_work/candidate/app/src/main/java/com/hinnka/mycamera/processor/GlesMgcRawSpatialStacker.kt:9770:13: error: unresolved reference: GLES30
            GLES30.GL_NEAREST,
            ^
mnt/data/photon_26753_work/candidate/app/src/main/java/com/hinnka/mycamera/processor/GlesMgcRawSpatialStacker.kt:9775:13: error: unresolved reference: GLES30
            GLES30.GL_RGBA16F,
            ^
mnt/data/photon_26753_work/candidate/app/src/main/java/com/hinnka/mycamera/processor/GlesMgcRawSpatialStacker.kt:9776:13: error: unresolved reference: GLES30
            GLES30.GL_NEAREST,
            ^
mnt/data/photon_26753_work/candidate/app/src/main/java/com/hinnka/mycamera/processor/GlesMgcRawSpatialStacker.kt:9790:25: error: unresolved reference: MgcSpatialRgbTilePlanner
        val drawBands = MgcSpatialRgbTilePlanner.planHorizontalBands(
                        ^
mnt/data/photon_26753_work/candidate/app/src/main/java/com/hinnka/mycamera/processor/GlesMgcRawSpatialStacker.kt:9795:9: error: unresolved reference: PLog
        PLog.i(
        ^
mnt/data/photon_26753_work/candidate/app/src/main/java/com/hinnka/mycamera/processor/GlesMgcRawSpatialStacker.kt:9818:23: error: unresolved reference: MgcSpatialRgbRect
        val fullRaw = MgcSpatialRgbRect(0, 0, width, height)
                      ^
mnt/data/photon_26753_work/candidate/app/src/main/java/com/hinnka/mycamera/processor/GlesMgcRawSpatialStacker.kt:9826:41: error: cannot infer a type for this parameter. Please specify it explicitly.
        accumulator.drawBands.forEach { band ->
                                        ^
mnt/data/photon_26753_work/candidate/app/src/main/java/com/hinnka/mycamera/processor/GlesMgcRawSpatialStacker.kt:9848:26: error: unresolved reference: MgcSpatialRgbRect
        val fullOutput = MgcSpatialRgbRect(0, 0, outputWidth, outputHeight)
                         ^
mnt/data/photon_26753_work/candidate/app/src/main/java/com/hinnka/mycamera/processor/GlesMgcRawSpatialStacker.kt:9854:17: error: 'when' expression must be exhaustive, add necessary 'else' branch
                when (gpuLinearRgbStorage) {
                ^
mnt/data/photon_26753_work/candidate/app/src/main/java/com/hinnka/mycamera/processor/GlesMgcRawSpatialStacker.kt:9855:21: error: unresolved reference: GpuLinearRgbStorage
                    GpuLinearRgbStorage.RGBA16UI -> GLES30.GL_RGBA16UI
                    ^
mnt/data/photon_26753_work/candidate/app/src/main/java/com/hinnka/mycamera/processor/GlesMgcRawSpatialStacker.kt:9855:53: error: unresolved reference: GLES30
                    GpuLinearRgbStorage.RGBA16UI -> GLES30.GL_RGBA16UI
                                                    ^
mnt/data/photon_26753_work/candidate/app/src/main/java/com/hinnka/mycamera/processor/GlesMgcRawSpatialStacker.kt:9856:21: error: unresolved reference: GpuLinearRgbStorage
                    GpuLinearRgbStorage.RGBA16F -> GLES30.GL_RGBA16F
                    ^
mnt/data/photon_26753_work/candidate/app/src/main/java/com/hinnka/mycamera/processor/GlesMgcRawSpatialStacker.kt:9856:52: error: unresolved reference: GLES30
                    GpuLinearRgbStorage.RGBA16F -> GLES30.GL_RGBA16F
                                                   ^
mnt/data/photon_26753_work/candidate/app/src/main/java/com/hinnka/mycamera/processor/GlesMgcRawSpatialStacker.kt:9858:17: error: unresolved reference: GLES30
                GLES30.GL_NEAREST,
                ^
mnt/data/photon_26753_work/candidate/app/src/main/java/com/hinnka/mycamera/processor/GlesMgcRawSpatialStacker.kt:9867:17: error: unresolved reference: GLES30
                GLES30.GL_RGBA16UI,
                ^
mnt/data/photon_26753_work/candidate/app/src/main/java/com/hinnka/mycamera/processor/GlesMgcRawSpatialStacker.kt:9868:17: error: unresolved reference: GLES30
                GLES30.GL_NEAREST,
                ^
mnt/data/photon_26753_work/candidate/app/src/main/java/com/hinnka/mycamera/processor/GlesMgcRawSpatialStacker.kt:9876:13: error: unresolved reference: LargeDirectBuffer
            LargeDirectBuffer.allocate(outputBytes, "MGC Spatial online RGB16 output")
            ^
mnt/data/photon_26753_work/candidate/app/src/main/java/com/hinnka/mycamera/processor/GlesMgcRawSpatialStacker.kt:9891:34: error: unresolved reference: GlesGpuCompletion
        val completionRecorder = GlesGpuCompletion.StackTimelineRecorder()
                                 ^
mnt/data/photon_26753_work/candidate/app/src/main/java/com/hinnka/mycamera/processor/GlesMgcRawSpatialStacker.kt:9892:33: error: unresolved reference: GpuStackCompletionTimeline
        var completionTimeline: GpuStackCompletionTimeline? = null
                                ^
mnt/data/photon_26753_work/candidate/app/src/main/java/com/hinnka/mycamera/processor/GlesMgcRawSpatialStacker.kt:9909:30: error: smart cast to 'Nothing' is impossible, because 'cpuOutput' is a complex expression
                    output = cpuOutput,
                             ^
mnt/data/photon_26753_work/candidate/app/src/main/java/com/hinnka/mycamera/processor/GlesMgcRawSpatialStacker.kt:9911:27: error: unresolved reference: rewind
                cpuOutput.rewind()
                          ^
mnt/data/photon_26753_work/candidate/app/src/main/java/com/hinnka/mycamera/processor/GlesMgcRawSpatialStacker.kt:9918:21: error: unresolved reference: GLES30
                    GLES30.GL_R16I,
                    ^
mnt/data/photon_26753_work/candidate/app/src/main/java/com/hinnka/mycamera/processor/GlesMgcRawSpatialStacker.kt:9919:21: error: unresolved reference: GLES30
                    GLES30.GL_NEAREST,
                    ^
mnt/data/photon_26753_work/candidate/app/src/main/java/com/hinnka/mycamera/processor/GlesMgcRawSpatialStacker.kt:9922:17: error: unresolved reference: GLES30
                GLES30.glBindFramebuffer(GLES30.GL_FRAMEBUFFER, diagnosticFramebuffer)
                ^
mnt/data/photon_26753_work/candidate/app/src/main/java/com/hinnka/mycamera/processor/GlesMgcRawSpatialStacker.kt:9922:42: error: unresolved reference: GLES30
                GLES30.glBindFramebuffer(GLES30.GL_FRAMEBUFFER, diagnosticFramebuffer)
                                         ^
mnt/data/photon_26753_work/candidate/app/src/main/java/com/hinnka/mycamera/processor/GlesMgcRawSpatialStacker.kt:9923:17: error: unresolved reference: GLES30
                GLES30.glFramebufferTexture2D(
                ^
mnt/data/photon_26753_work/candidate/app/src/main/java/com/hinnka/mycamera/processor/GlesMgcRawSpatialStacker.kt:9924:21: error: unresolved reference: GLES30
                    GLES30.GL_FRAMEBUFFER,
                    ^
mnt/data/photon_26753_work/candidate/app/src/main/java/com/hinnka/mycamera/processor/GlesMgcRawSpatialStacker.kt:9925:21: error: unresolved reference: GLES30
                    GLES30.GL_COLOR_ATTACHMENT0,
                    ^
mnt/data/photon_26753_work/candidate/app/src/main/java/com/hinnka/mycamera/processor/GlesMgcRawSpatialStacker.kt:9926:21: error: unresolved reference: GLES30
                    GLES30.GL_TEXTURE_2D,
                    ^
mnt/data/photon_26753_work/candidate/app/src/main/java/com/hinnka/mycamera/processor/GlesMgcRawSpatialStacker.kt:9930:17: error: unresolved reference: GLES30
                GLES30.glDrawBuffers(1, intArrayOf(GLES30.GL_COLOR_ATTACHMENT0), 0)
                ^
mnt/data/photon_26753_work/candidate/app/src/main/java/com/hinnka/mycamera/processor/GlesMgcRawSpatialStacker.kt:9930:52: error: unresolved reference: GLES30
                GLES30.glDrawBuffers(1, intArrayOf(GLES30.GL_COLOR_ATTACHMENT0), 0)
                                                   ^
mnt/data/photon_26753_work/candidate/app/src/main/java/com/hinnka/mycamera/processor/GlesMgcRawSpatialStacker.kt:9931:23: error: unresolved reference: GLES30
                check(GLES30.glCheckFramebufferStatus(GLES30.GL_FRAMEBUFFER) ==
                      ^
mnt/data/photon_26753_work/candidate/app/src/main/java/com/hinnka/mycamera/processor/GlesMgcRawSpatialStacker.kt:9931:55: error: unresolved reference: GLES30
                check(GLES30.glCheckFramebufferStatus(GLES30.GL_FRAMEBUFFER) ==
                                                      ^
mnt/data/photon_26753_work/candidate/app/src/main/java/com/hinnka/mycamera/processor/GlesMgcRawSpatialStacker.kt:9932:21: error: unresolved reference: GLES30
                    GLES30.GL_FRAMEBUFFER_COMPLETE) {
                    ^
mnt/data/photon_26753_work/candidate/app/src/main/java/com/hinnka/mycamera/processor/GlesMgcRawSpatialStacker.kt:9935:17: error: unresolved reference: GLES30
                GLES30.glBindFramebuffer(GLES30.GL_FRAMEBUFFER, 0)
                ^
mnt/data/photon_26753_work/candidate/app/src/main/java/com/hinnka/mycamera/processor/GlesMgcRawSpatialStacker.kt:9935:42: error: unresolved reference: GLES30
                GLES30.glBindFramebuffer(GLES30.GL_FRAMEBUFFER, 0)
                                         ^
mnt/data/photon_26753_work/candidate/app/src/main/java/com/hinnka/mycamera/processor/GlesMgcRawSpatialStacker.kt:9974:41: error: unresolved reference: GpuStackCompletionStage
                completionRecorder.mark(GpuStackCompletionStage.FINAL_EXPORT)
                                        ^
mnt/data/photon_26753_work/candidate/app/src/main/java/com/hinnka/mycamera/processor/GlesMgcRawSpatialStacker.kt:9977:21: error: unresolved reference: GlesGpuCompletion
                    GlesGpuCompletion.awaitSubmittedWork(
                    ^
mnt/data/photon_26753_work/candidate/app/src/main/java/com/hinnka/mycamera/processor/GlesMgcRawSpatialStacker.kt:9987:13: error: unresolved reference: PLog
            PLog.i(
            ^
mnt/data/photon_26753_work/candidate/app/src/main/java/com/hinnka/mycamera/processor/GlesMgcRawSpatialStacker.kt:10008:13: error: unresolved reference: LargeDirectBuffer
            LargeDirectBuffer.free(cpuOutput)
            ^
mnt/data/photon_26753_work/candidate/app/src/main/java/com/hinnka/mycamera/processor/GlesMgcRawSpatialStacker.kt:10018:21: error: unresolved reference: MgcSpatialRgbTilePlanner
        val bands = MgcSpatialRgbTilePlanner.planHorizontalBands(
                    ^
mnt/data/photon_26753_work/candidate/app/src/main/java/com/hinnka/mycamera/processor/GlesMgcRawSpatialStacker.kt:10023:32: error: cannot infer a type for this parameter. Please specify it explicitly.
        val work = bands.map { band ->
                               ^
mnt/data/photon_26753_work/candidate/app/src/main/java/com/hinnka/mycamera/processor/GlesMgcRawSpatialStacker.kt:10025:36: error: unresolved reference: MgcSpatialRgbTilePlanner
                val sourceRegion = MgcSpatialRgbTilePlanner.sourceRegion(
                                   ^
mnt/data/photon_26753_work/candidate/app/src/main/java/com/hinnka/mycamera/processor/GlesMgcRawSpatialStacker.kt:10043:48: error: unresolved reference: it
        val maximumOutputWidth = bands.maxOf { it.outputCore.width }
                                               ^
mnt/data/photon_26753_work/candidate/app/src/main/java/com/hinnka/mycamera/processor/GlesMgcRawSpatialStacker.kt:10044:49: error: unresolved reference: it
        val maximumOutputHeight = bands.maxOf { it.outputCore.height }
                                                ^
mnt/data/photon_26753_work/candidate/app/src/main/java/com/hinnka/mycamera/processor/GlesMgcRawSpatialStacker.kt:10051:52: error: cannot infer a type for this parameter. Please specify it explicitly.
        val maximumDiagnosticWidth = bands.maxOf { band ->
                                                   ^
mnt/data/photon_26753_work/candidate/app/src/main/java/com/hinnka/mycamera/processor/GlesMgcRawSpatialStacker.kt:10055:53: error: cannot infer a type for this parameter. Please specify it explicitly.
        val maximumDiagnosticHeight = bands.maxOf { band ->
                                                    ^
mnt/data/photon_26753_work/candidate/app/src/main/java/com/hinnka/mycamera/processor/GlesMgcRawSpatialStacker.kt:10059:47: error: cannot infer a type for this parameter. Please specify it explicitly.
        val maximumSourceWidth = work.maxOf { (_, regions) ->
                                              ^
mnt/data/photon_26753_work/candidate/app/src/main/java/com/hinnka/mycamera/processor/GlesMgcRawSpatialStacker.kt:10060:29: error: unresolved reference: it
            regions.maxOf { it.sourceRegion.width }
                            ^
mnt/data/photon_26753_work/candidate/app/src/main/java/com/hinnka/mycamera/processor/GlesMgcRawSpatialStacker.kt:10062:48: error: cannot infer a type for this parameter. Please specify it explicitly.
        val maximumSourceHeight = work.maxOf { (_, regions) ->
                                               ^
mnt/data/photon_26753_work/candidate/app/src/main/java/com/hinnka/mycamera/processor/GlesMgcRawSpatialStacker.kt:10063:29: error: unresolved reference: it
            regions.maxOf { it.sourceRegion.height }
                            ^
mnt/data/photon_26753_work/candidate/app/src/main/java/com/hinnka/mycamera/processor/GlesMgcRawSpatialStacker.kt:10065:47: error: cannot infer a type for this parameter. Please specify it explicitly.
        val maximumUploadWidth = work.maxOf { (_, regions) ->
                                              ^
mnt/data/photon_26753_work/candidate/app/src/main/java/com/hinnka/mycamera/processor/GlesMgcRawSpatialStacker.kt:10066:29: error: unresolved reference: it
            regions.maxOf { it.uploadRegion.width }
                            ^
mnt/data/photon_26753_work/candidate/app/src/main/java/com/hinnka/mycamera/processor/GlesMgcRawSpatialStacker.kt:10068:48: error: cannot infer a type for this parameter. Please specify it explicitly.
        val maximumUploadHeight = work.maxOf { (_, regions) ->
                                               ^
mnt/data/photon_26753_work/candidate/app/src/main/java/com/hinnka/mycamera/processor/GlesMgcRawSpatialStacker.kt:10069:29: error: unresolved reference: it
            regions.maxOf { it.uploadRegion.height }
                            ^
mnt/data/photon_26753_work/candidate/app/src/main/java/com/hinnka/mycamera/processor/GlesMgcRawSpatialStacker.kt:10091:62: error: overload resolution ambiguity: 
public final operator fun plus(other: Byte): Long defined in kotlin.Long
public final operator fun plus(other: Double): Double defined in kotlin.Long
public final operator fun plus(other: Float): Float defined in kotlin.Long
public final operator fun plus(other: Int): Long defined in kotlin.Long
public final operator fun plus(other: Long): Long defined in kotlin.Long
public final operator fun plus(other: Short): Long defined in kotlin.Long
        val projectedGpuBytes = estimatedOwnedTextureBytes() + rawWindowBytes +
                                                             ^
mnt/data/photon_26753_work/candidate/app/src/main/java/com/hinnka/mycamera/processor/GlesMgcRawSpatialStacker.kt:10111:22: error: unresolved reference: SafeImage
        images: List<SafeImage>,
                     ^
mnt/data/photon_26753_work/candidate/app/src/main/java/com/hinnka/mycamera/processor/GlesMgcRawSpatialStacker.kt:10115:29: error: unresolved reference: MgcSpatialOutputMode
        check(outputMode == MgcSpatialOutputMode.RGB)
                            ^
mnt/data/photon_26753_work/candidate/app/src/main/java/com/hinnka/mycamera/processor/GlesMgcRawSpatialStacker.kt:10121:41: error: unresolved reference: MgcSpatialOutputMode
            check(capture.outputMode == MgcSpatialOutputMode.RGB)
                                        ^
mnt/data/photon_26753_work/candidate/app/src/main/java/com/hinnka/mycamera/processor/GlesMgcRawSpatialStacker.kt:10157:17: error: unresolved reference: GLES30
                GLES30.GL_R16UI,
                ^
mnt/data/photon_26753_work/candidate/app/src/main/java/com/hinnka/mycamera/processor/GlesMgcRawSpatialStacker.kt:10158:17: error: unresolved reference: GLES30
                GLES30.GL_NEAREST,
                ^
mnt/data/photon_26753_work/candidate/app/src/main/java/com/hinnka/mycamera/processor/GlesMgcRawSpatialStacker.kt:10164:13: error: unresolved reference: GLES30
            GLES30.GL_R16F,
            ^
mnt/data/photon_26753_work/candidate/app/src/main/java/com/hinnka/mycamera/processor/GlesMgcRawSpatialStacker.kt:10165:13: error: unresolved reference: GLES30
            GLES30.GL_NEAREST,
            ^
mnt/data/photon_26753_work/candidate/app/src/main/java/com/hinnka/mycamera/processor/GlesMgcRawSpatialStacker.kt:10170:13: error: unresolved reference: GLES30
            GLES30.GL_RGBA16F,
            ^
mnt/data/photon_26753_work/candidate/app/src/main/java/com/hinnka/mycamera/processor/GlesMgcRawSpatialStacker.kt:10171:13: error: unresolved reference: GLES30
            GLES30.GL_NEAREST,
            ^
mnt/data/photon_26753_work/candidate/app/src/main/java/com/hinnka/mycamera/processor/GlesMgcRawSpatialStacker.kt:10176:13: error: unresolved reference: GLES30
            GLES30.GL_RGBA16F,
            ^
mnt/data/photon_26753_work/candidate/app/src/main/java/com/hinnka/mycamera/processor/GlesMgcRawSpatialStacker.kt:10177:13: error: unresolved reference: GLES30
            GLES30.GL_NEAREST,
            ^
mnt/data/photon_26753_work/candidate/app/src/main/java/com/hinnka/mycamera/processor/GlesMgcRawSpatialStacker.kt:10184:17: error: 'when' expression must be exhaustive, add necessary 'else' branch
                when (gpuLinearRgbStorage) {
                ^
mnt/data/photon_26753_work/candidate/app/src/main/java/com/hinnka/mycamera/processor/GlesMgcRawSpatialStacker.kt:10185:21: error: unresolved reference: GpuLinearRgbStorage
                    GpuLinearRgbStorage.RGBA16UI -> GLES30.GL_RGBA16UI
                    ^
mnt/data/photon_26753_work/candidate/app/src/main/java/com/hinnka/mycamera/processor/GlesMgcRawSpatialStacker.kt:10185:53: error: unresolved reference: GLES30
                    GpuLinearRgbStorage.RGBA16UI -> GLES30.GL_RGBA16UI
                                                    ^
mnt/data/photon_26753_work/candidate/app/src/main/java/com/hinnka/mycamera/processor/GlesMgcRawSpatialStacker.kt:10186:21: error: unresolved reference: GpuLinearRgbStorage
                    GpuLinearRgbStorage.RGBA16F -> GLES30.GL_RGBA16F
                    ^
mnt/data/photon_26753_work/candidate/app/src/main/java/com/hinnka/mycamera/processor/GlesMgcRawSpatialStacker.kt:10186:52: error: unresolved reference: GLES30
                    GpuLinearRgbStorage.RGBA16F -> GLES30.GL_RGBA16F
                                                   ^
mnt/data/photon_26753_work/candidate/app/src/main/java/com/hinnka/mycamera/processor/GlesMgcRawSpatialStacker.kt:10188:17: error: unresolved reference: GLES30
                GLES30.GL_NEAREST,
                ^
mnt/data/photon_26753_work/candidate/app/src/main/java/com/hinnka/mycamera/processor/GlesMgcRawSpatialStacker.kt:10197:17: error: unresolved reference: GLES30
                GLES30.GL_RGBA16UI,
                ^
mnt/data/photon_26753_work/candidate/app/src/main/java/com/hinnka/mycamera/processor/GlesMgcRawSpatialStacker.kt:10198:17: error: unresolved reference: GLES30
                GLES30.GL_NEAREST,
                ^
mnt/data/photon_26753_work/candidate/app/src/main/java/com/hinnka/mycamera/processor/GlesMgcRawSpatialStacker.kt:10208:13: error: unresolved reference: LargeDirectBuffer
            LargeDirectBuffer.allocate(
            ^
mnt/data/photon_26753_work/candidate/app/src/main/java/com/hinnka/mycamera/processor/GlesMgcRawSpatialStacker.kt:10228:17: error: unresolved reference: GLES30
                GLES30.GL_R16I,
                ^
mnt/data/photon_26753_work/candidate/app/src/main/java/com/hinnka/mycamera/processor/GlesMgcRawSpatialStacker.kt:10229:17: error: unresolved reference: GLES30
                GLES30.GL_NEAREST,
                ^
mnt/data/photon_26753_work/candidate/app/src/main/java/com/hinnka/mycamera/processor/GlesMgcRawSpatialStacker.kt:10253:13: error: unresolved reference: LargeDirectBuffer
            LargeDirectBuffer.allocate(
            ^
mnt/data/photon_26753_work/candidate/app/src/main/java/com/hinnka/mycamera/processor/GlesMgcRawSpatialStacker.kt:10264:13: error: unresolved reference: GLES30
            GLES30.glBindFramebuffer(GLES30.GL_FRAMEBUFFER, diagnosticFramebuffer)
            ^
mnt/data/photon_26753_work/candidate/app/src/main/java/com/hinnka/mycamera/processor/GlesMgcRawSpatialStacker.kt:10264:38: error: unresolved reference: GLES30
            GLES30.glBindFramebuffer(GLES30.GL_FRAMEBUFFER, diagnosticFramebuffer)
                                     ^
mnt/data/photon_26753_work/candidate/app/src/main/java/com/hinnka/mycamera/processor/GlesMgcRawSpatialStacker.kt:10265:13: error: unresolved reference: GLES30
            GLES30.glFramebufferTexture2D(
            ^
mnt/data/photon_26753_work/candidate/app/src/main/java/com/hinnka/mycamera/processor/GlesMgcRawSpatialStacker.kt:10266:17: error: unresolved reference: GLES30
                GLES30.GL_FRAMEBUFFER,
                ^
mnt/data/photon_26753_work/candidate/app/src/main/java/com/hinnka/mycamera/processor/GlesMgcRawSpatialStacker.kt:10267:17: error: unresolved reference: GLES30
                GLES30.GL_COLOR_ATTACHMENT0,
                ^
mnt/data/photon_26753_work/candidate/app/src/main/java/com/hinnka/mycamera/processor/GlesMgcRawSpatialStacker.kt:10268:17: error: unresolved reference: GLES30
                GLES30.GL_TEXTURE_2D,
                ^
mnt/data/photon_26753_work/candidate/app/src/main/java/com/hinnka/mycamera/processor/GlesMgcRawSpatialStacker.kt:10272:13: error: unresolved reference: GLES30
            GLES30.glDrawBuffers(1, intArrayOf(GLES30.GL_COLOR_ATTACHMENT0), 0)
            ^
mnt/data/photon_26753_work/candidate/app/src/main/java/com/hinnka/mycamera/processor/GlesMgcRawSpatialStacker.kt:10272:48: error: unresolved reference: GLES30
            GLES30.glDrawBuffers(1, intArrayOf(GLES30.GL_COLOR_ATTACHMENT0), 0)
                                               ^
mnt/data/photon_26753_work/candidate/app/src/main/java/com/hinnka/mycamera/processor/GlesMgcRawSpatialStacker.kt:10273:26: error: unresolved reference: GLES30
            val status = GLES30.glCheckFramebufferStatus(GLES30.GL_FRAMEBUFFER)
                         ^
mnt/data/photon_26753_work/candidate/app/src/main/java/com/hinnka/mycamera/processor/GlesMgcRawSpatialStacker.kt:10273:58: error: unresolved reference: GLES30
            val status = GLES30.glCheckFramebufferStatus(GLES30.GL_FRAMEBUFFER)
                                                         ^
mnt/data/photon_26753_work/candidate/app/src/main/java/com/hinnka/mycamera/processor/GlesMgcRawSpatialStacker.kt:10274:29: error: unresolved reference: GLES30
            check(status == GLES30.GL_FRAMEBUFFER_COMPLETE) {
                            ^
mnt/data/photon_26753_work/candidate/app/src/main/java/com/hinnka/mycamera/processor/GlesMgcRawSpatialStacker.kt:10277:13: error: unresolved reference: GLES30
            GLES30.glBindFramebuffer(GLES30.GL_FRAMEBUFFER, 0)
            ^
mnt/data/photon_26753_work/candidate/app/src/main/java/com/hinnka/mycamera/processor/GlesMgcRawSpatialStacker.kt:10277:38: error: unresolved reference: GLES30
            GLES30.glBindFramebuffer(GLES30.GL_FRAMEBUFFER, 0)
                                     ^
mnt/data/photon_26753_work/candidate/app/src/main/java/com/hinnka/mycamera/processor/GlesMgcRawSpatialStacker.kt:10281:9: error: unresolved reference: PLog
        PLog.i(
        ^
mnt/data/photon_26753_work/candidate/app/src/main/java/com/hinnka/mycamera/processor/GlesMgcRawSpatialStacker.kt:10302:26: error: unresolved reference: GlesGpuScheduler
        val passWindow = GlesGpuScheduler.PassWindow(
                         ^
mnt/data/photon_26753_work/candidate/app/src/main/java/com/hinnka/mycamera/processor/GlesMgcRawSpatialStacker.kt:10306:34: error: unresolved reference: GlesGpuCompletion
        val completionRecorder = GlesGpuCompletion.StackTimelineRecorder()
                                 ^
mnt/data/photon_26753_work/candidate/app/src/main/java/com/hinnka/mycamera/processor/GlesMgcRawSpatialStacker.kt:10314:9: error: unresolved reference: PLog
        PLog.i(
        ^
mnt/data/photon_26753_work/candidate/app/src/main/java/com/hinnka/mycamera/processor/GlesMgcRawSpatialStacker.kt:10319:62: error: unresolved reference: capacity
                "diagnosticHostBytes=${diagnosticHostBuffer?.capacity() ?: 0} " +
                                                             ^
mnt/data/photon_26753_work/candidate/app/src/main/java/com/hinnka/mycamera/processor/GlesMgcRawSpatialStacker.kt:10323:37: error: none of the following functions can be called with the arguments supplied: 
public inline fun <T, R : Comparable<TypeVariable(R)>> Iterable<TypeVariable(T)>.maxOf(selector: (TypeVariable(T)) -> TypeVariable(R)): TypeVariable(R) defined in kotlin.collections
public inline fun <T> Iterable<TypeVariable(T)>.maxOf(selector: (TypeVariable(T)) -> Double): Double defined in kotlin.collections
public inline fun <T> Iterable<TypeVariable(T)>.maxOf(selector: (TypeVariable(T)) -> Float): Float defined in kotlin.collections
                "bandHeight=${bands.maxOf { it.outputCore.height }} " +
                                    ^
mnt/data/photon_26753_work/candidate/app/src/main/java/com/hinnka/mycamera/processor/GlesMgcRawSpatialStacker.kt:10323:45: error: unresolved reference: it
                "bandHeight=${bands.maxOf { it.outputCore.height }} " +
                                            ^
mnt/data/photon_26753_work/candidate/app/src/main/java/com/hinnka/mycamera/processor/GlesMgcRawSpatialStacker.kt:10339:33: error: unresolved reference: GlesGpuScheduler
                                GlesGpuScheduler.bufferResource(pending.storage.buffer),
                                ^
mnt/data/photon_26753_work/candidate/app/src/main/java/com/hinnka/mycamera/processor/GlesMgcRawSpatialStacker.kt:10360:39: error: unresolved reference: GlesGpuScheduler
                    val rawResource = GlesGpuScheduler.textureResource(rawBandTexture)
                                      ^
mnt/data/photon_26753_work/candidate/app/src/main/java/com/hinnka/mycamera/processor/GlesMgcRawSpatialStacker.kt:10406:25: error: unresolved reference: GlesGpuScheduler
                        GlesGpuScheduler.bufferResource(diagnosticStorage?.buffer ?: 0),
                        ^
mnt/data/photon_26753_work/candidate/app/src/main/java/com/hinnka/mycamera/processor/GlesMgcRawSpatialStacker.kt:10421:21: error: unresolved reference: GlesGpuScheduler
                    GlesGpuScheduler.yieldToUiRenderer()
                    ^
mnt/data/photon_26753_work/candidate/app/src/main/java/com/hinnka/mycamera/processor/GlesMgcRawSpatialStacker.kt:10427:38: error: smart cast to 'Nothing' is impossible, because 'cpuOutput' is a complex expression
                            output = cpuOutput,
                                     ^
mnt/data/photon_26753_work/candidate/app/src/main/java/com/hinnka/mycamera/processor/GlesMgcRawSpatialStacker.kt:10465:25: error: unresolved reference: GlesGpuScheduler
                        GlesGpuScheduler.bufferResource(pending.storage.buffer),
                        ^
mnt/data/photon_26753_work/candidate/app/src/main/java/com/hinnka/mycamera/processor/GlesMgcRawSpatialStacker.kt:10479:13: error: unresolved reference: PLog
            PLog.i(
            ^
mnt/data/photon_26753_work/candidate/app/src/main/java/com/hinnka/mycamera/processor/GlesMgcRawSpatialStacker.kt:10485:24: error: unresolved reference: rewind
            cpuOutput?.rewind()
                       ^
mnt/data/photon_26753_work/candidate/app/src/main/java/com/hinnka/mycamera/processor/GlesMgcRawSpatialStacker.kt:10500:41: error: unresolved reference: GpuStackCompletionStage
                completionRecorder.mark(GpuStackCompletionStage.FINAL_EXPORT)
                                        ^
mnt/data/photon_26753_work/candidate/app/src/main/java/com/hinnka/mycamera/processor/GlesMgcRawSpatialStacker.kt:10501:52: error: cannot infer a type for this parameter. Please specify it explicitly.
                completionRecorder.finish().also { timeline ->
                                                   ^
mnt/data/photon_26753_work/candidate/app/src/main/java/com/hinnka/mycamera/processor/GlesMgcRawSpatialStacker.kt:10535:13: error: unresolved reference: LargeDirectBuffer
            LargeDirectBuffer.free(diagnosticHostBuffer)
            ^
mnt/data/photon_26753_work/candidate/app/src/main/java/com/hinnka/mycamera/processor/GlesMgcRawSpatialStacker.kt:10536:13: error: unresolved reference: LargeDirectBuffer
            LargeDirectBuffer.free(cpuOutput)
            ^
mnt/data/photon_26753_work/candidate/app/src/main/java/com/hinnka/mycamera/processor/GlesMgcRawSpatialStacker.kt:10550:21: error: unresolved reference: MgcSpatialRgbRect
        outputCore: MgcSpatialRgbRect,
                    ^
mnt/data/photon_26753_work/candidate/app/src/main/java/com/hinnka/mycamera/processor/GlesMgcRawSpatialStacker.kt:10555:37: error: unresolved reference: MgcSpatialOutputMode
        check(capture.outputMode == MgcSpatialOutputMode.RGB)
                                    ^
mnt/data/photon_26753_work/candidate/app/src/main/java/com/hinnka/mycamera/processor/GlesMgcRawSpatialStacker.kt:10577:21: error: cannot infer a type for this parameter. Please specify it explicitly.
            .also { bytes -> require(bytes in 1..storage.byteCount.toLong()) }
                    ^
mnt/data/photon_26753_work/candidate/app/src/main/java/com/hinnka/mycamera/processor/GlesMgcRawSpatialStacker.kt:10584:17: error: unresolved reference: GLES30
                GLES30.glBindFramebuffer(GLES30.GL_FRAMEBUFFER, diagnosticFramebuffer)
                ^
mnt/data/photon_26753_work/candidate/app/src/main/java/com/hinnka/mycamera/processor/GlesMgcRawSpatialStacker.kt:10584:42: error: unresolved reference: GLES30
                GLES30.glBindFramebuffer(GLES30.GL_FRAMEBUFFER, diagnosticFramebuffer)
                                         ^
mnt/data/photon_26753_work/candidate/app/src/main/java/com/hinnka/mycamera/processor/GlesMgcRawSpatialStacker.kt:10585:17: error: unresolved reference: GLES30
                GLES30.glViewport(0, 0, destinationWidth, destinationHeight)
                ^
mnt/data/photon_26753_work/candidate/app/src/main/java/com/hinnka/mycamera/processor/GlesMgcRawSpatialStacker.kt:10586:17: error: unresolved reference: GLES30
                GLES30.glDisable(GLES30.GL_BLEND)
                ^
mnt/data/photon_26753_work/candidate/app/src/main/java/com/hinnka/mycamera/processor/GlesMgcRawSpatialStacker.kt:10586:34: error: unresolved reference: GLES30
                GLES30.glDisable(GLES30.GL_BLEND)
                                 ^
mnt/data/photon_26753_work/candidate/app/src/main/java/com/hinnka/mycamera/processor/GlesMgcRawSpatialStacker.kt:10587:17: error: unresolved reference: GLES30
                GLES30.glUseProgram(packRgbFixed16FallbackProgram)
                ^
mnt/data/photon_26753_work/candidate/app/src/main/java/com/hinnka/mycamera/processor/GlesMgcRawSpatialStacker.kt:10617:17: error: unresolved reference: GLES30
                GLES30.glDrawArrays(GLES30.GL_TRIANGLES, 0, 3)
                ^
mnt/data/photon_26753_work/candidate/app/src/main/java/com/hinnka/mycamera/processor/GlesMgcRawSpatialStacker.kt:10617:37: error: unresolved reference: GLES30
                GLES30.glDrawArrays(GLES30.GL_TRIANGLES, 0, 3)
                                    ^
mnt/data/photon_26753_work/candidate/app/src/main/java/com/hinnka/mycamera/processor/GlesMgcRawSpatialStacker.kt:10618:17: error: unresolved reference: GLES30
                GLES30.glBindBuffer(
                ^
mnt/data/photon_26753_work/candidate/app/src/main/java/com/hinnka/mycamera/processor/GlesMgcRawSpatialStacker.kt:10619:21: error: unresolved reference: GLES30
                    GLES30.GL_PIXEL_PACK_BUFFER,
                    ^
mnt/data/photon_26753_work/candidate/app/src/main/java/com/hinnka/mycamera/processor/GlesMgcRawSpatialStacker.kt:10622:17: error: unresolved reference: GLES30
                GLES30.glPixelStorei(GLES30.GL_PACK_ALIGNMENT, 1)
                ^
mnt/data/photon_26753_work/candidate/app/src/main/java/com/hinnka/mycamera/processor/GlesMgcRawSpatialStacker.kt:10622:38: error: unresolved reference: GLES30
                GLES30.glPixelStorei(GLES30.GL_PACK_ALIGNMENT, 1)
                                     ^
mnt/data/photon_26753_work/candidate/app/src/main/java/com/hinnka/mycamera/processor/GlesMgcRawSpatialStacker.kt:10623:17: error: unresolved reference: GLES30
                GLES30.glPixelStorei(GLES30.GL_PACK_ROW_LENGTH, destinationWidth)
                ^
mnt/data/photon_26753_work/candidate/app/src/main/java/com/hinnka/mycamera/processor/GlesMgcRawSpatialStacker.kt:10623:38: error: unresolved reference: GLES30
                GLES30.glPixelStorei(GLES30.GL_PACK_ROW_LENGTH, destinationWidth)
                                     ^
mnt/data/photon_26753_work/candidate/app/src/main/java/com/hinnka/mycamera/processor/GlesMgcRawSpatialStacker.kt:10624:58: error: overload resolution ambiguity: 
public final operator fun times(other: Byte): Long defined in kotlin.Long
public final operator fun times(other: Double): Double defined in kotlin.Long
public final operator fun times(other: Float): Float defined in kotlin.Long
public final operator fun times(other: Int): Long defined in kotlin.Long
public final operator fun times(other: Long): Long defined in kotlin.Long
public final operator fun times(other: Short): Long defined in kotlin.Long
                val destinationOffset = channel.toLong() * planeBytes
                                                         ^
mnt/data/photon_26753_work/candidate/app/src/main/java/com/hinnka/mycamera/processor/GlesMgcRawSpatialStacker.kt:10633:17: error: unresolved reference: GLES30
                GLES30.glReadPixels(
                ^
mnt/data/photon_26753_work/candidate/app/src/main/java/com/hinnka/mycamera/processor/GlesMgcRawSpatialStacker.kt:10638:21: error: unresolved reference: GLES30
                    GLES30.GL_RED_INTEGER,
                    ^
mnt/data/photon_26753_work/candidate/app/src/main/java/com/hinnka/mycamera/processor/GlesMgcRawSpatialStacker.kt:10639:21: error: unresolved reference: GLES30
                    GLES30.GL_SHORT,
                    ^
mnt/data/photon_26753_work/candidate/app/src/main/java/com/hinnka/mycamera/processor/GlesMgcRawSpatialStacker.kt:10642:17: error: unresolved reference: GLES30
                GLES30.glBindBuffer(GLES30.GL_PIXEL_PACK_BUFFER, 0)
                ^
mnt/data/photon_26753_work/candidate/app/src/main/java/com/hinnka/mycamera/processor/GlesMgcRawSpatialStacker.kt:10642:37: error: unresolved reference: GLES30
                GLES30.glBindBuffer(GLES30.GL_PIXEL_PACK_BUFFER, 0)
                                    ^
mnt/data/photon_26753_work/candidate/app/src/main/java/com/hinnka/mycamera/processor/GlesMgcRawSpatialStacker.kt:10643:17: error: unresolved reference: GLES30
                GLES30.glBindFramebuffer(GLES30.GL_FRAMEBUFFER, 0)
                ^
mnt/data/photon_26753_work/candidate/app/src/main/java/com/hinnka/mycamera/processor/GlesMgcRawSpatialStacker.kt:10643:42: error: unresolved reference: GLES30
                GLES30.glBindFramebuffer(GLES30.GL_FRAMEBUFFER, 0)
                                         ^
mnt/data/photon_26753_work/candidate/app/src/main/java/com/hinnka/mycamera/processor/GlesMgcRawSpatialStacker.kt:10647:13: error: unresolved reference: GLES30
            GLES30.glPixelStorei(GLES30.GL_PACK_ROW_LENGTH, 0)
            ^
mnt/data/photon_26753_work/candidate/app/src/main/java/com/hinnka/mycamera/processor/GlesMgcRawSpatialStacker.kt:10647:34: error: unresolved reference: GLES30
            GLES30.glPixelStorei(GLES30.GL_PACK_ROW_LENGTH, 0)
                                 ^
mnt/data/photon_26753_work/candidate/app/src/main/java/com/hinnka/mycamera/processor/GlesMgcRawSpatialStacker.kt:10648:13: error: unresolved reference: GLES30
            GLES30.glBindBuffer(GLES30.GL_PIXEL_PACK_BUFFER, 0)
            ^
mnt/data/photon_26753_work/candidate/app/src/main/java/com/hinnka/mycamera/processor/GlesMgcRawSpatialStacker.kt:10648:33: error: unresolved reference: GLES30
            GLES30.glBindBuffer(GLES30.GL_PIXEL_PACK_BUFFER, 0)
                                ^
mnt/data/photon_26753_work/candidate/app/src/main/java/com/hinnka/mycamera/processor/GlesMgcRawSpatialStacker.kt:10649:13: error: unresolved reference: GLES30
            GLES30.glBindFramebuffer(GLES30.GL_FRAMEBUFFER, 0)
            ^
mnt/data/photon_26753_work/candidate/app/src/main/java/com/hinnka/mycamera/processor/GlesMgcRawSpatialStacker.kt:10649:38: error: unresolved reference: GLES30
            GLES30.glBindFramebuffer(GLES30.GL_FRAMEBUFFER, 0)
                                     ^
mnt/data/photon_26753_work/candidate/app/src/main/java/com/hinnka/mycamera/processor/GlesMgcRawSpatialStacker.kt:10650:13: error: unresolved reference: GLES30
            GLES30.glActiveTexture(GLES30.GL_TEXTURE1)
            ^
mnt/data/photon_26753_work/candidate/app/src/main/java/com/hinnka/mycamera/processor/GlesMgcRawSpatialStacker.kt:10650:36: error: unresolved reference: GLES30
            GLES30.glActiveTexture(GLES30.GL_TEXTURE1)
                                   ^
mnt/data/photon_26753_work/candidate/app/src/main/java/com/hinnka/mycamera/processor/GlesMgcRawSpatialStacker.kt:10651:13: error: unresolved reference: GLES30
            GLES30.glBindTexture(GLES30.GL_TEXTURE_2D, 0)
            ^
mnt/data/photon_26753_work/candidate/app/src/main/java/com/hinnka/mycamera/processor/GlesMgcRawSpatialStacker.kt:10651:34: error: unresolved reference: GLES30
            GLES30.glBindTexture(GLES30.GL_TEXTURE_2D, 0)
                                 ^
mnt/data/photon_26753_work/candidate/app/src/main/java/com/hinnka/mycamera/processor/GlesMgcRawSpatialStacker.kt:10652:13: error: unresolved reference: GLES30
            GLES30.glActiveTexture(GLES30.GL_TEXTURE0)
            ^
mnt/data/photon_26753_work/candidate/app/src/main/java/com/hinnka/mycamera/processor/GlesMgcRawSpatialStacker.kt:10652:36: error: unresolved reference: GLES30
            GLES30.glActiveTexture(GLES30.GL_TEXTURE0)
                                   ^
mnt/data/photon_26753_work/candidate/app/src/main/java/com/hinnka/mycamera/processor/GlesMgcRawSpatialStacker.kt:10653:13: error: unresolved reference: GLES30
            GLES30.glBindTexture(GLES30.GL_TEXTURE_2D, 0)
            ^
mnt/data/photon_26753_work/candidate/app/src/main/java/com/hinnka/mycamera/processor/GlesMgcRawSpatialStacker.kt:10653:34: error: unresolved reference: GLES30
            GLES30.glBindTexture(GLES30.GL_TEXTURE_2D, 0)
                                 ^
mnt/data/photon_26753_work/candidate/app/src/main/java/com/hinnka/mycamera/processor/GlesMgcRawSpatialStacker.kt:10654:13: error: unresolved reference: GLES30
            GLES30.glUseProgram(0)
            ^
mnt/data/photon_26753_work/candidate/app/src/main/java/com/hinnka/mycamera/processor/GlesMgcRawSpatialStacker.kt:10670:37: error: unresolved reference: MgcSpatialOutputMode
        check(capture.outputMode == MgcSpatialOutputMode.RGB)
                                    ^
mnt/data/photon_26753_work/candidate/app/src/main/java/com/hinnka/mycamera/processor/GlesMgcRawSpatialStacker.kt:10686:44: error: overload resolution ambiguity: 
public final operator fun times(other: Byte): Int defined in kotlin.Int
public final operator fun times(other: Double): Double defined in kotlin.Int
public final operator fun times(other: Float): Float defined in kotlin.Int
public final operator fun times(other: Int): Int defined in kotlin.Int
public final operator fun times(other: Long): Long defined in kotlin.Int
public final operator fun times(other: Short): Int defined in kotlin.Int
                val sourceOffset = channel * sourcePlaneBytes
                                           ^
mnt/data/photon_26753_work/candidate/app/src/main/java/com/hinnka/mycamera/processor/GlesMgcRawSpatialStacker.kt:10688:29: error: overload resolution ambiguity: 
public final operator fun times(other: Byte): Int defined in kotlin.Int
public final operator fun times(other: Double): Double defined in kotlin.Int
public final operator fun times(other: Float): Float defined in kotlin.Int
public final operator fun times(other: Int): Int defined in kotlin.Int
public final operator fun times(other: Long): Long defined in kotlin.Int
public final operator fun times(other: Short): Int defined in kotlin.Int
                    channel * destinationPlaneBytes + pending.outputCore.top * rowBytes
                            ^
mnt/data/photon_26753_work/candidate/app/src/main/java/com/hinnka/mycamera/processor/GlesMgcRawSpatialStacker.kt:10713:9: error: unresolved reference: GLES30
        GLES30.glViewport(0, 0, tileWidth, tileHeight)
        ^
mnt/data/photon_26753_work/candidate/app/src/main/java/com/hinnka/mycamera/processor/GlesMgcRawSpatialStacker.kt:10714:9: error: unresolved reference: GLES30
        GLES30.glClearBufferfv(
        ^
mnt/data/photon_26753_work/candidate/app/src/main/java/com/hinnka/mycamera/processor/GlesMgcRawSpatialStacker.kt:10715:13: error: unresolved reference: GLES30
            GLES30.GL_COLOR,
            ^
mnt/data/photon_26753_work/candidate/app/src/main/java/com/hinnka/mycamera/processor/GlesMgcRawSpatialStacker.kt:10720:9: error: unresolved reference: GLES30
        GLES30.glClearBufferfv(
        ^
mnt/data/photon_26753_work/candidate/app/src/main/java/com/hinnka/mycamera/processor/GlesMgcRawSpatialStacker.kt:10721:13: error: unresolved reference: GLES30
            GLES30.GL_COLOR,
            ^
mnt/data/photon_26753_work/candidate/app/src/main/java/com/hinnka/mycamera/processor/GlesMgcRawSpatialStacker.kt:10726:9: error: unresolved reference: GLES30
        GLES30.glBindFramebuffer(GLES30.GL_FRAMEBUFFER, 0)
        ^
mnt/data/photon_26753_work/candidate/app/src/main/java/com/hinnka/mycamera/processor/GlesMgcRawSpatialStacker.kt:10726:34: error: unresolved reference: GLES30
        GLES30.glBindFramebuffer(GLES30.GL_FRAMEBUFFER, 0)
                                 ^
mnt/data/photon_26753_work/candidate/app/src/main/java/com/hinnka/mycamera/processor/GlesMgcRawSpatialStacker.kt:10732:27: error: unresolved reference: MgcSpatialRgbRect
        rawTextureOrigin: MgcSpatialRgbRect,
                          ^
mnt/data/photon_26753_work/candidate/app/src/main/java/com/hinnka/mycamera/processor/GlesMgcRawSpatialStacker.kt:10733:23: error: unresolved reference: MgcSpatialRgbRect
        sourceRegion: MgcSpatialRgbRect,
                      ^
mnt/data/photon_26753_work/candidate/app/src/main/java/com/hinnka/mycamera/processor/GlesMgcRawSpatialStacker.kt:10734:27: error: unresolved reference: MgcSpatialRgbRect
        outputCores: List<MgcSpatialRgbRect>,
                          ^
mnt/data/photon_26753_work/candidate/app/src/main/java/com/hinnka/mycamera/processor/GlesMgcRawSpatialStacker.kt:10741:9: error: unresolved reference: GLES30
        GLES30.glUseProgram(mergeRgbProgram)
        ^
mnt/data/photon_26753_work/candidate/app/src/main/java/com/hinnka/mycamera/processor/GlesMgcRawSpatialStacker.kt:10819:9: error: unresolved reference: GLES30
        GLES30.glEnable(GLES30.GL_BLEND)
        ^
mnt/data/photon_26753_work/candidate/app/src/main/java/com/hinnka/mycamera/processor/GlesMgcRawSpatialStacker.kt:10819:25: error: unresolved reference: GLES30
        GLES30.glEnable(GLES30.GL_BLEND)
                        ^
mnt/data/photon_26753_work/candidate/app/src/main/java/com/hinnka/mycamera/processor/GlesMgcRawSpatialStacker.kt:10821:13: error: unresolved reference: GLES30
            GLES30.glBlendEquation(GLES30.GL_FUNC_ADD)
            ^
mnt/data/photon_26753_work/candidate/app/src/main/java/com/hinnka/mycamera/processor/GlesMgcRawSpatialStacker.kt:10821:36: error: unresolved reference: GLES30
            GLES30.glBlendEquation(GLES30.GL_FUNC_ADD)
                                   ^
mnt/data/photon_26753_work/candidate/app/src/main/java/com/hinnka/mycamera/processor/GlesMgcRawSpatialStacker.kt:10822:13: error: unresolved reference: GLES30
            GLES30.glBlendFunc(GLES30.GL_ONE, GLES30.GL_ONE)
            ^
mnt/data/photon_26753_work/candidate/app/src/main/java/com/hinnka/mycamera/processor/GlesMgcRawSpatialStacker.kt:10822:32: error: unresolved reference: GLES30
            GLES30.glBlendFunc(GLES30.GL_ONE, GLES30.GL_ONE)
                               ^
mnt/data/photon_26753_work/candidate/app/src/main/java/com/hinnka/mycamera/processor/GlesMgcRawSpatialStacker.kt:10822:47: error: unresolved reference: GLES30
            GLES30.glBlendFunc(GLES30.GL_ONE, GLES30.GL_ONE)
                                              ^
mnt/data/photon_26753_work/candidate/app/src/main/java/com/hinnka/mycamera/processor/GlesMgcRawSpatialStacker.kt:10827:35: error: cannot infer a type for this parameter. Please specify it explicitly.
            outputCores.forEach { outputCore ->
                                  ^
mnt/data/photon_26753_work/candidate/app/src/main/java/com/hinnka/mycamera/processor/GlesMgcRawSpatialStacker.kt:10842:17: error: unresolved reference: GLES30
                GLES30.glViewport(
                ^
mnt/data/photon_26753_work/candidate/app/src/main/java/com/hinnka/mycamera/processor/GlesMgcRawSpatialStacker.kt:10848:17: error: unresolved reference: GLES30
                GLES30.glDrawArrays(GLES30.GL_TRIANGLES, 0, 3)
                ^
mnt/data/photon_26753_work/candidate/app/src/main/java/com/hinnka/mycamera/processor/GlesMgcRawSpatialStacker.kt:10848:37: error: unresolved reference: GLES30
                GLES30.glDrawArrays(GLES30.GL_TRIANGLES, 0, 3)
                                    ^
mnt/data/photon_26753_work/candidate/app/src/main/java/com/hinnka/mycamera/processor/GlesMgcRawSpatialStacker.kt:10850:13: error: unresolved reference: GLES30
            GLES30.glBindFramebuffer(GLES30.GL_FRAMEBUFFER, 0)
            ^
mnt/data/photon_26753_work/candidate/app/src/main/java/com/hinnka/mycamera/processor/GlesMgcRawSpatialStacker.kt:10850:38: error: unresolved reference: GLES30
            GLES30.glBindFramebuffer(GLES30.GL_FRAMEBUFFER, 0)
                                     ^
mnt/data/photon_26753_work/candidate/app/src/main/java/com/hinnka/mycamera/processor/GlesMgcRawSpatialStacker.kt:10853:13: error: unresolved reference: GLES30
            GLES30.glDisable(GLES30.GL_BLEND)
            ^
mnt/data/photon_26753_work/candidate/app/src/main/java/com/hinnka/mycamera/processor/GlesMgcRawSpatialStacker.kt:10853:30: error: unresolved reference: GLES30
            GLES30.glDisable(GLES30.GL_BLEND)
                             ^
mnt/data/photon_26753_work/candidate/app/src/main/java/com/hinnka/mycamera/processor/GlesMgcRawSpatialStacker.kt:10860:27: error: unresolved reference: MgcSpatialRgbRect
        rawTextureOrigin: MgcSpatialRgbRect,
                          ^
mnt/data/photon_26753_work/candidate/app/src/main/java/com/hinnka/mycamera/processor/GlesMgcRawSpatialStacker.kt:10861:23: error: unresolved reference: MgcSpatialRgbRect
        sourceRegion: MgcSpatialRgbRect,
                      ^
mnt/data/photon_26753_work/candidate/app/src/main/java/com/hinnka/mycamera/processor/GlesMgcRawSpatialStacker.kt:10864:9: error: unresolved reference: GLES30
        GLES30.glUseProgram(rgbChromaGuideProgram)
        ^
mnt/data/photon_26753_work/candidate/app/src/main/java/com/hinnka/mycamera/processor/GlesMgcRawSpatialStacker.kt:10904:21: error: unresolved reference: MgcSpatialRgbRect
        outputCore: MgcSpatialRgbRect,
                    ^
mnt/data/photon_26753_work/candidate/app/src/main/java/com/hinnka/mycamera/processor/GlesMgcRawSpatialStacker.kt:10912:9: error: unresolved reference: GLES30
        GLES30.glViewport(targetLeft, targetTop, outputCore.width, outputCore.height)
        ^
mnt/data/photon_26753_work/candidate/app/src/main/java/com/hinnka/mycamera/processor/GlesMgcRawSpatialStacker.kt:10913:9: error: unresolved reference: GLES30
        GLES30.glDisable(GLES30.GL_BLEND)
        ^
mnt/data/photon_26753_work/candidate/app/src/main/java/com/hinnka/mycamera/processor/GlesMgcRawSpatialStacker.kt:10913:26: error: unresolved reference: GLES30
        GLES30.glDisable(GLES30.GL_BLEND)
                         ^
mnt/data/photon_26753_work/candidate/app/src/main/java/com/hinnka/mycamera/processor/GlesMgcRawSpatialStacker.kt:10914:9: error: unresolved reference: GLES30
        GLES30.glUseProgram(normalizeRgbProgram)
        ^
mnt/data/photon_26753_work/candidate/app/src/main/java/com/hinnka/mycamera/processor/GlesMgcRawSpatialStacker.kt:10945:9: error: unresolved reference: GLES30
        GLES30.glDrawArrays(GLES30.GL_TRIANGLES, 0, 3)
        ^
mnt/data/photon_26753_work/candidate/app/src/main/java/com/hinnka/mycamera/processor/GlesMgcRawSpatialStacker.kt:10945:29: error: unresolved reference: GLES30
        GLES30.glDrawArrays(GLES30.GL_TRIANGLES, 0, 3)
                            ^
mnt/data/photon_26753_work/candidate/app/src/main/java/com/hinnka/mycamera/processor/GlesMgcRawSpatialStacker.kt:10946:9: error: unresolved reference: GLES30
        GLES30.glBindFramebuffer(GLES30.GL_FRAMEBUFFER, 0)
        ^
mnt/data/photon_26753_work/candidate/app/src/main/java/com/hinnka/mycamera/processor/GlesMgcRawSpatialStacker.kt:10946:34: error: unresolved reference: GLES30
        GLES30.glBindFramebuffer(GLES30.GL_FRAMEBUFFER, 0)
                                 ^
mnt/data/photon_26753_work/candidate/app/src/main/java/com/hinnka/mycamera/processor/GlesMgcRawSpatialStacker.kt:10952:21: error: unresolved reference: MgcSpatialRgbRect
        outputCore: MgcSpatialRgbRect,
                    ^
mnt/data/photon_26753_work/candidate/app/src/main/java/com/hinnka/mycamera/processor/GlesMgcRawSpatialStacker.kt:10960:9: error: unresolved reference: GLES30
        GLES30.glBindBuffer(GLES30.GL_PIXEL_PACK_BUFFER, 0)
        ^
mnt/data/photon_26753_work/candidate/app/src/main/java/com/hinnka/mycamera/processor/GlesMgcRawSpatialStacker.kt:10960:29: error: unresolved reference: GLES30
        GLES30.glBindBuffer(GLES30.GL_PIXEL_PACK_BUFFER, 0)
                            ^
mnt/data/photon_26753_work/candidate/app/src/main/java/com/hinnka/mycamera/processor/GlesMgcRawSpatialStacker.kt:10961:9: error: unresolved reference: GLES30
        GLES30.glPixelStorei(GLES30.GL_PACK_ALIGNMENT, 1)
        ^
mnt/data/photon_26753_work/candidate/app/src/main/java/com/hinnka/mycamera/processor/GlesMgcRawSpatialStacker.kt:10961:30: error: unresolved reference: GLES30
        GLES30.glPixelStorei(GLES30.GL_PACK_ALIGNMENT, 1)
                             ^
mnt/data/photon_26753_work/candidate/app/src/main/java/com/hinnka/mycamera/processor/GlesMgcRawSpatialStacker.kt:10962:9: error: unresolved reference: GLES30
        GLES30.glReadPixels(
        ^
mnt/data/photon_26753_work/candidate/app/src/main/java/com/hinnka/mycamera/processor/GlesMgcRawSpatialStacker.kt:10967:13: error: unresolved reference: GLES30
            GLES30.GL_RGBA_INTEGER,
            ^
mnt/data/photon_26753_work/candidate/app/src/main/java/com/hinnka/mycamera/processor/GlesMgcRawSpatialStacker.kt:10968:13: error: unresolved reference: GLES30
            GLES30.GL_UNSIGNED_SHORT,
            ^
mnt/data/photon_26753_work/candidate/app/src/main/java/com/hinnka/mycamera/processor/GlesMgcRawSpatialStacker.kt:10971:9: error: unresolved reference: GLES30
        GLES30.glBindFramebuffer(GLES30.GL_FRAMEBUFFER, 0)
        ^
mnt/data/photon_26753_work/candidate/app/src/main/java/com/hinnka/mycamera/processor/GlesMgcRawSpatialStacker.kt:10971:34: error: unresolved reference: GLES30
        GLES30.glBindFramebuffer(GLES30.GL_FRAMEBUFFER, 0)
                                 ^
mnt/data/photon_26753_work/candidate/app/src/main/java/com/hinnka/mycamera/processor/GlesMgcRawSpatialStacker.kt:10981:57: error: overload resolution ambiguity: 
public abstract operator fun get(p0: Int): Short defined in java.nio.ShortBuffer
public open operator fun get(p0: ShortArray!): ShortBuffer! defined in java.nio.ShortBuffer
                output.putShort(destinationByte, source.get(sourceIndex))
                                                        ^
mnt/data/photon_26753_work/candidate/app/src/main/java/com/hinnka/mycamera/processor/GlesMgcRawSpatialStacker.kt:11003:30: error: unresolved reference: GLES30
            internalFormat = GLES30.GL_RGBA16F,
                             ^
mnt/data/photon_26753_work/candidate/app/src/main/java/com/hinnka/mycamera/processor/GlesMgcRawSpatialStacker.kt:11004:22: error: unresolved reference: GLES30
            format = GLES30.GL_RGBA,
                     ^
mnt/data/photon_26753_work/candidate/app/src/main/java/com/hinnka/mycamera/processor/GlesMgcRawSpatialStacker.kt:11006:22: error: unresolved reference: GLES30
            filter = GLES30.GL_LINEAR,
                     ^
mnt/data/photon_26753_work/candidate/app/src/main/java/com/hinnka/mycamera/processor/GlesMgcRawSpatialStacker.kt:11016:17: error: unresolved reference: MgcSpatialStrengthMap
        source: MgcSpatialStrengthMap,
                ^
mnt/data/photon_26753_work/candidate/app/src/main/java/com/hinnka/mycamera/processor/GlesMgcRawSpatialStacker.kt:11017:8: error: unresolved reference: MgcSpatialStrengthMap
    ): MgcSpatialStrengthMap {
       ^
mnt/data/photon_26753_work/candidate/app/src/main/java/com/hinnka/mycamera/processor/GlesMgcRawSpatialStacker.kt:11022:22: error: unresolved reference: MgcSpatialStrengthMapScaler
        val mapped = MgcSpatialStrengthMapScaler.scaleBilinear(
                     ^
mnt/data/photon_26753_work/candidate/app/src/main/java/com/hinnka/mycamera/processor/GlesMgcRawSpatialStacker.kt:11027:9: error: unresolved reference: PLog
        PLog.i(
        ^
mnt/data/photon_26753_work/candidate/app/src/main/java/com/hinnka/mycamera/processor/GlesMgcRawSpatialStacker.kt:11062:30: error: unresolved reference: GLES30
            internalFormat = GLES30.GL_RGBA16F,
                             ^
mnt/data/photon_26753_work/candidate/app/src/main/java/com/hinnka/mycamera/processor/GlesMgcRawSpatialStacker.kt:11063:22: error: unresolved reference: GLES30
            format = GLES30.GL_RGBA,
                     ^
mnt/data/photon_26753_work/candidate/app/src/main/java/com/hinnka/mycamera/processor/GlesMgcRawSpatialStacker.kt:11065:22: error: unresolved reference: GLES30
            filter = GLES30.GL_LINEAR,
                     ^
mnt/data/photon_26753_work/candidate/app/src/main/java/com/hinnka/mycamera/processor/GlesMgcRawSpatialStacker.kt:11073:22: error: unresolved reference: MgcSabreNoiseEstimatesLut
        val values = MgcSabreNoiseEstimatesLut.create(
                     ^
mnt/data/photon_26753_work/candidate/app/src/main/java/com/hinnka/mycamera/processor/GlesMgcRawSpatialStacker.kt:11080:21: error: unresolved reference: MgcSabreNoiseEstimatesLut
            width = MgcSabreNoiseEstimatesLut.WIDTH,
                    ^
mnt/data/photon_26753_work/candidate/app/src/main/java/com/hinnka/mycamera/processor/GlesMgcRawSpatialStacker.kt:11081:22: error: unresolved reference: MgcSabreNoiseEstimatesLut
            height = MgcSabreNoiseEstimatesLut.ROWS,
                     ^
mnt/data/photon_26753_work/candidate/app/src/main/java/com/hinnka/mycamera/processor/GlesMgcRawSpatialStacker.kt:11082:30: error: unresolved reference: GLES30
            internalFormat = GLES30.GL_RGBA16F,
                             ^
mnt/data/photon_26753_work/candidate/app/src/main/java/com/hinnka/mycamera/processor/GlesMgcRawSpatialStacker.kt:11083:22: error: unresolved reference: GLES30
            format = GLES30.GL_RGBA,
                     ^
mnt/data/photon_26753_work/candidate/app/src/main/java/com/hinnka/mycamera/processor/GlesMgcRawSpatialStacker.kt:11085:22: error: unresolved reference: GLES30
            filter = GLES30.GL_LINEAR,
                     ^
mnt/data/photon_26753_work/candidate/app/src/main/java/com/hinnka/mycamera/processor/GlesMgcRawSpatialStacker.kt:11092:26: error: unresolved reference: GLES30
        internalFormat = GLES30.GL_RGBA16F,
                         ^
mnt/data/photon_26753_work/candidate/app/src/main/java/com/hinnka/mycamera/processor/GlesMgcRawSpatialStacker.kt:11093:18: error: unresolved reference: GLES30
        format = GLES30.GL_RGBA,
                 ^
mnt/data/photon_26753_work/candidate/app/src/main/java/com/hinnka/mycamera/processor/GlesMgcRawSpatialStacker.kt:11095:18: error: unresolved reference: GLES30
        filter = GLES30.GL_NEAREST,
                 ^
mnt/data/photon_26753_work/candidate/app/src/main/java/com/hinnka/mycamera/processor/GlesMgcRawSpatialStacker.kt:11101:26: error: unresolved reference: GLES30
        internalFormat = GLES30.GL_R16F,
                         ^
mnt/data/photon_26753_work/candidate/app/src/main/java/com/hinnka/mycamera/processor/GlesMgcRawSpatialStacker.kt:11102:18: error: unresolved reference: GLES30
        format = GLES30.GL_RED,
                 ^
mnt/data/photon_26753_work/candidate/app/src/main/java/com/hinnka/mycamera/processor/GlesMgcRawSpatialStacker.kt:11104:18: error: unresolved reference: GLES30
        filter = GLES30.GL_NEAREST,
                 ^
mnt/data/photon_26753_work/candidate/app/src/main/java/com/hinnka/mycamera/processor/GlesMgcRawSpatialStacker.kt:11110:26: error: unresolved reference: GLES30
        internalFormat = GLES30.GL_R16F,
                         ^
mnt/data/photon_26753_work/candidate/app/src/main/java/com/hinnka/mycamera/processor/GlesMgcRawSpatialStacker.kt:11111:18: error: unresolved reference: GLES30
        format = GLES30.GL_RED,
                 ^
mnt/data/photon_26753_work/candidate/app/src/main/java/com/hinnka/mycamera/processor/GlesMgcRawSpatialStacker.kt:11113:18: error: unresolved reference: GLES30
        filter = GLES30.GL_NEAREST,
                 ^
mnt/data/photon_26753_work/candidate/app/src/main/java/com/hinnka/mycamera/processor/GlesMgcRawSpatialStacker.kt:11124:13: error: unresolved reference: GLES30
            GLES30.GL_R16UI,
            ^
mnt/data/photon_26753_work/candidate/app/src/main/java/com/hinnka/mycamera/processor/GlesMgcRawSpatialStacker.kt:11125:13: error: unresolved reference: GLES30
            GLES30.GL_NEAREST,
            ^
mnt/data/photon_26753_work/candidate/app/src/main/java/com/hinnka/mycamera/processor/GlesMgcRawSpatialStacker.kt:11127:9: error: unresolved reference: GLES30
        GLES30.glUseProgram(normalizeBayerProgram)
        ^
mnt/data/photon_26753_work/candidate/app/src/main/java/com/hinnka/mycamera/processor/GlesMgcRawSpatialStacker.kt:11148:13: error: unresolved reference: GLES30
            GLES30.GL_R16I,
            ^
mnt/data/photon_26753_work/candidate/app/src/main/java/com/hinnka/mycamera/processor/GlesMgcRawSpatialStacker.kt:11149:13: error: unresolved reference: GLES30
            GLES30.GL_NEAREST,
            ^
mnt/data/photon_26753_work/candidate/app/src/main/java/com/hinnka/mycamera/processor/GlesMgcRawSpatialStacker.kt:11151:9: error: unresolved reference: GLES30
        GLES30.glUseProgram(packBayerFixed16Program)
        ^
mnt/data/photon_26753_work/candidate/app/src/main/java/com/hinnka/mycamera/processor/GlesMgcRawSpatialStacker.kt:11177:22: error: unresolved reference: LargeDirectBuffer
        val output = LargeDirectBuffer.allocate(
                     ^
mnt/data/photon_26753_work/candidate/app/src/main/java/com/hinnka/mycamera/processor/GlesMgcRawSpatialStacker.kt:11185:9: error: unresolved reference: GLES30
        GLES30.glBindBuffer(GLES30.GL_PIXEL_PACK_BUFFER, 0)
        ^
mnt/data/photon_26753_work/candidate/app/src/main/java/com/hinnka/mycamera/processor/GlesMgcRawSpatialStacker.kt:11185:29: error: unresolved reference: GLES30
        GLES30.glBindBuffer(GLES30.GL_PIXEL_PACK_BUFFER, 0)
                            ^
mnt/data/photon_26753_work/candidate/app/src/main/java/com/hinnka/mycamera/processor/GlesMgcRawSpatialStacker.kt:11186:9: error: unresolved reference: GLES30
        GLES30.glPixelStorei(GLES30.GL_PACK_ALIGNMENT, 1)
        ^
mnt/data/photon_26753_work/candidate/app/src/main/java/com/hinnka/mycamera/processor/GlesMgcRawSpatialStacker.kt:11186:30: error: unresolved reference: GLES30
        GLES30.glPixelStorei(GLES30.GL_PACK_ALIGNMENT, 1)
                             ^
mnt/data/photon_26753_work/candidate/app/src/main/java/com/hinnka/mycamera/processor/GlesMgcRawSpatialStacker.kt:11188:9: error: unresolved reference: GLES30
        GLES30.glReadPixels(
        ^
mnt/data/photon_26753_work/candidate/app/src/main/java/com/hinnka/mycamera/processor/GlesMgcRawSpatialStacker.kt:11193:13: error: unresolved reference: GLES30
            GLES30.GL_RED_INTEGER,
            ^
mnt/data/photon_26753_work/candidate/app/src/main/java/com/hinnka/mycamera/processor/GlesMgcRawSpatialStacker.kt:11194:13: error: unresolved reference: GLES30
            GLES30.GL_UNSIGNED_SHORT,
            ^
mnt/data/photon_26753_work/candidate/app/src/main/java/com/hinnka/mycamera/processor/GlesMgcRawSpatialStacker.kt:11197:9: error: unresolved reference: GLES30
        GLES30.glBindFramebuffer(GLES30.GL_FRAMEBUFFER, 0)
        ^
mnt/data/photon_26753_work/candidate/app/src/main/java/com/hinnka/mycamera/processor/GlesMgcRawSpatialStacker.kt:11197:34: error: unresolved reference: GLES30
        GLES30.glBindFramebuffer(GLES30.GL_FRAMEBUFFER, 0)
                                 ^
mnt/data/photon_26753_work/candidate/app/src/main/java/com/hinnka/mycamera/processor/GlesMgcRawSpatialStacker.kt:11199:16: error: unresolved reference: rewind
        output.rewind()
               ^
mnt/data/photon_26753_work/candidate/app/src/main/java/com/hinnka/mycamera/processor/GlesMgcRawSpatialStacker.kt:11200:9: error: unresolved reference: PLog
        PLog.i(
        ^
mnt/data/photon_26753_work/candidate/app/src/main/java/com/hinnka/mycamera/processor/GlesMgcRawSpatialStacker.kt:11209:34: error: unresolved reference: SafeImage
    private fun uploadRaw(image: SafeImage, texture: Int, label: String) {
                                 ^
mnt/data/photon_26753_work/candidate/app/src/main/java/com/hinnka/mycamera/processor/GlesMgcRawSpatialStacker.kt:11233:28: error: unresolved reference: buffer
            buffer = plane.buffer,
                           ^
mnt/data/photon_26753_work/candidate/app/src/main/java/com/hinnka/mycamera/processor/GlesMgcRawSpatialStacker.kt:11234:31: error: unresolved reference: rowStride
            rowStride = plane.rowStride,
                              ^
mnt/data/photon_26753_work/candidate/app/src/main/java/com/hinnka/mycamera/processor/GlesMgcRawSpatialStacker.kt:11235:33: error: unresolved reference: pixelStride
            pixelStride = plane.pixelStride,
                                ^
mnt/data/photon_26753_work/candidate/app/src/main/java/com/hinnka/mycamera/processor/GlesMgcRawSpatialStacker.kt:11258:9: error: unresolved reference: GLES30
        GLES30.glBindBuffer(GLES30.GL_PIXEL_UNPACK_BUFFER, 0)
        ^
mnt/data/photon_26753_work/candidate/app/src/main/java/com/hinnka/mycamera/processor/GlesMgcRawSpatialStacker.kt:11258:29: error: unresolved reference: GLES30
        GLES30.glBindBuffer(GLES30.GL_PIXEL_UNPACK_BUFFER, 0)
                            ^
mnt/data/photon_26753_work/candidate/app/src/main/java/com/hinnka/mycamera/processor/GlesMgcRawSpatialStacker.kt:11259:9: error: unresolved reference: GLES30
        GLES30.glBindTexture(GLES30.GL_TEXTURE_2D, texture)
        ^
mnt/data/photon_26753_work/candidate/app/src/main/java/com/hinnka/mycamera/processor/GlesMgcRawSpatialStacker.kt:11259:30: error: unresolved reference: GLES30
        GLES30.glBindTexture(GLES30.GL_TEXTURE_2D, texture)
                             ^
mnt/data/photon_26753_work/candidate/app/src/main/java/com/hinnka/mycamera/processor/GlesMgcRawSpatialStacker.kt:11260:9: error: unresolved reference: GLES30
        GLES30.glPixelStorei(GLES30.GL_UNPACK_ALIGNMENT, 1)
        ^
mnt/data/photon_26753_work/candidate/app/src/main/java/com/hinnka/mycamera/processor/GlesMgcRawSpatialStacker.kt:11260:30: error: unresolved reference: GLES30
        GLES30.glPixelStorei(GLES30.GL_UNPACK_ALIGNMENT, 1)
                             ^
mnt/data/photon_26753_work/candidate/app/src/main/java/com/hinnka/mycamera/processor/GlesMgcRawSpatialStacker.kt:11261:9: error: unresolved reference: GLES30
        GLES30.glPixelStorei(GLES30.GL_UNPACK_ROW_LENGTH, rowStride / RAW_BYTES_PER_PIXEL)
        ^
mnt/data/photon_26753_work/candidate/app/src/main/java/com/hinnka/mycamera/processor/GlesMgcRawSpatialStacker.kt:11261:30: error: unresolved reference: GLES30
        GLES30.glPixelStorei(GLES30.GL_UNPACK_ROW_LENGTH, rowStride / RAW_BYTES_PER_PIXEL)
                             ^
mnt/data/photon_26753_work/candidate/app/src/main/java/com/hinnka/mycamera/processor/GlesMgcRawSpatialStacker.kt:11263:13: error: unresolved reference: GLES30
            GLES30.glTexSubImage2D(
            ^
mnt/data/photon_26753_work/candidate/app/src/main/java/com/hinnka/mycamera/processor/GlesMgcRawSpatialStacker.kt:11264:17: error: unresolved reference: GLES30
                GLES30.GL_TEXTURE_2D,
                ^
mnt/data/photon_26753_work/candidate/app/src/main/java/com/hinnka/mycamera/processor/GlesMgcRawSpatialStacker.kt:11270:17: error: unresolved reference: GLES30
                GLES30.GL_RED_INTEGER,
                ^
mnt/data/photon_26753_work/candidate/app/src/main/java/com/hinnka/mycamera/processor/GlesMgcRawSpatialStacker.kt:11271:17: error: unresolved reference: GLES30
                GLES30.GL_UNSIGNED_SHORT,
                ^
mnt/data/photon_26753_work/candidate/app/src/main/java/com/hinnka/mycamera/processor/GlesMgcRawSpatialStacker.kt:11275:13: error: unresolved reference: GLES30
            GLES30.glPixelStorei(GLES30.GL_UNPACK_ROW_LENGTH, 0)
            ^
mnt/data/photon_26753_work/candidate/app/src/main/java/com/hinnka/mycamera/processor/GlesMgcRawSpatialStacker.kt:11275:34: error: unresolved reference: GLES30
            GLES30.glPixelStorei(GLES30.GL_UNPACK_ROW_LENGTH, 0)
                                 ^
mnt/data/photon_26753_work/candidate/app/src/main/java/com/hinnka/mycamera/processor/GlesMgcRawSpatialStacker.kt:11276:13: error: unresolved reference: GLES30
            GLES30.glBindTexture(GLES30.GL_TEXTURE_2D, 0)
            ^
mnt/data/photon_26753_work/candidate/app/src/main/java/com/hinnka/mycamera/processor/GlesMgcRawSpatialStacker.kt:11276:34: error: unresolved reference: GLES30
            GLES30.glBindTexture(GLES30.GL_TEXTURE_2D, 0)
                                 ^
mnt/data/photon_26753_work/candidate/app/src/main/java/com/hinnka/mycamera/processor/GlesMgcRawSpatialStacker.kt:11282:16: error: unresolved reference: SafeImage
        image: SafeImage,
               ^
mnt/data/photon_26753_work/candidate/app/src/main/java/com/hinnka/mycamera/processor/GlesMgcRawSpatialStacker.kt:11284:17: error: unresolved reference: MgcSpatialRgbRect
        region: MgcSpatialRgbRect,
                ^
mnt/data/photon_26753_work/candidate/app/src/main/java/com/hinnka/mycamera/processor/GlesMgcRawSpatialStacker.kt:11290:23: error: unresolved reference: pixelStride
        require(plane.pixelStride == RAW_BYTES_PER_PIXEL) {
                      ^
mnt/data/photon_26753_work/candidate/app/src/main/java/com/hinnka/mycamera/processor/GlesMgcRawSpatialStacker.kt:11291:46: error: unresolved reference: pixelStride
            "$label RAW pixel stride=${plane.pixelStride}, expected 2"
                                             ^
mnt/data/photon_26753_work/candidate/app/src/main/java/com/hinnka/mycamera/processor/GlesMgcRawSpatialStacker.kt:11293:23: error: unresolved reference: rowStride
        require(plane.rowStride >= width * RAW_BYTES_PER_PIXEL) {
                      ^
mnt/data/photon_26753_work/candidate/app/src/main/java/com/hinnka/mycamera/processor/GlesMgcRawSpatialStacker.kt:11294:44: error: unresolved reference: rowStride
            "$label RAW row stride=${plane.rowStride} is smaller than width=$width"
                                           ^
mnt/data/photon_26753_work/candidate/app/src/main/java/com/hinnka/mycamera/processor/GlesMgcRawSpatialStacker.kt:11296:23: error: unresolved reference: rowStride
        require(plane.rowStride % RAW_BYTES_PER_PIXEL == 0) {
                      ^
mnt/data/photon_26753_work/candidate/app/src/main/java/com/hinnka/mycamera/processor/GlesMgcRawSpatialStacker.kt:11299:28: error: unresolved reference: buffer
        val buffer = plane.buffer.duplicate().order(ByteOrder.nativeOrder())
                           ^
mnt/data/photon_26753_work/candidate/app/src/main/java/com/hinnka/mycamera/processor/GlesMgcRawSpatialStacker.kt:11301:41: error: unresolved reference: rowStride
            region.top.toLong() * plane.rowStride +
                                        ^
mnt/data/photon_26753_work/candidate/app/src/main/java/com/hinnka/mycamera/processor/GlesMgcRawSpatialStacker.kt:11304:42: error: unresolved reference: rowStride
            (region.height - 1L) * plane.rowStride +
                                         ^
mnt/data/photon_26753_work/candidate/app/src/main/java/com/hinnka/mycamera/processor/GlesMgcRawSpatialStacker.kt:11310:9: error: unresolved reference: GLES30
        GLES30.glBindBuffer(GLES30.GL_PIXEL_UNPACK_BUFFER, 0)
        ^
mnt/data/photon_26753_work/candidate/app/src/main/java/com/hinnka/mycamera/processor/GlesMgcRawSpatialStacker.kt:11310:29: error: unresolved reference: GLES30
        GLES30.glBindBuffer(GLES30.GL_PIXEL_UNPACK_BUFFER, 0)
                            ^
mnt/data/photon_26753_work/candidate/app/src/main/java/com/hinnka/mycamera/processor/GlesMgcRawSpatialStacker.kt:11311:9: error: unresolved reference: GLES30
        GLES30.glBindTexture(GLES30.GL_TEXTURE_2D, texture)
        ^
mnt/data/photon_26753_work/candidate/app/src/main/java/com/hinnka/mycamera/processor/GlesMgcRawSpatialStacker.kt:11311:30: error: unresolved reference: GLES30
        GLES30.glBindTexture(GLES30.GL_TEXTURE_2D, texture)
                             ^
mnt/data/photon_26753_work/candidate/app/src/main/java/com/hinnka/mycamera/processor/GlesMgcRawSpatialStacker.kt:11312:9: error: unresolved reference: GLES30
        GLES30.glPixelStorei(GLES30.GL_UNPACK_ALIGNMENT, 1)
        ^
mnt/data/photon_26753_work/candidate/app/src/main/java/com/hinnka/mycamera/processor/GlesMgcRawSpatialStacker.kt:11312:30: error: unresolved reference: GLES30
        GLES30.glPixelStorei(GLES30.GL_UNPACK_ALIGNMENT, 1)
                             ^
mnt/data/photon_26753_work/candidate/app/src/main/java/com/hinnka/mycamera/processor/GlesMgcRawSpatialStacker.kt:11313:9: error: unresolved reference: GLES30
        GLES30.glPixelStorei(
        ^
mnt/data/photon_26753_work/candidate/app/src/main/java/com/hinnka/mycamera/processor/GlesMgcRawSpatialStacker.kt:11314:13: error: unresolved reference: GLES30
            GLES30.GL_UNPACK_ROW_LENGTH,
            ^
mnt/data/photon_26753_work/candidate/app/src/main/java/com/hinnka/mycamera/processor/GlesMgcRawSpatialStacker.kt:11315:19: error: unresolved reference: rowStride
            plane.rowStride / RAW_BYTES_PER_PIXEL,
                  ^
mnt/data/photon_26753_work/candidate/app/src/main/java/com/hinnka/mycamera/processor/GlesMgcRawSpatialStacker.kt:11317:9: error: unresolved reference: GLES30
        GLES30.glTexSubImage2D(
        ^
mnt/data/photon_26753_work/candidate/app/src/main/java/com/hinnka/mycamera/processor/GlesMgcRawSpatialStacker.kt:11318:13: error: unresolved reference: GLES30
            GLES30.GL_TEXTURE_2D,
            ^
mnt/data/photon_26753_work/candidate/app/src/main/java/com/hinnka/mycamera/processor/GlesMgcRawSpatialStacker.kt:11324:13: error: unresolved reference: GLES30
            GLES30.GL_RED_INTEGER,
            ^
mnt/data/photon_26753_work/candidate/app/src/main/java/com/hinnka/mycamera/processor/GlesMgcRawSpatialStacker.kt:11325:13: error: unresolved reference: GLES30
            GLES30.GL_UNSIGNED_SHORT,
            ^
mnt/data/photon_26753_work/candidate/app/src/main/java/com/hinnka/mycamera/processor/GlesMgcRawSpatialStacker.kt:11328:9: error: unresolved reference: GLES30
        GLES30.glPixelStorei(GLES30.GL_UNPACK_ROW_LENGTH, 0)
        ^
mnt/data/photon_26753_work/candidate/app/src/main/java/com/hinnka/mycamera/processor/GlesMgcRawSpatialStacker.kt:11328:30: error: unresolved reference: GLES30
        GLES30.glPixelStorei(GLES30.GL_UNPACK_ROW_LENGTH, 0)
                             ^
mnt/data/photon_26753_work/candidate/app/src/main/java/com/hinnka/mycamera/processor/GlesMgcRawSpatialStacker.kt:11329:9: error: unresolved reference: GLES30
        GLES30.glBindTexture(GLES30.GL_TEXTURE_2D, 0)
        ^
mnt/data/photon_26753_work/candidate/app/src/main/java/com/hinnka/mycamera/processor/GlesMgcRawSpatialStacker.kt:11329:30: error: unresolved reference: GLES30
        GLES30.glBindTexture(GLES30.GL_TEXTURE_2D, 0)
                             ^
mnt/data/photon_26753_work/candidate/app/src/main/java/com/hinnka/mycamera/processor/GlesMgcRawSpatialStacker.kt:11334:17: error: unresolved reference: MgcSpatialRgbRect
        region: MgcSpatialRgbRect,
                ^
mnt/data/photon_26753_work/candidate/app/src/main/java/com/hinnka/mycamera/processor/GlesMgcRawSpatialStacker.kt:11336:8: error: unresolved reference: MgcSpatialRgbRect
    ): MgcSpatialRgbRect {
       ^
mnt/data/photon_26753_work/candidate/app/src/main/java/com/hinnka/mycamera/processor/GlesMgcRawSpatialStacker.kt:11338:16: error: unresolved reference: MgcSpatialRgbRect
        return MgcSpatialRgbRect(
               ^
mnt/data/photon_26753_work/candidate/app/src/main/java/com/hinnka/mycamera/processor/GlesMgcRawSpatialStacker.kt:11368:9: error: unresolved reference: GLES30
        GLES30.glGenTextures(1, ids, 0)
        ^
mnt/data/photon_26753_work/candidate/app/src/main/java/com/hinnka/mycamera/processor/GlesMgcRawSpatialStacker.kt:11373:9: error: unresolved reference: GLES30
        GLES30.glBindTexture(GLES30.GL_TEXTURE_2D, texture)
        ^
mnt/data/photon_26753_work/candidate/app/src/main/java/com/hinnka/mycamera/processor/GlesMgcRawSpatialStacker.kt:11373:30: error: unresolved reference: GLES30
        GLES30.glBindTexture(GLES30.GL_TEXTURE_2D, texture)
                             ^
mnt/data/photon_26753_work/candidate/app/src/main/java/com/hinnka/mycamera/processor/GlesMgcRawSpatialStacker.kt:11374:9: error: unresolved reference: GLES30
        GLES30.glTexParameteri(
        ^
mnt/data/photon_26753_work/candidate/app/src/main/java/com/hinnka/mycamera/processor/GlesMgcRawSpatialStacker.kt:11375:13: error: unresolved reference: GLES30
            GLES30.GL_TEXTURE_2D,
            ^
mnt/data/photon_26753_work/candidate/app/src/main/java/com/hinnka/mycamera/processor/GlesMgcRawSpatialStacker.kt:11376:13: error: unresolved reference: GLES30
            GLES30.GL_TEXTURE_MIN_FILTER,
            ^
mnt/data/photon_26753_work/candidate/app/src/main/java/com/hinnka/mycamera/processor/GlesMgcRawSpatialStacker.kt:11379:9: error: unresolved reference: GLES30
        GLES30.glTexParameteri(
        ^
mnt/data/photon_26753_work/candidate/app/src/main/java/com/hinnka/mycamera/processor/GlesMgcRawSpatialStacker.kt:11380:13: error: unresolved reference: GLES30
            GLES30.GL_TEXTURE_2D,
            ^
mnt/data/photon_26753_work/candidate/app/src/main/java/com/hinnka/mycamera/processor/GlesMgcRawSpatialStacker.kt:11381:13: error: unresolved reference: GLES30
            GLES30.GL_TEXTURE_MAG_FILTER,
            ^
mnt/data/photon_26753_work/candidate/app/src/main/java/com/hinnka/mycamera/processor/GlesMgcRawSpatialStacker.kt:11384:9: error: unresolved reference: GLES30
        GLES30.glTexParameteri(
        ^
mnt/data/photon_26753_work/candidate/app/src/main/java/com/hinnka/mycamera/processor/GlesMgcRawSpatialStacker.kt:11385:13: error: unresolved reference: GLES30
            GLES30.GL_TEXTURE_2D,
            ^
mnt/data/photon_26753_work/candidate/app/src/main/java/com/hinnka/mycamera/processor/GlesMgcRawSpatialStacker.kt:11386:13: error: unresolved reference: GLES30
            GLES30.GL_TEXTURE_WRAP_S,
            ^
mnt/data/photon_26753_work/candidate/app/src/main/java/com/hinnka/mycamera/processor/GlesMgcRawSpatialStacker.kt:11387:13: error: unresolved reference: GLES30
            GLES30.GL_CLAMP_TO_EDGE,
            ^
mnt/data/photon_26753_work/candidate/app/src/main/java/com/hinnka/mycamera/processor/GlesMgcRawSpatialStacker.kt:11389:9: error: unresolved reference: GLES30
        GLES30.glTexParameteri(
        ^
mnt/data/photon_26753_work/candidate/app/src/main/java/com/hinnka/mycamera/processor/GlesMgcRawSpatialStacker.kt:11390:13: error: unresolved reference: GLES30
            GLES30.GL_TEXTURE_2D,
            ^
mnt/data/photon_26753_work/candidate/app/src/main/java/com/hinnka/mycamera/processor/GlesMgcRawSpatialStacker.kt:11391:13: error: unresolved reference: GLES30
            GLES30.GL_TEXTURE_WRAP_T,
            ^
mnt/data/photon_26753_work/candidate/app/src/main/java/com/hinnka/mycamera/processor/GlesMgcRawSpatialStacker.kt:11392:13: error: unresolved reference: GLES30
            GLES30.GL_CLAMP_TO_EDGE,
            ^
mnt/data/photon_26753_work/candidate/app/src/main/java/com/hinnka/mycamera/processor/GlesMgcRawSpatialStacker.kt:11394:9: error: unresolved reference: GLES30
        GLES30.glTexStorage2D(
        ^
mnt/data/photon_26753_work/candidate/app/src/main/java/com/hinnka/mycamera/processor/GlesMgcRawSpatialStacker.kt:11395:13: error: unresolved reference: GLES30
            GLES30.GL_TEXTURE_2D,
            ^
mnt/data/photon_26753_work/candidate/app/src/main/java/com/hinnka/mycamera/processor/GlesMgcRawSpatialStacker.kt:11401:9: error: unresolved reference: GLES30
        GLES30.glBindTexture(GLES30.GL_TEXTURE_2D, 0)
        ^
mnt/data/photon_26753_work/candidate/app/src/main/java/com/hinnka/mycamera/processor/GlesMgcRawSpatialStacker.kt:11401:30: error: unresolved reference: GLES30
        GLES30.glBindTexture(GLES30.GL_TEXTURE_2D, 0)
                             ^
mnt/data/photon_26753_work/candidate/app/src/main/java/com/hinnka/mycamera/processor/GlesMgcRawSpatialStacker.kt:11427:9: error: unresolved reference: GLES30
        GLES30.glBindBuffer(GLES30.GL_PIXEL_UNPACK_BUFFER, 0)
        ^
mnt/data/photon_26753_work/candidate/app/src/main/java/com/hinnka/mycamera/processor/GlesMgcRawSpatialStacker.kt:11427:29: error: unresolved reference: GLES30
        GLES30.glBindBuffer(GLES30.GL_PIXEL_UNPACK_BUFFER, 0)
                            ^
mnt/data/photon_26753_work/candidate/app/src/main/java/com/hinnka/mycamera/processor/GlesMgcRawSpatialStacker.kt:11428:9: error: unresolved reference: GLES30
        GLES30.glBindTexture(GLES30.GL_TEXTURE_2D, texture)
        ^
mnt/data/photon_26753_work/candidate/app/src/main/java/com/hinnka/mycamera/processor/GlesMgcRawSpatialStacker.kt:11428:30: error: unresolved reference: GLES30
        GLES30.glBindTexture(GLES30.GL_TEXTURE_2D, texture)
                             ^
mnt/data/photon_26753_work/candidate/app/src/main/java/com/hinnka/mycamera/processor/GlesMgcRawSpatialStacker.kt:11429:9: error: unresolved reference: GLES30
        GLES30.glTexSubImage2D(
        ^
mnt/data/photon_26753_work/candidate/app/src/main/java/com/hinnka/mycamera/processor/GlesMgcRawSpatialStacker.kt:11430:13: error: unresolved reference: GLES30
            GLES30.GL_TEXTURE_2D,
            ^
mnt/data/photon_26753_work/candidate/app/src/main/java/com/hinnka/mycamera/processor/GlesMgcRawSpatialStacker.kt:11437:13: error: unresolved reference: GLES30
            GLES30.GL_FLOAT,
            ^
mnt/data/photon_26753_work/candidate/app/src/main/java/com/hinnka/mycamera/processor/GlesMgcRawSpatialStacker.kt:11440:9: error: unresolved reference: GLES30
        GLES30.glBindTexture(GLES30.GL_TEXTURE_2D, 0)
        ^
mnt/data/photon_26753_work/candidate/app/src/main/java/com/hinnka/mycamera/processor/GlesMgcRawSpatialStacker.kt:11440:30: error: unresolved reference: GLES30
        GLES30.glBindTexture(GLES30.GL_TEXTURE_2D, 0)
                             ^
mnt/data/photon_26753_work/candidate/app/src/main/java/com/hinnka/mycamera/processor/GlesMgcRawSpatialStacker.kt:11447:9: error: unresolved reference: GLES30
        GLES30.glGenFramebuffers(1, ids, 0)
        ^
mnt/data/photon_26753_work/candidate/app/src/main/java/com/hinnka/mycamera/processor/GlesMgcRawSpatialStacker.kt:11471:9: error: unresolved reference: GLES30
        GLES30.glBindBuffer(GLES30.GL_PIXEL_UNPACK_BUFFER, 0)
        ^
mnt/data/photon_26753_work/candidate/app/src/main/java/com/hinnka/mycamera/processor/GlesMgcRawSpatialStacker.kt:11471:29: error: unresolved reference: GLES30
        GLES30.glBindBuffer(GLES30.GL_PIXEL_UNPACK_BUFFER, 0)
                            ^
mnt/data/photon_26753_work/candidate/app/src/main/java/com/hinnka/mycamera/processor/GlesMgcRawSpatialStacker.kt:11472:9: error: unresolved reference: GLES30
        GLES30.glBindTexture(GLES30.GL_TEXTURE_2D, destination)
        ^
mnt/data/photon_26753_work/candidate/app/src/main/java/com/hinnka/mycamera/processor/GlesMgcRawSpatialStacker.kt:11472:30: error: unresolved reference: GLES30
        GLES30.glBindTexture(GLES30.GL_TEXTURE_2D, destination)
                             ^
mnt/data/photon_26753_work/candidate/app/src/main/java/com/hinnka/mycamera/processor/GlesMgcRawSpatialStacker.kt:11473:9: error: unresolved reference: GLES30
        GLES30.glCopyTexSubImage2D(
        ^
mnt/data/photon_26753_work/candidate/app/src/main/java/com/hinnka/mycamera/processor/GlesMgcRawSpatialStacker.kt:11474:13: error: unresolved reference: GLES30
            GLES30.GL_TEXTURE_2D,
            ^
mnt/data/photon_26753_work/candidate/app/src/main/java/com/hinnka/mycamera/processor/GlesMgcRawSpatialStacker.kt:11483:9: error: unresolved reference: GLES30
        GLES30.glBindTexture(GLES30.GL_TEXTURE_2D, 0)
        ^
mnt/data/photon_26753_work/candidate/app/src/main/java/com/hinnka/mycamera/processor/GlesMgcRawSpatialStacker.kt:11483:30: error: unresolved reference: GLES30
        GLES30.glBindTexture(GLES30.GL_TEXTURE_2D, 0)
                             ^
mnt/data/photon_26753_work/candidate/app/src/main/java/com/hinnka/mycamera/processor/GlesMgcRawSpatialStacker.kt:11484:9: error: unresolved reference: GLES30
        GLES30.glBindFramebuffer(GLES30.GL_FRAMEBUFFER, 0)
        ^
mnt/data/photon_26753_work/candidate/app/src/main/java/com/hinnka/mycamera/processor/GlesMgcRawSpatialStacker.kt:11484:34: error: unresolved reference: GLES30
        GLES30.glBindFramebuffer(GLES30.GL_FRAMEBUFFER, 0)
                                 ^
mnt/data/photon_26753_work/candidate/app/src/main/java/com/hinnka/mycamera/processor/GlesMgcRawSpatialStacker.kt:11509:9: error: unresolved reference: GLES30
        GLES30.glDeleteTextures(count, transientTextures, 0)
        ^
mnt/data/photon_26753_work/candidate/app/src/main/java/com/hinnka/mycamera/processor/GlesMgcRawSpatialStacker.kt:11524:13: error: unresolved reference: GLES30
            GLES30.glDeleteTextures(toDelete.size, toDelete, 0)
            ^
mnt/data/photon_26753_work/candidate/app/src/main/java/com/hinnka/mycamera/processor/GlesMgcRawSpatialStacker.kt:11540:9: error: unresolved reference: GLES30
        GLES30.glViewport(0, 0, viewportWidth, viewportHeight)
        ^
mnt/data/photon_26753_work/candidate/app/src/main/java/com/hinnka/mycamera/processor/GlesMgcRawSpatialStacker.kt:11541:29: error: unresolved reference: GLES30
        if (!preserveBlend) GLES30.glDisable(GLES30.GL_BLEND)
                            ^
mnt/data/photon_26753_work/candidate/app/src/main/java/com/hinnka/mycamera/processor/GlesMgcRawSpatialStacker.kt:11541:46: error: unresolved reference: GLES30
        if (!preserveBlend) GLES30.glDisable(GLES30.GL_BLEND)
                                             ^
mnt/data/photon_26753_work/candidate/app/src/main/java/com/hinnka/mycamera/processor/GlesMgcRawSpatialStacker.kt:11542:9: error: unresolved reference: GLES30
        GLES30.glUseProgram(program)
        ^
mnt/data/photon_26753_work/candidate/app/src/main/java/com/hinnka/mycamera/processor/GlesMgcRawSpatialStacker.kt:11543:9: error: unresolved reference: GLES30
        GLES30.glDrawArrays(GLES30.GL_TRIANGLES, 0, 3)
        ^
mnt/data/photon_26753_work/candidate/app/src/main/java/com/hinnka/mycamera/processor/GlesMgcRawSpatialStacker.kt:11543:29: error: unresolved reference: GLES30
        GLES30.glDrawArrays(GLES30.GL_TRIANGLES, 0, 3)
                            ^
mnt/data/photon_26753_work/candidate/app/src/main/java/com/hinnka/mycamera/processor/GlesMgcRawSpatialStacker.kt:11544:9: error: unresolved reference: GLES30
        GLES30.glBindFramebuffer(GLES30.GL_FRAMEBUFFER, 0)
        ^
mnt/data/photon_26753_work/candidate/app/src/main/java/com/hinnka/mycamera/processor/GlesMgcRawSpatialStacker.kt:11544:34: error: unresolved reference: GLES30
        GLES30.glBindFramebuffer(GLES30.GL_FRAMEBUFFER, 0)
                                 ^
mnt/data/photon_26753_work/candidate/app/src/main/java/com/hinnka/mycamera/processor/GlesMgcRawSpatialStacker.kt:11552:9: error: unresolved reference: GLES30
        GLES30.glDeleteTextures(1, intArrayOf(texture), 0)
        ^
mnt/data/photon_26753_work/candidate/app/src/main/java/com/hinnka/mycamera/processor/GlesMgcRawSpatialStacker.kt:11582:22: error: unresolved reference: GlesGpuCompletion
        val waitMs = GlesGpuCompletion.awaitSubmittedWork(
                     ^
mnt/data/photon_26753_work/candidate/app/src/main/java/com/hinnka/mycamera/processor/GlesMgcRawSpatialStacker.kt:11590:13: error: unresolved reference: GLES30
            GLES30.glDeleteTextures(releasedTextures.size, releasedTextures, 0)
            ^
mnt/data/photon_26753_work/candidate/app/src/main/java/com/hinnka/mycamera/processor/GlesMgcRawSpatialStacker.kt:11598:9: error: unresolved reference: PLog
        PLog.i(
        ^
mnt/data/photon_26753_work/candidate/app/src/main/java/com/hinnka/mycamera/processor/GlesMgcRawSpatialStacker.kt:11611:37: error: unresolved reference: MgcSpatialOutputMode
        check(capture.outputMode == MgcSpatialOutputMode.RGB)
                                    ^
mnt/data/photon_26753_work/candidate/app/src/main/java/com/hinnka/mycamera/processor/GlesMgcRawSpatialStacker.kt:11646:13: error: unresolved reference: LargeDirectBuffer
            LargeDirectBuffer.free(alignmentHost?.cpuBuffer)
            ^
mnt/data/photon_26753_work/candidate/app/src/main/java/com/hinnka/mycamera/processor/GlesMgcRawSpatialStacker.kt:11647:13: error: unresolved reference: LargeDirectBuffer
            LargeDirectBuffer.free(rejectionHost?.cpuBuffer)
            ^
mnt/data/photon_26753_work/candidate/app/src/main/java/com/hinnka/mycamera/processor/GlesMgcRawSpatialStacker.kt:11661:37: error: unresolved reference: MgcSpatialRgbFlowBounds
            if (frame.flowBounds == MgcSpatialRgbFlowBounds.Zero) {
                                    ^
mnt/data/photon_26753_work/candidate/app/src/main/java/com/hinnka/mycamera/processor/GlesMgcRawSpatialStacker.kt:11668:17: error: unresolved reference: GLES30
                GLES30.glPixelStorei(GLES30.GL_PACK_ALIGNMENT, Float.SIZE_BYTES)
                ^
mnt/data/photon_26753_work/candidate/app/src/main/java/com/hinnka/mycamera/processor/GlesMgcRawSpatialStacker.kt:11668:38: error: unresolved reference: GLES30
                GLES30.glPixelStorei(GLES30.GL_PACK_ALIGNMENT, Float.SIZE_BYTES)
                                     ^
mnt/data/photon_26753_work/candidate/app/src/main/java/com/hinnka/mycamera/processor/GlesMgcRawSpatialStacker.kt:11669:17: error: unresolved reference: GLES30
                GLES30.glPixelStorei(GLES30.GL_PACK_ROW_LENGTH, 0)
                ^
mnt/data/photon_26753_work/candidate/app/src/main/java/com/hinnka/mycamera/processor/GlesMgcRawSpatialStacker.kt:11669:38: error: unresolved reference: GLES30
                GLES30.glPixelStorei(GLES30.GL_PACK_ROW_LENGTH, 0)
                                     ^
mnt/data/photon_26753_work/candidate/app/src/main/java/com/hinnka/mycamera/processor/GlesMgcRawSpatialStacker.kt:11671:17: error: unresolved reference: GLES30
                GLES30.glReadPixels(
                ^
mnt/data/photon_26753_work/candidate/app/src/main/java/com/hinnka/mycamera/processor/GlesMgcRawSpatialStacker.kt:11676:21: error: unresolved reference: GLES30
                    GLES30.GL_RGBA,
                    ^
mnt/data/photon_26753_work/candidate/app/src/main/java/com/hinnka/mycamera/processor/GlesMgcRawSpatialStacker.kt:11677:21: error: unresolved reference: GLES30
                    GLES30.GL_FLOAT,
                    ^
mnt/data/photon_26753_work/candidate/app/src/main/java/com/hinnka/mycamera/processor/GlesMgcRawSpatialStacker.kt:11680:17: error: unresolved reference: GLES30
                GLES30.glBindFramebuffer(GLES30.GL_FRAMEBUFFER, 0)
                ^
mnt/data/photon_26753_work/candidate/app/src/main/java/com/hinnka/mycamera/processor/GlesMgcRawSpatialStacker.kt:11680:42: error: unresolved reference: GLES30
                GLES30.glBindFramebuffer(GLES30.GL_FRAMEBUFFER, 0)
                                         ^
mnt/data/photon_26753_work/candidate/app/src/main/java/com/hinnka/mycamera/processor/GlesMgcRawSpatialStacker.kt:11698:30: error: unresolved reference: MgcSpatialRgbFlowBounds
                val bounds = MgcSpatialRgbFlowBounds(
                             ^
mnt/data/photon_26753_work/candidate/app/src/main/java/com/hinnka/mycamera/processor/GlesMgcRawSpatialStacker.kt:11713:17: error: unresolved reference: PLog
                PLog.d(TAG, "MGC RGB flow bounds frame=${frame.imageIndex} $bounds")
                ^
mnt/data/photon_26753_work/candidate/app/src/main/java/com/hinnka/mycamera/processor/GlesMgcRawSpatialStacker.kt:11723:9: error: unresolved reference: GLES30
        GLES30.glBindFramebuffer(GLES30.GL_FRAMEBUFFER, renderFbo)
        ^
mnt/data/photon_26753_work/candidate/app/src/main/java/com/hinnka/mycamera/processor/GlesMgcRawSpatialStacker.kt:11723:34: error: unresolved reference: GLES30
        GLES30.glBindFramebuffer(GLES30.GL_FRAMEBUFFER, renderFbo)
                                 ^
mnt/data/photon_26753_work/candidate/app/src/main/java/com/hinnka/mycamera/processor/GlesMgcRawSpatialStacker.kt:11725:13: error: unresolved reference: GLES30
            GLES30.glFramebufferTexture2D(
            ^
mnt/data/photon_26753_work/candidate/app/src/main/java/com/hinnka/mycamera/processor/GlesMgcRawSpatialStacker.kt:11726:17: error: unresolved reference: GLES30
                GLES30.GL_FRAMEBUFFER,
                ^
mnt/data/photon_26753_work/candidate/app/src/main/java/com/hinnka/mycamera/processor/GlesMgcRawSpatialStacker.kt:11727:17: error: unresolved reference: GLES30
                GLES30.GL_COLOR_ATTACHMENT0 + index,
                ^
mnt/data/photon_26753_work/candidate/app/src/main/java/com/hinnka/mycamera/processor/GlesMgcRawSpatialStacker.kt:11728:17: error: unresolved reference: GLES30
                GLES30.GL_TEXTURE_2D,
                ^
mnt/data/photon_26753_work/candidate/app/src/main/java/com/hinnka/mycamera/processor/GlesMgcRawSpatialStacker.kt:11734:9: error: unresolved reference: GLES30
        GLES30.glBindFramebuffer(GLES30.GL_FRAMEBUFFER, 0)
        ^
mnt/data/photon_26753_work/candidate/app/src/main/java/com/hinnka/mycamera/processor/GlesMgcRawSpatialStacker.kt:11734:34: error: unresolved reference: GLES30
        GLES30.glBindFramebuffer(GLES30.GL_FRAMEBUFFER, 0)
                                 ^
mnt/data/photon_26753_work/candidate/app/src/main/java/com/hinnka/mycamera/processor/GlesMgcRawSpatialStacker.kt:11746:13: error: unresolved reference: GLES30
            GLES30.GL_R8 -> 1
            ^
mnt/data/photon_26753_work/candidate/app/src/main/java/com/hinnka/mycamera/processor/GlesMgcRawSpatialStacker.kt:11747:13: error: unresolved reference: GLES30
            GLES30.GL_R16F,
            ^
mnt/data/photon_26753_work/candidate/app/src/main/java/com/hinnka/mycamera/processor/GlesMgcRawSpatialStacker.kt:11748:13: error: unresolved reference: GLES30
            GLES30.GL_R16I,
            ^
mnt/data/photon_26753_work/candidate/app/src/main/java/com/hinnka/mycamera/processor/GlesMgcRawSpatialStacker.kt:11749:13: error: unresolved reference: GLES30
            GLES30.GL_R16UI -> 2
            ^
mnt/data/photon_26753_work/candidate/app/src/main/java/com/hinnka/mycamera/processor/GlesMgcRawSpatialStacker.kt:11750:13: error: unresolved reference: GLES30
            GLES30.GL_R32F,
            ^
mnt/data/photon_26753_work/candidate/app/src/main/java/com/hinnka/mycamera/processor/GlesMgcRawSpatialStacker.kt:11751:13: error: unresolved reference: GLES30
            GLES30.GL_RGB10_A2 -> 4
            ^
mnt/data/photon_26753_work/candidate/app/src/main/java/com/hinnka/mycamera/processor/GlesMgcRawSpatialStacker.kt:11752:13: error: unresolved reference: GLES30
            GLES30.GL_RGB16UI -> 6
            ^
mnt/data/photon_26753_work/candidate/app/src/main/java/com/hinnka/mycamera/processor/GlesMgcRawSpatialStacker.kt:11753:13: error: unresolved reference: GLES30
            GLES30.GL_RGBA16F,
            ^
mnt/data/photon_26753_work/candidate/app/src/main/java/com/hinnka/mycamera/processor/GlesMgcRawSpatialStacker.kt:11754:13: error: unresolved reference: GLES30
            GLES30.GL_RGBA16UI -> 8
            ^
mnt/data/photon_26753_work/candidate/app/src/main/java/com/hinnka/mycamera/processor/GlesMgcRawSpatialStacker.kt:11755:13: error: unresolved reference: GLES30
            GLES30.GL_RGBA32F -> 16
            ^
mnt/data/photon_26753_work/candidate/app/src/main/java/com/hinnka/mycamera/processor/GlesMgcRawSpatialStacker.kt:11773:9: error: unresolved reference: GLES30
        GLES30.glViewport(
        ^
mnt/data/photon_26753_work/candidate/app/src/main/java/com/hinnka/mycamera/processor/GlesMgcRawSpatialStacker.kt:11779:9: error: unresolved reference: GLES30
        GLES30.glDisable(GLES30.GL_BLEND)
        ^
mnt/data/photon_26753_work/candidate/app/src/main/java/com/hinnka/mycamera/processor/GlesMgcRawSpatialStacker.kt:11779:26: error: unresolved reference: GLES30
        GLES30.glDisable(GLES30.GL_BLEND)
                         ^
mnt/data/photon_26753_work/candidate/app/src/main/java/com/hinnka/mycamera/processor/GlesMgcRawSpatialStacker.kt:11780:9: error: unresolved reference: GLES30
        GLES30.glUseProgram(program)
        ^
mnt/data/photon_26753_work/candidate/app/src/main/java/com/hinnka/mycamera/processor/GlesMgcRawSpatialStacker.kt:11781:9: error: unresolved reference: GLES30
        GLES30.glDrawArrays(GLES30.GL_TRIANGLES, 0, 3)
        ^
mnt/data/photon_26753_work/candidate/app/src/main/java/com/hinnka/mycamera/processor/GlesMgcRawSpatialStacker.kt:11781:29: error: unresolved reference: GLES30
        GLES30.glDrawArrays(GLES30.GL_TRIANGLES, 0, 3)
                            ^
mnt/data/photon_26753_work/candidate/app/src/main/java/com/hinnka/mycamera/processor/GlesMgcRawSpatialStacker.kt:11782:9: error: unresolved reference: GLES30
        GLES30.glBindFramebuffer(GLES30.GL_FRAMEBUFFER, 0)
        ^
mnt/data/photon_26753_work/candidate/app/src/main/java/com/hinnka/mycamera/processor/GlesMgcRawSpatialStacker.kt:11782:34: error: unresolved reference: GLES30
        GLES30.glBindFramebuffer(GLES30.GL_FRAMEBUFFER, 0)
                                 ^
mnt/data/photon_26753_work/candidate/app/src/main/java/com/hinnka/mycamera/processor/GlesMgcRawSpatialStacker.kt:11793:9: error: unresolved reference: GLES30
        GLES30.glBindFramebuffer(GLES30.GL_FRAMEBUFFER, renderFbo)
        ^
mnt/data/photon_26753_work/candidate/app/src/main/java/com/hinnka/mycamera/processor/GlesMgcRawSpatialStacker.kt:11793:34: error: unresolved reference: GLES30
        GLES30.glBindFramebuffer(GLES30.GL_FRAMEBUFFER, renderFbo)
                                 ^
mnt/data/photon_26753_work/candidate/app/src/main/java/com/hinnka/mycamera/processor/GlesMgcRawSpatialStacker.kt:11796:30: error: unresolved reference: GLES30
            val attachment = GLES30.GL_COLOR_ATTACHMENT0 + index
                             ^
mnt/data/photon_26753_work/candidate/app/src/main/java/com/hinnka/mycamera/processor/GlesMgcRawSpatialStacker.kt:11798:13: error: unresolved reference: GLES30
            GLES30.glFramebufferTexture2D(
            ^
mnt/data/photon_26753_work/candidate/app/src/main/java/com/hinnka/mycamera/processor/GlesMgcRawSpatialStacker.kt:11799:17: error: unresolved reference: GLES30
                GLES30.GL_FRAMEBUFFER,
                ^
mnt/data/photon_26753_work/candidate/app/src/main/java/com/hinnka/mycamera/processor/GlesMgcRawSpatialStacker.kt:11801:17: error: unresolved reference: GLES30
                GLES30.GL_TEXTURE_2D,
                ^
mnt/data/photon_26753_work/candidate/app/src/main/java/com/hinnka/mycamera/processor/GlesMgcRawSpatialStacker.kt:11811:13: error: unresolved reference: GLES30
            GLES30.glFramebufferTexture2D(
            ^
mnt/data/photon_26753_work/candidate/app/src/main/java/com/hinnka/mycamera/processor/GlesMgcRawSpatialStacker.kt:11812:17: error: unresolved reference: GLES30
                GLES30.GL_FRAMEBUFFER,
                ^
mnt/data/photon_26753_work/candidate/app/src/main/java/com/hinnka/mycamera/processor/GlesMgcRawSpatialStacker.kt:11813:17: error: unresolved reference: GLES30
                GLES30.GL_COLOR_ATTACHMENT0 + index,
                ^
mnt/data/photon_26753_work/candidate/app/src/main/java/com/hinnka/mycamera/processor/GlesMgcRawSpatialStacker.kt:11814:17: error: unresolved reference: GLES30
                GLES30.GL_TEXTURE_2D,
                ^
mnt/data/photon_26753_work/candidate/app/src/main/java/com/hinnka/mycamera/processor/GlesMgcRawSpatialStacker.kt:11820:9: error: unresolved reference: GLES30
        GLES30.glDrawBuffers(attachments.size, attachments, 0)
        ^
mnt/data/photon_26753_work/candidate/app/src/main/java/com/hinnka/mycamera/processor/GlesMgcRawSpatialStacker.kt:11824:26: error: unresolved reference: GLES30
            val status = GLES30.glCheckFramebufferStatus(GLES30.GL_FRAMEBUFFER)
                         ^
mnt/data/photon_26753_work/candidate/app/src/main/java/com/hinnka/mycamera/processor/GlesMgcRawSpatialStacker.kt:11824:58: error: unresolved reference: GLES30
            val status = GLES30.glCheckFramebufferStatus(GLES30.GL_FRAMEBUFFER)
                                                         ^
mnt/data/photon_26753_work/candidate/app/src/main/java/com/hinnka/mycamera/processor/GlesMgcRawSpatialStacker.kt:11825:29: error: unresolved reference: GLES30
            check(status == GLES30.GL_FRAMEBUFFER_COMPLETE) {
                            ^
mnt/data/photon_26753_work/candidate/app/src/main/java/com/hinnka/mycamera/processor/GlesMgcRawSpatialStacker.kt:11832:9: error: unresolved reference: GLES30
        GLES30.glActiveTexture(GLES30.GL_TEXTURE0 + unit)
        ^
mnt/data/photon_26753_work/candidate/app/src/main/java/com/hinnka/mycamera/processor/GlesMgcRawSpatialStacker.kt:11832:32: error: unresolved reference: GLES30
        GLES30.glActiveTexture(GLES30.GL_TEXTURE0 + unit)
                               ^
mnt/data/photon_26753_work/candidate/app/src/main/java/com/hinnka/mycamera/processor/GlesMgcRawSpatialStacker.kt:11833:9: error: unresolved reference: GLES30
        GLES30.glBindTexture(GLES30.GL_TEXTURE_2D, texture)
        ^
mnt/data/photon_26753_work/candidate/app/src/main/java/com/hinnka/mycamera/processor/GlesMgcRawSpatialStacker.kt:11833:30: error: unresolved reference: GLES30
        GLES30.glBindTexture(GLES30.GL_TEXTURE_2D, texture)
                             ^
mnt/data/photon_26753_work/candidate/app/src/main/java/com/hinnka/mycamera/processor/GlesMgcRawSpatialStacker.kt:11834:9: error: unresolved reference: GLES30
        GLES30.glUniform1i(uniformLocation(program, name), unit)
        ^
mnt/data/photon_26753_work/candidate/app/src/main/java/com/hinnka/mycamera/processor/GlesMgcRawSpatialStacker.kt:11838:9: error: unresolved reference: GLES30
        GLES30.glUniform1i(uniformLocation(program, name), value)
        ^
mnt/data/photon_26753_work/candidate/app/src/main/java/com/hinnka/mycamera/processor/GlesMgcRawSpatialStacker.kt:11842:9: error: unresolved reference: GLES30
        GLES30.glUniform1f(uniformLocation(program, name), value)
        ^
mnt/data/photon_26753_work/candidate/app/src/main/java/com/hinnka/mycamera/processor/GlesMgcRawSpatialStacker.kt:11846:9: error: unresolved reference: GLES30
        GLES30.glUniform1fv(
        ^
mnt/data/photon_26753_work/candidate/app/src/main/java/com/hinnka/mycamera/processor/GlesMgcRawSpatialStacker.kt:11855:9: error: unresolved reference: GLES30
        GLES30.glUniform2i(uniformLocation(program, name), x, y)
        ^
mnt/data/photon_26753_work/candidate/app/src/main/java/com/hinnka/mycamera/processor/GlesMgcRawSpatialStacker.kt:11859:9: error: unresolved reference: GLES30
        GLES30.glUniform2f(uniformLocation(program, name), x, y)
        ^
mnt/data/photon_26753_work/candidate/app/src/main/java/com/hinnka/mycamera/processor/GlesMgcRawSpatialStacker.kt:11863:9: error: unresolved reference: GLES30
        GLES30.glUniform3f(uniformLocation(program, name), x, y, z)
        ^
mnt/data/photon_26753_work/candidate/app/src/main/java/com/hinnka/mycamera/processor/GlesMgcRawSpatialStacker.kt:11874:9: error: unresolved reference: GLES30
        GLES30.glUniform4f(uniformLocation(program, name), x, y, z, w)
        ^
mnt/data/photon_26753_work/candidate/app/src/main/java/com/hinnka/mycamera/processor/GlesMgcRawSpatialStacker.kt:11878:9: error: unresolved reference: GLES30
        GLES30.glUniform4fv(uniformLocation(program, name), 1, value, 0)
        ^
mnt/data/photon_26753_work/candidate/app/src/main/java/com/hinnka/mycamera/processor/GlesMgcRawSpatialStacker.kt:11883:43: error: unresolved reference: GLES30
        return locations.getOrPut(name) { GLES30.glGetUniformLocation(program, name) }
                                          ^
mnt/data/photon_26753_work/candidate/app/src/main/java/com/hinnka/mycamera/processor/GlesMgcRawSpatialStacker.kt:11887:28: error: unresolved reference: GlesGraphicsShaderSources
        val vertexSource = GlesGraphicsShaderSources.fullscreenVertexFor(fragmentSource)
                           ^
mnt/data/photon_26753_work/candidate/app/src/main/java/com/hinnka/mycamera/processor/GlesMgcRawSpatialStacker.kt:11888:36: error: unresolved reference: GLES30
        val vertex = compileShader(GLES30.GL_VERTEX_SHADER, vertexSource, "$name vertex")
                                   ^
mnt/data/photon_26753_work/candidate/app/src/main/java/com/hinnka/mycamera/processor/GlesMgcRawSpatialStacker.kt:11889:38: error: unresolved reference: GLES30
        val fragment = compileShader(GLES30.GL_FRAGMENT_SHADER, fragmentSource, "$name fragment")
                                     ^
mnt/data/photon_26753_work/candidate/app/src/main/java/com/hinnka/mycamera/processor/GlesMgcRawSpatialStacker.kt:11890:23: error: unresolved reference: GLES30
        val program = GLES30.glCreateProgram()
                      ^
mnt/data/photon_26753_work/candidate/app/src/main/java/com/hinnka/mycamera/processor/GlesMgcRawSpatialStacker.kt:11891:9: error: unresolved reference: GLES30
        GLES30.glAttachShader(program, vertex)
        ^
mnt/data/photon_26753_work/candidate/app/src/main/java/com/hinnka/mycamera/processor/GlesMgcRawSpatialStacker.kt:11892:9: error: unresolved reference: GLES30
        GLES30.glAttachShader(program, fragment)
        ^
mnt/data/photon_26753_work/candidate/app/src/main/java/com/hinnka/mycamera/processor/GlesMgcRawSpatialStacker.kt:11893:9: error: unresolved reference: GLES30
        GLES30.glLinkProgram(program)
        ^
mnt/data/photon_26753_work/candidate/app/src/main/java/com/hinnka/mycamera/processor/GlesMgcRawSpatialStacker.kt:11894:9: error: unresolved reference: GLES30
        GLES30.glDeleteShader(vertex)
        ^
mnt/data/photon_26753_work/candidate/app/src/main/java/com/hinnka/mycamera/processor/GlesMgcRawSpatialStacker.kt:11895:9: error: unresolved reference: GLES30
        GLES30.glDeleteShader(fragment)
        ^
mnt/data/photon_26753_work/candidate/app/src/main/java/com/hinnka/mycamera/processor/GlesMgcRawSpatialStacker.kt:11897:9: error: unresolved reference: GLES30
        GLES30.glGetProgramiv(program, GLES30.GL_LINK_STATUS, status, 0)
        ^
mnt/data/photon_26753_work/candidate/app/src/main/java/com/hinnka/mycamera/processor/GlesMgcRawSpatialStacker.kt:11897:40: error: unresolved reference: GLES30
        GLES30.glGetProgramiv(program, GLES30.GL_LINK_STATUS, status, 0)
                                       ^
mnt/data/photon_26753_work/candidate/app/src/main/java/com/hinnka/mycamera/processor/GlesMgcRawSpatialStacker.kt:11899:23: error: unresolved reference: GLES30
            val log = GLES30.glGetProgramInfoLog(program)
                      ^
mnt/data/photon_26753_work/candidate/app/src/main/java/com/hinnka/mycamera/processor/GlesMgcRawSpatialStacker.kt:11900:13: error: unresolved reference: GLES30
            GLES30.glDeleteProgram(program)
            ^
mnt/data/photon_26753_work/candidate/app/src/main/java/com/hinnka/mycamera/processor/GlesMgcRawSpatialStacker.kt:11903:18: error: overload resolution ambiguity: 
public operator fun <T> Collection<TypeVariable(T)>.plus(elements: Array<out TypeVariable(T)>): List<TypeVariable(T)> defined in kotlin.collections
public operator fun <T> Collection<TypeVariable(T)>.plus(elements: Iterable<TypeVariable(T)>): List<TypeVariable(T)> defined in kotlin.collections
public operator fun <T> Collection<TypeVariable(T)>.plus(elements: Sequence<TypeVariable(T)>): List<TypeVariable(T)> defined in kotlin.collections
public operator fun <T> Iterable<TypeVariable(T)>.plus(elements: Array<out TypeVariable(T)>): List<TypeVariable(T)> defined in kotlin.collections
public operator fun <T> Iterable<TypeVariable(T)>.plus(elements: Iterable<TypeVariable(T)>): List<TypeVariable(T)> defined in kotlin.collections
public operator fun <T> Iterable<TypeVariable(T)>.plus(elements: Sequence<TypeVariable(T)>): List<TypeVariable(T)> defined in kotlin.collections
        programs += program
                 ^
mnt/data/photon_26753_work/candidate/app/src/main/java/com/hinnka/mycamera/processor/GlesMgcRawSpatialStacker.kt:11908:9: error: unresolved reference: GlesComputeWorkGroup
        GlesComputeWorkGroup.requireBaselineCompatible(source, name)
        ^
mnt/data/photon_26753_work/candidate/app/src/main/java/com/hinnka/mycamera/processor/GlesMgcRawSpatialStacker.kt:11909:36: error: unresolved reference: GLES31
        val shader = compileShader(GLES31.GL_COMPUTE_SHADER, source, "$name compute")
                                   ^
mnt/data/photon_26753_work/candidate/app/src/main/java/com/hinnka/mycamera/processor/GlesMgcRawSpatialStacker.kt:11910:23: error: unresolved reference: GLES31
        val program = GLES31.glCreateProgram()
                      ^
mnt/data/photon_26753_work/candidate/app/src/main/java/com/hinnka/mycamera/processor/GlesMgcRawSpatialStacker.kt:11911:9: error: unresolved reference: GLES31
        GLES31.glAttachShader(program, shader)
        ^
mnt/data/photon_26753_work/candidate/app/src/main/java/com/hinnka/mycamera/processor/GlesMgcRawSpatialStacker.kt:11912:9: error: unresolved reference: GLES31
        GLES31.glLinkProgram(program)
        ^
mnt/data/photon_26753_work/candidate/app/src/main/java/com/hinnka/mycamera/processor/GlesMgcRawSpatialStacker.kt:11913:9: error: unresolved reference: GLES31
        GLES31.glDeleteShader(shader)
        ^
mnt/data/photon_26753_work/candidate/app/src/main/java/com/hinnka/mycamera/processor/GlesMgcRawSpatialStacker.kt:11915:9: error: unresolved reference: GLES31
        GLES31.glGetProgramiv(program, GLES31.GL_LINK_STATUS, status, 0)
        ^
mnt/data/photon_26753_work/candidate/app/src/main/java/com/hinnka/mycamera/processor/GlesMgcRawSpatialStacker.kt:11915:40: error: unresolved reference: GLES31
        GLES31.glGetProgramiv(program, GLES31.GL_LINK_STATUS, status, 0)
                                       ^
mnt/data/photon_26753_work/candidate/app/src/main/java/com/hinnka/mycamera/processor/GlesMgcRawSpatialStacker.kt:11917:23: error: unresolved reference: GLES31
            val log = GLES31.glGetProgramInfoLog(program)
                      ^
mnt/data/photon_26753_work/candidate/app/src/main/java/com/hinnka/mycamera/processor/GlesMgcRawSpatialStacker.kt:11918:13: error: unresolved reference: GLES31
            GLES31.glDeleteProgram(program)
            ^
mnt/data/photon_26753_work/candidate/app/src/main/java/com/hinnka/mycamera/processor/GlesMgcRawSpatialStacker.kt:11921:18: error: overload resolution ambiguity: 
public operator fun <T> Collection<TypeVariable(T)>.plus(elements: Array<out TypeVariable(T)>): List<TypeVariable(T)> defined in kotlin.collections
public operator fun <T> Collection<TypeVariable(T)>.plus(elements: Iterable<TypeVariable(T)>): List<TypeVariable(T)> defined in kotlin.collections
public operator fun <T> Collection<TypeVariable(T)>.plus(elements: Sequence<TypeVariable(T)>): List<TypeVariable(T)> defined in kotlin.collections
public operator fun <T> Iterable<TypeVariable(T)>.plus(elements: Array<out TypeVariable(T)>): List<TypeVariable(T)> defined in kotlin.collections
public operator fun <T> Iterable<TypeVariable(T)>.plus(elements: Iterable<TypeVariable(T)>): List<TypeVariable(T)> defined in kotlin.collections
public operator fun <T> Iterable<TypeVariable(T)>.plus(elements: Sequence<TypeVariable(T)>): List<TypeVariable(T)> defined in kotlin.collections
        programs += program
                 ^
mnt/data/photon_26753_work/candidate/app/src/main/java/com/hinnka/mycamera/processor/GlesMgcRawSpatialStacker.kt:11926:22: error: unresolved reference: GLES30
        val shader = GLES30.glCreateShader(type)
                     ^
mnt/data/photon_26753_work/candidate/app/src/main/java/com/hinnka/mycamera/processor/GlesMgcRawSpatialStacker.kt:11927:9: error: unresolved reference: GLES30
        GLES30.glShaderSource(shader, source)
        ^
mnt/data/photon_26753_work/candidate/app/src/main/java/com/hinnka/mycamera/processor/GlesMgcRawSpatialStacker.kt:11928:9: error: unresolved reference: GLES30
        GLES30.glCompileShader(shader)
        ^
mnt/data/photon_26753_work/candidate/app/src/main/java/com/hinnka/mycamera/processor/GlesMgcRawSpatialStacker.kt:11930:9: error: unresolved reference: GLES30
        GLES30.glGetShaderiv(shader, GLES30.GL_COMPILE_STATUS, status, 0)
        ^
mnt/data/photon_26753_work/candidate/app/src/main/java/com/hinnka/mycamera/processor/GlesMgcRawSpatialStacker.kt:11930:38: error: unresolved reference: GLES30
        GLES30.glGetShaderiv(shader, GLES30.GL_COMPILE_STATUS, status, 0)
                                     ^
mnt/data/photon_26753_work/candidate/app/src/main/java/com/hinnka/mycamera/processor/GlesMgcRawSpatialStacker.kt:11932:23: error: unresolved reference: GLES30
            val log = GLES30.glGetShaderInfoLog(shader)
                      ^
mnt/data/photon_26753_work/candidate/app/src/main/java/com/hinnka/mycamera/processor/GlesMgcRawSpatialStacker.kt:11933:13: error: unresolved reference: GLES30
            GLES30.glDeleteShader(shader)
            ^
mnt/data/photon_26753_work/candidate/app/src/main/java/com/hinnka/mycamera/processor/GlesMgcRawSpatialStacker.kt:11941:22: error: unresolved reference: EGL14
        eglDisplay = EGL14.eglGetDisplay(EGL14.EGL_DEFAULT_DISPLAY)
                     ^
mnt/data/photon_26753_work/candidate/app/src/main/java/com/hinnka/mycamera/processor/GlesMgcRawSpatialStacker.kt:11941:42: error: unresolved reference: EGL14
        eglDisplay = EGL14.eglGetDisplay(EGL14.EGL_DEFAULT_DISPLAY)
                                         ^
mnt/data/photon_26753_work/candidate/app/src/main/java/com/hinnka/mycamera/processor/GlesMgcRawSpatialStacker.kt:11942:29: error: unresolved reference: EGL14
        check(eglDisplay != EGL14.EGL_NO_DISPLAY) { "eglGetDisplay failed" }
                            ^
mnt/data/photon_26753_work/candidate/app/src/main/java/com/hinnka/mycamera/processor/GlesMgcRawSpatialStacker.kt:11944:15: error: unresolved reference: EGL14
        check(EGL14.eglInitialize(eglDisplay, version, 0, version, 1)) {
              ^
mnt/data/photon_26753_work/candidate/app/src/main/java/com/hinnka/mycamera/processor/GlesMgcRawSpatialStacker.kt:11945:38: error: unresolved reference: EGL14
            "eglInitialize failed: ${EGL14.eglGetError()}"
                                     ^
mnt/data/photon_26753_work/candidate/app/src/main/java/com/hinnka/mycamera/processor/GlesMgcRawSpatialStacker.kt:11948:29: error: unresolved reference: EGL14
            ?: chooseConfig(EGL14.EGL_OPENGL_ES2_BIT)
                            ^
mnt/data/photon_26753_work/candidate/app/src/main/java/com/hinnka/mycamera/processor/GlesMgcRawSpatialStacker.kt:11950:22: error: unresolved reference: GlesGpuScheduler
        eglContext = GlesGpuScheduler.createBackgroundContext(eglDisplay, config, TAG)
                     ^
mnt/data/photon_26753_work/candidate/app/src/main/java/com/hinnka/mycamera/processor/GlesMgcRawSpatialStacker.kt:11951:29: error: unresolved reference: EGL14
        check(eglContext != EGL14.EGL_NO_CONTEXT) {
                            ^
mnt/data/photon_26753_work/candidate/app/src/main/java/com/hinnka/mycamera/processor/GlesMgcRawSpatialStacker.kt:11952:41: error: unresolved reference: EGL14
            "eglCreateContext failed: ${EGL14.eglGetError()}"
                                        ^
mnt/data/photon_26753_work/candidate/app/src/main/java/com/hinnka/mycamera/processor/GlesMgcRawSpatialStacker.kt:11954:22: error: unresolved reference: EGL14
        eglSurface = EGL14.eglCreatePbufferSurface(
                     ^
mnt/data/photon_26753_work/candidate/app/src/main/java/com/hinnka/mycamera/processor/GlesMgcRawSpatialStacker.kt:11958:17: error: unresolved reference: EGL14
                EGL14.EGL_WIDTH,
                ^
mnt/data/photon_26753_work/candidate/app/src/main/java/com/hinnka/mycamera/processor/GlesMgcRawSpatialStacker.kt:11960:17: error: unresolved reference: EGL14
                EGL14.EGL_HEIGHT,
                ^
mnt/data/photon_26753_work/candidate/app/src/main/java/com/hinnka/mycamera/processor/GlesMgcRawSpatialStacker.kt:11962:17: error: unresolved reference: EGL14
                EGL14.EGL_NONE,
                ^
mnt/data/photon_26753_work/candidate/app/src/main/java/com/hinnka/mycamera/processor/GlesMgcRawSpatialStacker.kt:11966:29: error: unresolved reference: EGL14
        check(eglSurface != EGL14.EGL_NO_SURFACE) {
                            ^
mnt/data/photon_26753_work/candidate/app/src/main/java/com/hinnka/mycamera/processor/GlesMgcRawSpatialStacker.kt:11967:48: error: unresolved reference: EGL14
            "eglCreatePbufferSurface failed: ${EGL14.eglGetError()}"
                                               ^
mnt/data/photon_26753_work/candidate/app/src/main/java/com/hinnka/mycamera/processor/GlesMgcRawSpatialStacker.kt:11969:15: error: unresolved reference: EGL14
        check(EGL14.eglMakeCurrent(eglDisplay, eglSurface, eglSurface, eglContext)) {
              ^
mnt/data/photon_26753_work/candidate/app/src/main/java/com/hinnka/mycamera/processor/GlesMgcRawSpatialStacker.kt:11970:39: error: unresolved reference: EGL14
            "eglMakeCurrent failed: ${EGL14.eglGetError()}"
                                      ^
mnt/data/photon_26753_work/candidate/app/src/main/java/com/hinnka/mycamera/processor/GlesMgcRawSpatialStacker.kt:11975:22: error: unresolved reference: EGL14
        eglDisplay = EGL14.eglGetCurrentDisplay()
                     ^
mnt/data/photon_26753_work/candidate/app/src/main/java/com/hinnka/mycamera/processor/GlesMgcRawSpatialStacker.kt:11976:22: error: unresolved reference: EGL14
        eglContext = EGL14.eglGetCurrentContext()
                     ^
mnt/data/photon_26753_work/candidate/app/src/main/java/com/hinnka/mycamera/processor/GlesMgcRawSpatialStacker.kt:11977:22: error: unresolved reference: EGL14
        eglSurface = EGL14.eglGetCurrentSurface(EGL14.EGL_DRAW)
                     ^
mnt/data/photon_26753_work/candidate/app/src/main/java/com/hinnka/mycamera/processor/GlesMgcRawSpatialStacker.kt:11977:49: error: unresolved reference: EGL14
        eglSurface = EGL14.eglGetCurrentSurface(EGL14.EGL_DRAW)
                                                ^
mnt/data/photon_26753_work/candidate/app/src/main/java/com/hinnka/mycamera/processor/GlesMgcRawSpatialStacker.kt:11979:29: error: unresolved reference: EGL14
        check(eglDisplay != EGL14.EGL_NO_DISPLAY) { "No current EGL display" }
                            ^
mnt/data/photon_26753_work/candidate/app/src/main/java/com/hinnka/mycamera/processor/GlesMgcRawSpatialStacker.kt:11980:29: error: unresolved reference: EGL14
        check(eglContext != EGL14.EGL_NO_CONTEXT) { "No current EGL context" }
                            ^
mnt/data/photon_26753_work/candidate/app/src/main/java/com/hinnka/mycamera/processor/GlesMgcRawSpatialStacker.kt:11981:29: error: unresolved reference: EGL14
        check(eglSurface != EGL14.EGL_NO_SURFACE) { "No current EGL draw surface" }
                            ^
mnt/data/photon_26753_work/candidate/app/src/main/java/com/hinnka/mycamera/processor/GlesMgcRawSpatialStacker.kt:11984:52: error: unresolved reference: EGLConfig
    private fun chooseConfig(renderableType: Int): EGLConfig? {
                                                   ^
mnt/data/photon_26753_work/candidate/app/src/main/java/com/hinnka/mycamera/processor/GlesMgcRawSpatialStacker.kt:11986:13: error: unresolved reference: EGL14
            EGL14.EGL_RED_SIZE,
            ^
mnt/data/photon_26753_work/candidate/app/src/main/java/com/hinnka/mycamera/processor/GlesMgcRawSpatialStacker.kt:11988:13: error: unresolved reference: EGL14
            EGL14.EGL_GREEN_SIZE,
            ^
mnt/data/photon_26753_work/candidate/app/src/main/java/com/hinnka/mycamera/processor/GlesMgcRawSpatialStacker.kt:11990:13: error: unresolved reference: EGL14
            EGL14.EGL_BLUE_SIZE,
            ^
mnt/data/photon_26753_work/candidate/app/src/main/java/com/hinnka/mycamera/processor/GlesMgcRawSpatialStacker.kt:11992:13: error: unresolved reference: EGL14
            EGL14.EGL_ALPHA_SIZE,
            ^
mnt/data/photon_26753_work/candidate/app/src/main/java/com/hinnka/mycamera/processor/GlesMgcRawSpatialStacker.kt:11994:13: error: unresolved reference: EGL14
            EGL14.EGL_RENDERABLE_TYPE,
            ^
mnt/data/photon_26753_work/candidate/app/src/main/java/com/hinnka/mycamera/processor/GlesMgcRawSpatialStacker.kt:11996:13: error: unresolved reference: EGL14
            EGL14.EGL_SURFACE_TYPE,
            ^
mnt/data/photon_26753_work/candidate/app/src/main/java/com/hinnka/mycamera/processor/GlesMgcRawSpatialStacker.kt:11997:13: error: unresolved reference: EGL14
            EGL14.EGL_PBUFFER_BIT,
            ^
mnt/data/photon_26753_work/candidate/app/src/main/java/com/hinnka/mycamera/processor/GlesMgcRawSpatialStacker.kt:11998:13: error: unresolved reference: EGL14
            EGL14.EGL_NONE,
            ^
mnt/data/photon_26753_work/candidate/app/src/main/java/com/hinnka/mycamera/processor/GlesMgcRawSpatialStacker.kt:12000:43: error: unresolved reference: EGLConfig
        val configurations = arrayOfNulls<EGLConfig>(1)
                                          ^
mnt/data/photon_26753_work/candidate/app/src/main/java/com/hinnka/mycamera/processor/GlesMgcRawSpatialStacker.kt:12003:13: error: unresolved reference: EGL14
            EGL14.eglChooseConfig(
            ^
mnt/data/photon_26753_work/candidate/app/src/main/java/com/hinnka/mycamera/processor/GlesMgcRawSpatialStacker.kt:12021:23: error: unresolved reference: GLES30
        val version = GLES30.glGetString(GLES30.GL_VERSION).orEmpty()
                      ^
mnt/data/photon_26753_work/candidate/app/src/main/java/com/hinnka/mycamera/processor/GlesMgcRawSpatialStacker.kt:12021:42: error: unresolved reference: GLES30
        val version = GLES30.glGetString(GLES30.GL_VERSION).orEmpty()
                                         ^
mnt/data/photon_26753_work/candidate/app/src/main/java/com/hinnka/mycamera/processor/GlesMgcRawSpatialStacker.kt:12032:13: error: unresolved reference: GLES30
            GLES30.glGetInteger64v(
            ^
mnt/data/photon_26753_work/candidate/app/src/main/java/com/hinnka/mycamera/processor/GlesMgcRawSpatialStacker.kt:12033:17: error: unresolved reference: GLES31
                GLES31.GL_MAX_SHADER_STORAGE_BLOCK_SIZE,
                ^
mnt/data/photon_26753_work/candidate/app/src/main/java/com/hinnka/mycamera/processor/GlesMgcRawSpatialStacker.kt:12037:30: error: unresolved reference: GLES30
            val queryError = GLES30.glGetError()
                             ^
mnt/data/photon_26753_work/candidate/app/src/main/java/com/hinnka/mycamera/processor/GlesMgcRawSpatialStacker.kt:12038:31: error: unresolved reference: GLES30
            if (queryError == GLES30.GL_NO_ERROR && maximumBlockSize[0] > 0L) {
                              ^
mnt/data/photon_26753_work/candidate/app/src/main/java/com/hinnka/mycamera/processor/GlesMgcRawSpatialStacker.kt:12041:17: error: unresolved reference: GLES31
                GLES31.glGetIntegeri_v(
                ^
mnt/data/photon_26753_work/candidate/app/src/main/java/com/hinnka/mycamera/processor/GlesMgcRawSpatialStacker.kt:12042:21: error: unresolved reference: GLES31
                    GLES31.GL_MAX_COMPUTE_WORK_GROUP_COUNT,
                    ^
mnt/data/photon_26753_work/candidate/app/src/main/java/com/hinnka/mycamera/processor/GlesMgcRawSpatialStacker.kt:12047:17: error: unresolved reference: GLES31
                GLES31.glGetIntegeri_v(
                ^
mnt/data/photon_26753_work/candidate/app/src/main/java/com/hinnka/mycamera/processor/GlesMgcRawSpatialStacker.kt:12048:21: error: unresolved reference: GLES31
                    GLES31.GL_MAX_COMPUTE_WORK_GROUP_COUNT,
                    ^
mnt/data/photon_26753_work/candidate/app/src/main/java/com/hinnka/mycamera/processor/GlesMgcRawSpatialStacker.kt:12053:39: error: unresolved reference: GLES30
                val groupQueryError = GLES30.glGetError()
                                      ^
mnt/data/photon_26753_work/candidate/app/src/main/java/com/hinnka/mycamera/processor/GlesMgcRawSpatialStacker.kt:12054:40: error: unresolved reference: GLES30
                if (groupQueryError == GLES30.GL_NO_ERROR &&
                                       ^
mnt/data/photon_26753_work/candidate/app/src/main/java/com/hinnka/mycamera/processor/GlesMgcRawSpatialStacker.kt:12063:21: error: unresolved reference: PLog
                    PLog.w(
                    ^
mnt/data/photon_26753_work/candidate/app/src/main/java/com/hinnka/mycamera/processor/GlesMgcRawSpatialStacker.kt:12073:17: error: unresolved reference: PLog
                PLog.w(
                ^
mnt/data/photon_26753_work/candidate/app/src/main/java/com/hinnka/mycamera/processor/GlesMgcRawSpatialStacker.kt:12080:9: error: unresolved reference: PLog
        PLog.i(
        ^
mnt/data/photon_26753_work/candidate/app/src/main/java/com/hinnka/mycamera/processor/GlesMgcRawSpatialStacker.kt:12082:38: error: unresolved reference: GLES30
            "MGC Spatial GL vendor=${GLES30.glGetString(GLES30.GL_VENDOR).orEmpty()} " +
                                     ^
mnt/data/photon_26753_work/candidate/app/src/main/java/com/hinnka/mycamera/processor/GlesMgcRawSpatialStacker.kt:12082:57: error: unresolved reference: GLES30
            "MGC Spatial GL vendor=${GLES30.glGetString(GLES30.GL_VENDOR).orEmpty()} " +
                                                        ^
mnt/data/photon_26753_work/candidate/app/src/main/java/com/hinnka/mycamera/processor/GlesMgcRawSpatialStacker.kt:12083:25: error: unresolved reference: GLES30
            "renderer=${GLES30.glGetString(GLES30.GL_RENDERER).orEmpty()} version=$version " +
                        ^
mnt/data/photon_26753_work/candidate/app/src/main/java/com/hinnka/mycamera/processor/GlesMgcRawSpatialStacker.kt:12083:44: error: unresolved reference: GLES30
            "renderer=${GLES30.glGetString(GLES30.GL_RENDERER).orEmpty()} version=$version " +
                                           ^
mnt/data/photon_26753_work/candidate/app/src/main/java/com/hinnka/mycamera/processor/GlesMgcRawSpatialStacker.kt:12090:9: error: unresolved reference: GLES30
        GLES30.glBindBuffer(GLES30.GL_PIXEL_PACK_BUFFER, 0)
        ^
mnt/data/photon_26753_work/candidate/app/src/main/java/com/hinnka/mycamera/processor/GlesMgcRawSpatialStacker.kt:12090:29: error: unresolved reference: GLES30
        GLES30.glBindBuffer(GLES30.GL_PIXEL_PACK_BUFFER, 0)
                            ^
mnt/data/photon_26753_work/candidate/app/src/main/java/com/hinnka/mycamera/processor/GlesMgcRawSpatialStacker.kt:12091:9: error: unresolved reference: GLES30
        GLES30.glBindBuffer(GLES30.GL_PIXEL_UNPACK_BUFFER, 0)
        ^
mnt/data/photon_26753_work/candidate/app/src/main/java/com/hinnka/mycamera/processor/GlesMgcRawSpatialStacker.kt:12091:29: error: unresolved reference: GLES30
        GLES30.glBindBuffer(GLES30.GL_PIXEL_UNPACK_BUFFER, 0)
                            ^
mnt/data/photon_26753_work/candidate/app/src/main/java/com/hinnka/mycamera/processor/GlesMgcRawSpatialStacker.kt:12092:9: error: unresolved reference: GLES30
        GLES30.glActiveTexture(GLES30.GL_TEXTURE0)
        ^
mnt/data/photon_26753_work/candidate/app/src/main/java/com/hinnka/mycamera/processor/GlesMgcRawSpatialStacker.kt:12092:32: error: unresolved reference: GLES30
        GLES30.glActiveTexture(GLES30.GL_TEXTURE0)
                               ^
mnt/data/photon_26753_work/candidate/app/src/main/java/com/hinnka/mycamera/processor/GlesMgcRawSpatialStacker.kt:12093:9: error: unresolved reference: GLES30
        GLES30.glDisable(GLES30.GL_BLEND)
        ^
mnt/data/photon_26753_work/candidate/app/src/main/java/com/hinnka/mycamera/processor/GlesMgcRawSpatialStacker.kt:12093:26: error: unresolved reference: GLES30
        GLES30.glDisable(GLES30.GL_BLEND)
                         ^
mnt/data/photon_26753_work/candidate/app/src/main/java/com/hinnka/mycamera/processor/GlesMgcRawSpatialStacker.kt:12094:9: error: unresolved reference: GLES30
        GLES30.glDisable(GLES30.GL_DITHER)
        ^
mnt/data/photon_26753_work/candidate/app/src/main/java/com/hinnka/mycamera/processor/GlesMgcRawSpatialStacker.kt:12094:26: error: unresolved reference: GLES30
        GLES30.glDisable(GLES30.GL_DITHER)
                         ^
mnt/data/photon_26753_work/candidate/app/src/main/java/com/hinnka/mycamera/processor/GlesMgcRawSpatialStacker.kt:12095:9: error: unresolved reference: GLES30
        GLES30.glDisable(GLES30.GL_SCISSOR_TEST)
        ^
mnt/data/photon_26753_work/candidate/app/src/main/java/com/hinnka/mycamera/processor/GlesMgcRawSpatialStacker.kt:12095:26: error: unresolved reference: GLES30
        GLES30.glDisable(GLES30.GL_SCISSOR_TEST)
                         ^
mnt/data/photon_26753_work/candidate/app/src/main/java/com/hinnka/mycamera/processor/GlesMgcRawSpatialStacker.kt:12096:9: error: unresolved reference: GLES30
        GLES30.glDisable(GLES30.GL_DEPTH_TEST)
        ^
mnt/data/photon_26753_work/candidate/app/src/main/java/com/hinnka/mycamera/processor/GlesMgcRawSpatialStacker.kt:12096:26: error: unresolved reference: GLES30
        GLES30.glDisable(GLES30.GL_DEPTH_TEST)
                         ^
mnt/data/photon_26753_work/candidate/app/src/main/java/com/hinnka/mycamera/processor/GlesMgcRawSpatialStacker.kt:12097:9: error: unresolved reference: GLES30
        GLES30.glDisable(GLES30.GL_STENCIL_TEST)
        ^
mnt/data/photon_26753_work/candidate/app/src/main/java/com/hinnka/mycamera/processor/GlesMgcRawSpatialStacker.kt:12097:26: error: unresolved reference: GLES30
        GLES30.glDisable(GLES30.GL_STENCIL_TEST)
                         ^
mnt/data/photon_26753_work/candidate/app/src/main/java/com/hinnka/mycamera/processor/GlesMgcRawSpatialStacker.kt:12098:9: error: unresolved reference: GLES30
        GLES30.glDisable(GLES30.GL_CULL_FACE)
        ^
mnt/data/photon_26753_work/candidate/app/src/main/java/com/hinnka/mycamera/processor/GlesMgcRawSpatialStacker.kt:12098:26: error: unresolved reference: GLES30
        GLES30.glDisable(GLES30.GL_CULL_FACE)
                         ^
mnt/data/photon_26753_work/candidate/app/src/main/java/com/hinnka/mycamera/processor/GlesMgcRawSpatialStacker.kt:12102:21: error: unresolved reference: GLES30
        var error = GLES30.glGetError()
                    ^
mnt/data/photon_26753_work/candidate/app/src/main/java/com/hinnka/mycamera/processor/GlesMgcRawSpatialStacker.kt:12103:22: error: unresolved reference: GLES30
        if (error == GLES30.GL_NO_ERROR) return
                     ^
mnt/data/photon_26753_work/candidate/app/src/main/java/com/hinnka/mycamera/processor/GlesMgcRawSpatialStacker.kt:12105:25: error: unresolved reference: GLES30
        while (error != GLES30.GL_NO_ERROR) {
                        ^
mnt/data/photon_26753_work/candidate/app/src/main/java/com/hinnka/mycamera/processor/GlesMgcRawSpatialStacker.kt:12106:21: error: unresolved reference: GLES30
            error = GLES30.glGetError()
                    ^
mnt/data/photon_26753_work/candidate/app/src/main/java/com/hinnka/mycamera/processor/GlesMgcRawSpatialStacker.kt:12114:27: error: unresolved reference: EGL14
        if (eglDisplay != EGL14.EGL_NO_DISPLAY) {
                          ^
mnt/data/photon_26753_work/candidate/app/src/main/java/com/hinnka/mycamera/processor/GlesMgcRawSpatialStacker.kt:12116:43: error: unresolved reference: GLES30
                for (program in programs) GLES30.glDeleteProgram(program)
                                          ^
mnt/data/photon_26753_work/candidate/app/src/main/java/com/hinnka/mycamera/processor/GlesMgcRawSpatialStacker.kt:12122:17: error: unresolved reference: GLES30
                GLES30.glDeleteTextures(textures.size, textures.toIntArray(), 0)
                ^
mnt/data/photon_26753_work/candidate/app/src/main/java/com/hinnka/mycamera/processor/GlesMgcRawSpatialStacker.kt:12125:17: error: unresolved reference: GLES30
                GLES30.glDeleteFramebuffers(framebuffers.size, framebuffers.toIntArray(), 0)
                ^
mnt/data/photon_26753_work/candidate/app/src/main/java/com/hinnka/mycamera/processor/GlesMgcRawSpatialStacker.kt:12128:17: error: unresolved reference: GLES30
                GLES30.glDeleteBuffers(buffers.size, buffers.toIntArray(), 0)
                ^
mnt/data/photon_26753_work/candidate/app/src/main/java/com/hinnka/mycamera/processor/GlesMgcRawSpatialStacker.kt:12131:17: error: unresolved reference: EGL14
                EGL14.eglMakeCurrent(
                ^
mnt/data/photon_26753_work/candidate/app/src/main/java/com/hinnka/mycamera/processor/GlesMgcRawSpatialStacker.kt:12133:21: error: unresolved reference: EGL14
                    EGL14.EGL_NO_SURFACE,
                    ^
mnt/data/photon_26753_work/candidate/app/src/main/java/com/hinnka/mycamera/processor/GlesMgcRawSpatialStacker.kt:12134:21: error: unresolved reference: EGL14
                    EGL14.EGL_NO_SURFACE,
                    ^
mnt/data/photon_26753_work/candidate/app/src/main/java/com/hinnka/mycamera/processor/GlesMgcRawSpatialStacker.kt:12135:21: error: unresolved reference: EGL14
                    EGL14.EGL_NO_CONTEXT,
                    ^
mnt/data/photon_26753_work/candidate/app/src/main/java/com/hinnka/mycamera/processor/GlesMgcRawSpatialStacker.kt:12137:35: error: unresolved reference: EGL14
                if (eglSurface != EGL14.EGL_NO_SURFACE) {
                                  ^
mnt/data/photon_26753_work/candidate/app/src/main/java/com/hinnka/mycamera/processor/GlesMgcRawSpatialStacker.kt:12138:21: error: unresolved reference: EGL14
                    EGL14.eglDestroySurface(eglDisplay, eglSurface)
                    ^
mnt/data/photon_26753_work/candidate/app/src/main/java/com/hinnka/mycamera/processor/GlesMgcRawSpatialStacker.kt:12140:35: error: unresolved reference: EGL14
                if (eglContext != EGL14.EGL_NO_CONTEXT) {
                                  ^
mnt/data/photon_26753_work/candidate/app/src/main/java/com/hinnka/mycamera/processor/GlesMgcRawSpatialStacker.kt:12141:21: error: unresolved reference: EGL14
                    EGL14.eglDestroyContext(eglDisplay, eglContext)
                    ^
mnt/data/photon_26753_work/candidate/app/src/main/java/com/hinnka/mycamera/processor/GlesMgcRawSpatialStacker.kt:12143:17: error: unresolved reference: EGL14
                EGL14.eglTerminate(eglDisplay)
                ^
mnt/data/photon_26753_work/candidate/app/src/main/java/com/hinnka/mycamera/processor/GlesMgcRawSpatialStacker.kt:12150:22: error: unresolved reference: EGL14
        eglDisplay = EGL14.EGL_NO_DISPLAY
                     ^
mnt/data/photon_26753_work/candidate/app/src/main/java/com/hinnka/mycamera/processor/GlesMgcRawSpatialStacker.kt:12151:22: error: unresolved reference: EGL14
        eglContext = EGL14.EGL_NO_CONTEXT
                     ^
mnt/data/photon_26753_work/candidate/app/src/main/java/com/hinnka/mycamera/processor/GlesMgcRawSpatialStacker.kt:12152:22: error: unresolved reference: EGL14
        eglSurface = EGL14.EGL_NO_SURFACE
                     ^
mnt/data/photon_26753_work/candidate/app/src/main/java/com/hinnka/mycamera/processor/GlesMgcRawSpatialStacker.kt:12199:9: error: unresolved reference: MgcSpatialRgbTilePlanner
        MgcSpatialRgbTilePlanner.DEFAULT_OUTPUT_TILE_SIZE,
        ^
mnt/data/photon_26753_work/candidate/app/src/main/java/com/hinnka/mycamera/processor/GlesMgcRawSpatialStacker.kt:12224:22: error: unresolved reference: LargeDirectBuffer
        val buffer = LargeDirectBuffer.allocate(bytes.toLong(), label)
                     ^
mnt/data/photon_26753_work/candidate/app/src/main/java/com/hinnka/mycamera/processor/GlesMgcRawSpatialStacker.kt:12229:13: error: unresolved reference: GLES30
            GLES30.glBindBuffer(GLES30.GL_PIXEL_PACK_BUFFER, 0)
            ^
mnt/data/photon_26753_work/candidate/app/src/main/java/com/hinnka/mycamera/processor/GlesMgcRawSpatialStacker.kt:12229:33: error: unresolved reference: GLES30
            GLES30.glBindBuffer(GLES30.GL_PIXEL_PACK_BUFFER, 0)
                                ^
mnt/data/photon_26753_work/candidate/app/src/main/java/com/hinnka/mycamera/processor/GlesMgcRawSpatialStacker.kt:12230:13: error: unresolved reference: GLES30
            GLES30.glPixelStorei(GLES30.GL_PACK_ALIGNMENT, 1)
            ^
mnt/data/photon_26753_work/candidate/app/src/main/java/com/hinnka/mycamera/processor/GlesMgcRawSpatialStacker.kt:12230:34: error: unresolved reference: GLES30
            GLES30.glPixelStorei(GLES30.GL_PACK_ALIGNMENT, 1)
                                 ^
mnt/data/photon_26753_work/candidate/app/src/main/java/com/hinnka/mycamera/processor/GlesMgcRawSpatialStacker.kt:12231:13: error: unresolved reference: GLES30
            GLES30.glReadPixels(0, 0, width, height, format, type, buffer)
            ^
mnt/data/photon_26753_work/candidate/app/src/main/java/com/hinnka/mycamera/processor/GlesMgcRawSpatialStacker.kt:12232:13: error: unresolved reference: GLES30
            GLES30.glBindFramebuffer(GLES30.GL_FRAMEBUFFER, 0)
            ^
mnt/data/photon_26753_work/candidate/app/src/main/java/com/hinnka/mycamera/processor/GlesMgcRawSpatialStacker.kt:12232:38: error: unresolved reference: GLES30
            GLES30.glBindFramebuffer(GLES30.GL_FRAMEBUFFER, 0)
                                     ^
mnt/data/photon_26753_work/candidate/app/src/main/java/com/hinnka/mycamera/processor/GlesMgcRawSpatialStacker.kt:12234:20: error: unresolved reference: position
            buffer.position(0)
                   ^
mnt/data/photon_26753_work/candidate/app/src/main/java/com/hinnka/mycamera/processor/GlesMgcRawSpatialStacker.kt:12235:20: error: unresolved reference: limit
            buffer.limit(bytes)
                   ^
mnt/data/photon_26753_work/candidate/app/src/main/java/com/hinnka/mycamera/processor/GlesMgcRawSpatialStacker.kt:12237:31: error: unresolved reference: hasRemaining
                while (buffer.hasRemaining()) channel.write(buffer)
                              ^
mnt/data/photon_26753_work/candidate/app/src/main/java/com/hinnka/mycamera/processor/GlesMgcRawSpatialStacker.kt:12237:55: error: overload resolution ambiguity: 
public abstract fun write(p0: ByteBuffer!): Int defined in java.nio.channels.FileChannel
public final fun write(p0: Array<(out) ByteBuffer!>!): Long defined in java.nio.channels.FileChannel
                while (buffer.hasRemaining()) channel.write(buffer)
                                                      ^
mnt/data/photon_26753_work/candidate/app/src/main/java/com/hinnka/mycamera/processor/GlesMgcRawSpatialStacker.kt:12240:13: error: unresolved reference: LargeDirectBuffer
            LargeDirectBuffer.free(buffer)
            ^
mnt/data/photon_26753_work/candidate/app/src/main/java/com/hinnka/mycamera/processor/GlesMgcRawSpatialStacker.kt:12406:9: error: unresolved reference: GLES30
        GLES30.glBindBuffer(GLES30.GL_PIXEL_PACK_BUFFER, 0)
        ^
mnt/data/photon_26753_work/candidate/app/src/main/java/com/hinnka/mycamera/processor/GlesMgcRawSpatialStacker.kt:12406:29: error: unresolved reference: GLES30
        GLES30.glBindBuffer(GLES30.GL_PIXEL_PACK_BUFFER, 0)
                            ^
mnt/data/photon_26753_work/candidate/app/src/main/java/com/hinnka/mycamera/processor/GlesMgcRawSpatialStacker.kt:12407:9: error: unresolved reference: GLES30
        GLES30.glPixelStorei(GLES30.GL_PACK_ALIGNMENT, 1)
        ^
mnt/data/photon_26753_work/candidate/app/src/main/java/com/hinnka/mycamera/processor/GlesMgcRawSpatialStacker.kt:12407:30: error: unresolved reference: GLES30
        GLES30.glPixelStorei(GLES30.GL_PACK_ALIGNMENT, 1)
                             ^
mnt/data/photon_26753_work/candidate/app/src/main/java/com/hinnka/mycamera/processor/GlesMgcRawSpatialStacker.kt:12408:9: error: unresolved reference: GLES30
        GLES30.glReadPixels(
        ^
mnt/data/photon_26753_work/candidate/app/src/main/java/com/hinnka/mycamera/processor/GlesMgcRawSpatialStacker.kt:12410:13: error: unresolved reference: GLES30
            GLES30.GL_RGBA, GLES30.GL_HALF_FLOAT, readback,
            ^
mnt/data/photon_26753_work/candidate/app/src/main/java/com/hinnka/mycamera/processor/GlesMgcRawSpatialStacker.kt:12410:29: error: unresolved reference: GLES30
            GLES30.GL_RGBA, GLES30.GL_HALF_FLOAT, readback,
                            ^
mnt/data/photon_26753_work/candidate/app/src/main/java/com/hinnka/mycamera/processor/GlesMgcRawSpatialStacker.kt:12412:9: error: unresolved reference: GLES30
        GLES30.glBindFramebuffer(GLES30.GL_FRAMEBUFFER, 0)
        ^
mnt/data/photon_26753_work/candidate/app/src/main/java/com/hinnka/mycamera/processor/GlesMgcRawSpatialStacker.kt:12412:34: error: unresolved reference: GLES30
        GLES30.glBindFramebuffer(GLES30.GL_FRAMEBUFFER, 0)
                                 ^
mnt/data/photon_26753_work/candidate/app/src/main/java/com/hinnka/mycamera/processor/GlesMgcRawSpatialStacker.kt:12420:25: error: unresolved reference: Half
            val flowX = Half.toFloat(half.get(index * 4)) * width
                        ^
mnt/data/photon_26753_work/candidate/app/src/main/java/com/hinnka/mycamera/processor/GlesMgcRawSpatialStacker.kt:12421:25: error: unresolved reference: Half
            val flowY = Half.toFloat(half.get(index * 4 + 1)) * height
                        ^
mnt/data/photon_26753_work/candidate/app/src/main/java/com/hinnka/mycamera/processor/GlesMgcRawSpatialStacker.kt:12422:36: error: unresolved reference: Half
            val residual = max(0f, Half.toFloat(half.get(index * 4 + 3)))
                                   ^
mnt/data/photon_26753_work/candidate/app/src/main/java/com/hinnka/mycamera/processor/GlesMgcRawSpatialStacker.kt:12459:9: error: unresolved reference: PLog
        PLog.i(SABRE_TAG, "IRIS_26606_SHORT_AFFINE_RESIDUAL_STATS $residualDetails")
        ^
mnt/data/photon_26753_work/candidate/app/src/main/java/com/hinnka/mycamera/processor/GlesMgcRawSpatialStacker.kt:12460:9: error: unresolved reference: MotionTrace
        MotionTrace.processingState("IRIS_26606_SHORT_AFFINE_RESIDUAL_STATS", residualDetails)
        ^
mnt/data/photon_26753_work/candidate/app/src/main/java/com/hinnka/mycamera/processor/GlesMgcRawSpatialStacker.kt:12469:9: error: unresolved reference: PLog
        PLog.i(SABRE_TAG, "IRIS_26625_SHORT_FALLBACK_AFFINE $fallbackDetails")
        ^
mnt/data/photon_26753_work/candidate/app/src/main/java/com/hinnka/mycamera/processor/GlesMgcRawSpatialStacker.kt:12470:9: error: unresolved reference: MotionTrace
        MotionTrace.processingState("IRIS_26625_SHORT_FALLBACK_AFFINE", fallbackDetails)
        ^
mnt/data/photon_26753_work/candidate/app/src/main/java/com/hinnka/mycamera/processor/GlesMgcRawSpatialStacker.kt:12477:22: error: unresolved reference: LargeDirectBuffer
        val output = LargeDirectBuffer.allocate(bytes.toLong(), "IRIS26564 true2x flow")
                     ^
mnt/data/photon_26753_work/candidate/app/src/main/java/com/hinnka/mycamera/processor/GlesMgcRawSpatialStacker.kt:12481:9: error: unresolved reference: GLES30
        GLES30.glBindBuffer(GLES30.GL_PIXEL_PACK_BUFFER, 0)
        ^
mnt/data/photon_26753_work/candidate/app/src/main/java/com/hinnka/mycamera/processor/GlesMgcRawSpatialStacker.kt:12481:29: error: unresolved reference: GLES30
        GLES30.glBindBuffer(GLES30.GL_PIXEL_PACK_BUFFER, 0)
                            ^
mnt/data/photon_26753_work/candidate/app/src/main/java/com/hinnka/mycamera/processor/GlesMgcRawSpatialStacker.kt:12482:9: error: unresolved reference: GLES30
        GLES30.glPixelStorei(GLES30.GL_PACK_ALIGNMENT, 1)
        ^
mnt/data/photon_26753_work/candidate/app/src/main/java/com/hinnka/mycamera/processor/GlesMgcRawSpatialStacker.kt:12482:30: error: unresolved reference: GLES30
        GLES30.glPixelStorei(GLES30.GL_PACK_ALIGNMENT, 1)
                             ^
mnt/data/photon_26753_work/candidate/app/src/main/java/com/hinnka/mycamera/processor/GlesMgcRawSpatialStacker.kt:12483:9: error: unresolved reference: GLES30
        GLES30.glReadPixels(
        ^
mnt/data/photon_26753_work/candidate/app/src/main/java/com/hinnka/mycamera/processor/GlesMgcRawSpatialStacker.kt:12485:13: error: unresolved reference: GLES30
            GLES30.GL_RGBA, GLES30.GL_HALF_FLOAT, output,
            ^
mnt/data/photon_26753_work/candidate/app/src/main/java/com/hinnka/mycamera/processor/GlesMgcRawSpatialStacker.kt:12485:29: error: unresolved reference: GLES30
            GLES30.GL_RGBA, GLES30.GL_HALF_FLOAT, output,
                            ^
mnt/data/photon_26753_work/candidate/app/src/main/java/com/hinnka/mycamera/processor/GlesMgcRawSpatialStacker.kt:12487:9: error: unresolved reference: GLES30
        GLES30.glBindFramebuffer(GLES30.GL_FRAMEBUFFER, 0)
        ^
mnt/data/photon_26753_work/candidate/app/src/main/java/com/hinnka/mycamera/processor/GlesMgcRawSpatialStacker.kt:12487:34: error: unresolved reference: GLES30
        GLES30.glBindFramebuffer(GLES30.GL_FRAMEBUFFER, 0)
                                 ^
mnt/data/photon_26753_work/candidate/app/src/main/java/com/hinnka/mycamera/processor/GlesMgcRawSpatialStacker.kt:12489:16: error: unresolved reference: position
        output.position(0)
               ^
mnt/data/photon_26753_work/candidate/app/src/main/java/com/hinnka/mycamera/processor/GlesMgcRawSpatialStacker.kt:12490:29: error: unresolved reference: asShortBuffer
        val shorts = output.asShortBuffer()
                            ^
mnt/data/photon_26753_work/candidate/app/src/main/java/com/hinnka/mycamera/processor/GlesMgcRawSpatialStacker.kt:12494:37: error: unresolved reference: Half
            val x = kotlin.math.abs(Half.toFloat(shorts.get(index * 4))) * width
                                    ^
mnt/data/photon_26753_work/candidate/app/src/main/java/com/hinnka/mycamera/processor/GlesMgcRawSpatialStacker.kt:12495:37: error: unresolved reference: Half
            val y = kotlin.math.abs(Half.toFloat(shorts.get(index * 4 + 1))) * height
                                    ^
mnt/data/photon_26753_work/candidate/app/src/main/java/com/hinnka/mycamera/processor/GlesMgcRawSpatialStacker.kt:12499:16: error: unresolved reference: position
        output.position(0)
               ^
mnt/data/photon_26753_work/candidate/app/src/main/java/com/hinnka/mycamera/processor/GlesMgcRawSpatialStacker.kt:12510:22: error: unresolved reference: Half
            val fx = Half.toFloat(values.get(index * 4)) * width
                     ^
mnt/data/photon_26753_work/candidate/app/src/main/java/com/hinnka/mycamera/processor/GlesMgcRawSpatialStacker.kt:12511:22: error: unresolved reference: Half
            val fy = Half.toFloat(values.get(index * 4 + 1)) * height
                     ^
mnt/data/photon_26753_work/candidate/app/src/main/java/com/hinnka/mycamera/processor/GlesMgcRawSpatialStacker.kt:12541:21: error: unresolved reference: GlesMgcRawSabreShaders
                    GlesMgcRawSabreShaders.highZoomFlowRefine26724,
                    ^
mnt/data/photon_26753_work/candidate/app/src/main/java/com/hinnka/mycamera/processor/GlesMgcRawSpatialStacker.kt:12549:21: error: unresolved reference: GlesMgcRawSabreShaders
                    GlesMgcRawSabreShaders.true2xFlowRefine26574,
                    ^
mnt/data/photon_26753_work/candidate/app/src/main/java/com/hinnka/mycamera/processor/GlesMgcRawSpatialStacker.kt:12557:63: error: unresolved reference: GLES30
        val output = createTexture(outputWidth, outputHeight, GLES30.GL_RGBA16F, GLES30.GL_LINEAR)
                                                              ^
mnt/data/photon_26753_work/candidate/app/src/main/java/com/hinnka/mycamera/processor/GlesMgcRawSpatialStacker.kt:12557:82: error: unresolved reference: GLES30
        val output = createTexture(outputWidth, outputHeight, GLES30.GL_RGBA16F, GLES30.GL_LINEAR)
                                                                                 ^
mnt/data/photon_26753_work/candidate/app/src/main/java/com/hinnka/mycamera/processor/GlesMgcRawSpatialStacker.kt:12558:9: error: unresolved reference: GLES30
        GLES30.glUseProgram(program)
        ^
mnt/data/photon_26753_work/candidate/app/src/main/java/com/hinnka/mycamera/processor/GlesMgcRawSpatialStacker.kt:12588:30: error: unresolved reference: Half
            val confidence = Half.toFloat(values.get(index * 4 + 3))
                             ^
mnt/data/photon_26753_work/candidate/app/src/main/java/com/hinnka/mycamera/processor/GlesMgcRawSpatialStacker.kt:12609:30: error: unresolved reference: Half
            val confidence = Half.toFloat(values.get(index * 4 + 3))
                             ^
mnt/data/photon_26753_work/candidate/app/src/main/java/com/hinnka/mycamera/processor/GlesMgcRawSpatialStacker.kt:12611:24: error: unresolved reference: Half
            val rawX = Half.toFloat(values.get(index * 4)) * width.toFloat()
                       ^
mnt/data/photon_26753_work/candidate/app/src/main/java/com/hinnka/mycamera/processor/GlesMgcRawSpatialStacker.kt:12612:24: error: unresolved reference: Half
            val rawY = Half.toFloat(values.get(index * 4 + 1)) * height.toFloat()
                       ^
mnt/data/photon_26753_work/candidate/app/src/main/java/com/hinnka/mycamera/processor/GlesMgcRawSpatialStacker.kt:12676:21: error: unresolved reference: LargeDirectBuffer
                    LargeDirectBuffer.free(selectionFlowData)
                    ^
mnt/data/photon_26753_work/candidate/app/src/main/java/com/hinnka/mycamera/processor/GlesMgcRawSpatialStacker.kt:12677:21: error: unresolved reference: PLog
                    PLog.i(SABRE_TAG, "IRIS_26568_TRUE2X_PHASE_SKIP frame=$frameIndex phase=$phaseBin " +
                    ^
mnt/data/photon_26753_work/candidate/app/src/main/java/com/hinnka/mycamera/processor/GlesMgcRawSpatialStacker.kt:12701:13: error: not enough information to infer type variable R
            runCatching {
            ^
mnt/data/photon_26753_work/candidate/app/src/main/java/com/hinnka/mycamera/processor/GlesMgcRawSpatialStacker.kt:12728:21: error: unresolved reference: LargeDirectBuffer
                    LargeDirectBuffer.free(previousFlowData)
                    ^
mnt/data/photon_26753_work/candidate/app/src/main/java/com/hinnka/mycamera/processor/GlesMgcRawSpatialStacker.kt:12737:21: error: unresolved reference: PLog
                    PLog.i(SABRE_TAG, "$refineMarker $details")
                    ^
mnt/data/photon_26753_work/candidate/app/src/main/java/com/hinnka/mycamera/processor/GlesMgcRawSpatialStacker.kt:12738:21: error: unresolved reference: MotionTrace
                    MotionTrace.processingState(refineMarker, details)
                    ^
mnt/data/photon_26753_work/candidate/app/src/main/java/com/hinnka/mycamera/processor/GlesMgcRawSpatialStacker.kt:12740:21: error: unresolved reference: LargeDirectBuffer
                    LargeDirectBuffer.free(refinedDataToFree)
                    ^
mnt/data/photon_26753_work/candidate/app/src/main/java/com/hinnka/mycamera/processor/GlesMgcRawSpatialStacker.kt:12743:27: error: cannot infer a type for this parameter. Please specify it explicitly.
            }.onFailure { error ->
                          ^
mnt/data/photon_26753_work/candidate/app/src/main/java/com/hinnka/mycamera/processor/GlesMgcRawSpatialStacker.kt:12746:17: error: unresolved reference: PLog
                PLog.e(SABRE_TAG, "$refineMarker frame=$frameIndex reason=${error.message}", error)
                ^
mnt/data/photon_26753_work/candidate/app/src/main/java/com/hinnka/mycamera/processor/GlesMgcRawSpatialStacker.kt:12753:13: error: unresolved reference: GLES30
            GLES30.GL_RGBA, GLES30.GL_UNSIGNED_INT_2_10_10_10_REV, 4,
            ^
mnt/data/photon_26753_work/candidate/app/src/main/java/com/hinnka/mycamera/processor/GlesMgcRawSpatialStacker.kt:12753:29: error: unresolved reference: GLES30
            GLES30.GL_RGBA, GLES30.GL_UNSIGNED_INT_2_10_10_10_REV, 4,
                            ^
mnt/data/photon_26753_work/candidate/app/src/main/java/com/hinnka/mycamera/processor/GlesMgcRawSpatialStacker.kt:12789:13: error: unresolved reference: PLog
            PLog.i(SABRE_TAG, "IRIS_26568_TRUE2X_PHASE_RETAIN frame=$frameIndex phase=$phaseBin " +
            ^
mnt/data/photon_26753_work/candidate/app/src/main/java/com/hinnka/mycamera/processor/GlesMgcRawSpatialStacker.kt:12807:22: error: unresolved reference: LargeDirectBuffer
        val output = LargeDirectBuffer.allocate(byteCount.toLong(), label)
                     ^
mnt/data/photon_26753_work/candidate/app/src/main/java/com/hinnka/mycamera/processor/GlesMgcRawSpatialStacker.kt:12813:24: error: unresolved reference: position
                output.position(row * regionWidth * bytesPerPixel)
                       ^
mnt/data/photon_26753_work/candidate/app/src/main/java/com/hinnka/mycamera/processor/GlesMgcRawSpatialStacker.kt:12814:24: error: unresolved reference: limit
                output.limit((row + 1) * regionWidth * bytesPerPixel)
                       ^
mnt/data/photon_26753_work/candidate/app/src/main/java/com/hinnka/mycamera/processor/GlesMgcRawSpatialStacker.kt:12816:31: error: unresolved reference: hasRemaining
                while (output.hasRemaining()) {
                              ^
mnt/data/photon_26753_work/candidate/app/src/main/java/com/hinnka/mycamera/processor/GlesMgcRawSpatialStacker.kt:12824:16: error: unresolved reference: position
        output.position(0)
               ^
mnt/data/photon_26753_work/candidate/app/src/main/java/com/hinnka/mycamera/processor/GlesMgcRawSpatialStacker.kt:12825:16: error: unresolved reference: limit
        output.limit(byteCount)
               ^
mnt/data/photon_26753_work/candidate/app/src/main/java/com/hinnka/mycamera/processor/GlesMgcRawSpatialStacker.kt:12830:16: error: unresolved reference: SafeImage
        image: SafeImage,
               ^
mnt/data/photon_26753_work/candidate/app/src/main/java/com/hinnka/mycamera/processor/GlesMgcRawSpatialStacker.kt:12847:23: error: unresolved reference: pixelStride
        require(plane.pixelStride == RAW_BYTES_PER_PIXEL)
                      ^
mnt/data/photon_26753_work/candidate/app/src/main/java/com/hinnka/mycamera/processor/GlesMgcRawSpatialStacker.kt:12848:23: error: unresolved reference: rowStride
        require(plane.rowStride >= width * RAW_BYTES_PER_PIXEL)
                      ^
mnt/data/photon_26753_work/candidate/app/src/main/java/com/hinnka/mycamera/processor/GlesMgcRawSpatialStacker.kt:12849:23: error: unresolved reference: rowStride
        require(plane.rowStride % RAW_BYTES_PER_PIXEL == 0)
                      ^
mnt/data/photon_26753_work/candidate/app/src/main/java/com/hinnka/mycamera/processor/GlesMgcRawSpatialStacker.kt:12850:28: error: unresolved reference: buffer
        val source = plane.buffer.duplicate().order(ByteOrder.nativeOrder())
                           ^
mnt/data/photon_26753_work/candidate/app/src/main/java/com/hinnka/mycamera/processor/GlesMgcRawSpatialStacker.kt:12851:48: error: unresolved reference: rowStride
        val sourceStart = top.toLong() * plane.rowStride + left.toLong() * RAW_BYTES_PER_PIXEL
                                               ^
mnt/data/photon_26753_work/candidate/app/src/main/java/com/hinnka/mycamera/processor/GlesMgcRawSpatialStacker.kt:12853:41: error: unresolved reference: rowStride
            (regionHeight - 1L) * plane.rowStride + regionWidth.toLong() * RAW_BYTES_PER_PIXEL
                                        ^
mnt/data/photon_26753_work/candidate/app/src/main/java/com/hinnka/mycamera/processor/GlesMgcRawSpatialStacker.kt:12861:53: error: unresolved reference: rowStride
            slice, regionWidth, regionHeight, plane.rowStride / RAW_BYTES_PER_PIXEL,
                                                    ^
mnt/data/photon_26753_work/candidate/app/src/main/java/com/hinnka/mycamera/processor/GlesMgcRawSpatialStacker.kt:12935:22: error: unresolved reference: LargeDirectBuffer
        val buffer = LargeDirectBuffer.allocate(byteCount.toLong(), label)
                     ^
mnt/data/photon_26753_work/candidate/app/src/main/java/com/hinnka/mycamera/processor/GlesMgcRawSpatialStacker.kt:12939:32: error: unresolved reference: asLongBuffer
            val longs = buffer.asLongBuffer()
                               ^
mnt/data/photon_26753_work/candidate/app/src/main/java/com/hinnka/mycamera/processor/GlesMgcRawSpatialStacker.kt:12941:91: error: unresolved reference: put
            for (index in longs.capacity() * java.lang.Long.BYTES until byteCount) buffer.put(index, 0.toByte())
                                                                                          ^
mnt/data/photon_26753_work/candidate/app/src/main/java/com/hinnka/mycamera/processor/GlesMgcRawSpatialStacker.kt:12943:16: error: unresolved reference: position
        buffer.position(0)
               ^
mnt/data/photon_26753_work/candidate/app/src/main/java/com/hinnka/mycamera/processor/GlesMgcRawSpatialStacker.kt:12944:16: error: unresolved reference: limit
        buffer.limit(byteCount)
               ^
mnt/data/photon_26753_work/candidate/app/src/main/java/com/hinnka/mycamera/processor/GlesMgcRawSpatialStacker.kt:12998:13: error: unresolved reference: GLES30
            GLES30.glBindBuffer(GLES30.GL_PIXEL_PACK_BUFFER, 0)
            ^
mnt/data/photon_26753_work/candidate/app/src/main/java/com/hinnka/mycamera/processor/GlesMgcRawSpatialStacker.kt:12998:33: error: unresolved reference: GLES30
            GLES30.glBindBuffer(GLES30.GL_PIXEL_PACK_BUFFER, 0)
                                ^
mnt/data/photon_26753_work/candidate/app/src/main/java/com/hinnka/mycamera/processor/GlesMgcRawSpatialStacker.kt:12999:13: error: unresolved reference: GLES30
            GLES30.glPixelStorei(GLES30.GL_PACK_ALIGNMENT, Float.SIZE_BYTES)
            ^
mnt/data/photon_26753_work/candidate/app/src/main/java/com/hinnka/mycamera/processor/GlesMgcRawSpatialStacker.kt:12999:34: error: unresolved reference: GLES30
            GLES30.glPixelStorei(GLES30.GL_PACK_ALIGNMENT, Float.SIZE_BYTES)
                                 ^
mnt/data/photon_26753_work/candidate/app/src/main/java/com/hinnka/mycamera/processor/GlesMgcRawSpatialStacker.kt:13002:13: error: unresolved reference: GLES30
            GLES30.glReadPixels(
            ^
mnt/data/photon_26753_work/candidate/app/src/main/java/com/hinnka/mycamera/processor/GlesMgcRawSpatialStacker.kt:13004:17: error: unresolved reference: GLES30
                GLES30.GL_RGBA, GLES30.GL_FLOAT, rgba,
                ^
mnt/data/photon_26753_work/candidate/app/src/main/java/com/hinnka/mycamera/processor/GlesMgcRawSpatialStacker.kt:13004:33: error: unresolved reference: GLES30
                GLES30.GL_RGBA, GLES30.GL_FLOAT, rgba,
                                ^
mnt/data/photon_26753_work/candidate/app/src/main/java/com/hinnka/mycamera/processor/GlesMgcRawSpatialStacker.kt:13007:13: error: unresolved reference: GLES30
            GLES30.glBindFramebuffer(GLES30.GL_FRAMEBUFFER, 0)
            ^
mnt/data/photon_26753_work/candidate/app/src/main/java/com/hinnka/mycamera/processor/GlesMgcRawSpatialStacker.kt:13007:38: error: unresolved reference: GLES30
            GLES30.glBindFramebuffer(GLES30.GL_FRAMEBUFFER, 0)
                                     ^
mnt/data/photon_26753_work/candidate/app/src/main/java/com/hinnka/mycamera/processor/GlesMgcRawSpatialStacker.kt:13035:13: error: unresolved reference: GLES30
            GLES30.glPixelStorei(GLES30.GL_PACK_ALIGNMENT, 1)
            ^
mnt/data/photon_26753_work/candidate/app/src/main/java/com/hinnka/mycamera/processor/GlesMgcRawSpatialStacker.kt:13035:34: error: unresolved reference: GLES30
            GLES30.glPixelStorei(GLES30.GL_PACK_ALIGNMENT, 1)
                                 ^
mnt/data/photon_26753_work/candidate/app/src/main/java/com/hinnka/mycamera/processor/GlesMgcRawSpatialStacker.kt:13036:13: error: unresolved reference: LargeDirectBuffer
            LargeDirectBuffer.free(rgb)
            ^
mnt/data/photon_26753_work/candidate/app/src/main/java/com/hinnka/mycamera/processor/GlesMgcRawSpatialStacker.kt:13037:13: error: unresolved reference: LargeDirectBuffer
            LargeDirectBuffer.free(rgba)
            ^
mnt/data/photon_26753_work/candidate/app/src/main/java/com/hinnka/mycamera/processor/GlesMgcRawSpatialStacker.kt:13081:13: error: unresolved reference: LargeDirectBuffer
            LargeDirectBuffer.free(chunk)
            ^
mnt/data/photon_26753_work/candidate/app/src/main/java/com/hinnka/mycamera/processor/GlesMgcRawSpatialStacker.kt:13114:13: error: unresolved reference: GLES30
            GLES30.glBindBuffer(GLES30.GL_PIXEL_PACK_BUFFER, 0)
            ^
mnt/data/photon_26753_work/candidate/app/src/main/java/com/hinnka/mycamera/processor/GlesMgcRawSpatialStacker.kt:13114:33: error: unresolved reference: GLES30
            GLES30.glBindBuffer(GLES30.GL_PIXEL_PACK_BUFFER, 0)
                                ^
mnt/data/photon_26753_work/candidate/app/src/main/java/com/hinnka/mycamera/processor/GlesMgcRawSpatialStacker.kt:13115:13: error: unresolved reference: GLES30
            GLES30.glPixelStorei(GLES30.GL_PACK_ALIGNMENT, 1)
            ^
mnt/data/photon_26753_work/candidate/app/src/main/java/com/hinnka/mycamera/processor/GlesMgcRawSpatialStacker.kt:13115:34: error: unresolved reference: GLES30
            GLES30.glPixelStorei(GLES30.GL_PACK_ALIGNMENT, 1)
                                 ^
mnt/data/photon_26753_work/candidate/app/src/main/java/com/hinnka/mycamera/processor/GlesMgcRawSpatialStacker.kt:13117:13: error: unresolved reference: GLES30
            GLES30.glReadPixels(
            ^
mnt/data/photon_26753_work/candidate/app/src/main/java/com/hinnka/mycamera/processor/GlesMgcRawSpatialStacker.kt:13119:17: error: unresolved reference: GLES30
                GLES30.GL_RGBA, GLES30.GL_HALF_FLOAT, rgba,
                ^
mnt/data/photon_26753_work/candidate/app/src/main/java/com/hinnka/mycamera/processor/GlesMgcRawSpatialStacker.kt:13119:33: error: unresolved reference: GLES30
                GLES30.GL_RGBA, GLES30.GL_HALF_FLOAT, rgba,
                                ^
mnt/data/photon_26753_work/candidate/app/src/main/java/com/hinnka/mycamera/processor/GlesMgcRawSpatialStacker.kt:13121:13: error: unresolved reference: GLES30
            GLES30.glBindFramebuffer(GLES30.GL_FRAMEBUFFER, 0)
            ^
mnt/data/photon_26753_work/candidate/app/src/main/java/com/hinnka/mycamera/processor/GlesMgcRawSpatialStacker.kt:13121:38: error: unresolved reference: GLES30
            GLES30.glBindFramebuffer(GLES30.GL_FRAMEBUFFER, 0)
                                     ^
mnt/data/photon_26753_work/candidate/app/src/main/java/com/hinnka/mycamera/processor/GlesMgcRawSpatialStacker.kt:13134:38: error: unresolved reference: Half
                    val diagnostic = Half.toFloat(rgbaShort.get(index * 4 + 3)).toInt()
                                     ^
mnt/data/photon_26753_work/candidate/app/src/main/java/com/hinnka/mycamera/processor/GlesMgcRawSpatialStacker.kt:13162:13: error: unresolved reference: LargeDirectBuffer
            LargeDirectBuffer.free(rgb)
            ^
mnt/data/photon_26753_work/candidate/app/src/main/java/com/hinnka/mycamera/processor/GlesMgcRawSpatialStacker.kt:13163:13: error: unresolved reference: LargeDirectBuffer
            LargeDirectBuffer.free(rgba)
            ^
mnt/data/photon_26753_work/candidate/app/src/main/java/com/hinnka/mycamera/processor/GlesMgcRawSpatialStacker.kt:13170:68: error: unresolved reference: GpuLinearRgbStorage
        require(exportGpuLinearRgbSource && gpuLinearRgbStorage == GpuLinearRgbStorage.RGBA16F) {
                                                                   ^
mnt/data/photon_26753_work/candidate/app/src/main/java/com/hinnka/mycamera/processor/GlesMgcRawSpatialStacker.kt:13186:9: error: unresolved reference: GLES30
        GLES30.glGenFramebuffers(1, fbo, 0)
        ^
mnt/data/photon_26753_work/candidate/app/src/main/java/com/hinnka/mycamera/processor/GlesMgcRawSpatialStacker.kt:13190:17: error: unresolved reference: GLES30
                GLES30.glBindFramebuffer(GLES30.GL_FRAMEBUFFER, fbo[0])
                ^
mnt/data/photon_26753_work/candidate/app/src/main/java/com/hinnka/mycamera/processor/GlesMgcRawSpatialStacker.kt:13190:42: error: unresolved reference: GLES30
                GLES30.glBindFramebuffer(GLES30.GL_FRAMEBUFFER, fbo[0])
                                         ^
mnt/data/photon_26753_work/candidate/app/src/main/java/com/hinnka/mycamera/processor/GlesMgcRawSpatialStacker.kt:13191:17: error: unresolved reference: GLES30
                GLES30.glFramebufferTexture2D(
                ^
mnt/data/photon_26753_work/candidate/app/src/main/java/com/hinnka/mycamera/processor/GlesMgcRawSpatialStacker.kt:13192:21: error: unresolved reference: GLES30
                    GLES30.GL_FRAMEBUFFER, GLES30.GL_COLOR_ATTACHMENT0,
                    ^
mnt/data/photon_26753_work/candidate/app/src/main/java/com/hinnka/mycamera/processor/GlesMgcRawSpatialStacker.kt:13192:44: error: unresolved reference: GLES30
                    GLES30.GL_FRAMEBUFFER, GLES30.GL_COLOR_ATTACHMENT0,
                                           ^
mnt/data/photon_26753_work/candidate/app/src/main/java/com/hinnka/mycamera/processor/GlesMgcRawSpatialStacker.kt:13193:21: error: unresolved reference: GLES30
                    GLES30.GL_TEXTURE_2D, texture, 0,
                    ^
mnt/data/photon_26753_work/candidate/app/src/main/java/com/hinnka/mycamera/processor/GlesMgcRawSpatialStacker.kt:13195:23: error: unresolved reference: GLES30
                check(GLES30.glCheckFramebufferStatus(GLES30.GL_FRAMEBUFFER) ==
                      ^
mnt/data/photon_26753_work/candidate/app/src/main/java/com/hinnka/mycamera/processor/GlesMgcRawSpatialStacker.kt:13195:55: error: unresolved reference: GLES30
                check(GLES30.glCheckFramebufferStatus(GLES30.GL_FRAMEBUFFER) ==
                                                      ^
mnt/data/photon_26753_work/candidate/app/src/main/java/com/hinnka/mycamera/processor/GlesMgcRawSpatialStacker.kt:13196:21: error: unresolved reference: GLES30
                    GLES30.GL_FRAMEBUFFER_COMPLETE) {
                    ^
mnt/data/photon_26753_work/candidate/app/src/main/java/com/hinnka/mycamera/processor/GlesMgcRawSpatialStacker.kt:13199:17: error: unresolved reference: GLES30
                GLES30.glReadBuffer(GLES30.GL_COLOR_ATTACHMENT0)
                ^
mnt/data/photon_26753_work/candidate/app/src/main/java/com/hinnka/mycamera/processor/GlesMgcRawSpatialStacker.kt:13199:37: error: unresolved reference: GLES30
                GLES30.glReadBuffer(GLES30.GL_COLOR_ATTACHMENT0)
                                    ^
mnt/data/photon_26753_work/candidate/app/src/main/java/com/hinnka/mycamera/processor/GlesMgcRawSpatialStacker.kt:13200:17: error: unresolved reference: GLES30
                GLES30.glPixelStorei(GLES30.GL_PACK_ALIGNMENT, 1)
                ^
mnt/data/photon_26753_work/candidate/app/src/main/java/com/hinnka/mycamera/processor/GlesMgcRawSpatialStacker.kt:13200:38: error: unresolved reference: GLES30
                GLES30.glPixelStorei(GLES30.GL_PACK_ALIGNMENT, 1)
                                     ^
mnt/data/photon_26753_work/candidate/app/src/main/java/com/hinnka/mycamera/processor/GlesMgcRawSpatialStacker.kt:13201:17: error: unresolved reference: GLES30
                GLES30.glPixelStorei(GLES30.GL_PACK_ROW_LENGTH, 0)
                ^
mnt/data/photon_26753_work/candidate/app/src/main/java/com/hinnka/mycamera/processor/GlesMgcRawSpatialStacker.kt:13201:38: error: unresolved reference: GLES30
                GLES30.glPixelStorei(GLES30.GL_PACK_ROW_LENGTH, 0)
                                     ^
mnt/data/photon_26753_work/candidate/app/src/main/java/com/hinnka/mycamera/processor/GlesMgcRawSpatialStacker.kt:13209:21: error: unresolved reference: GLES30
                    GLES30.glReadPixels(
                    ^
mnt/data/photon_26753_work/candidate/app/src/main/java/com/hinnka/mycamera/processor/GlesMgcRawSpatialStacker.kt:13211:25: error: unresolved reference: GLES30
                        GLES30.GL_RGBA, GLES30.GL_HALF_FLOAT, rgba,
                        ^
mnt/data/photon_26753_work/candidate/app/src/main/java/com/hinnka/mycamera/processor/GlesMgcRawSpatialStacker.kt:13211:41: error: unresolved reference: GLES30
                        GLES30.GL_RGBA, GLES30.GL_HALF_FLOAT, rgba,
                                        ^
mnt/data/photon_26753_work/candidate/app/src/main/java/com/hinnka/mycamera/processor/GlesMgcRawSpatialStacker.kt:13228:21: error: unresolved reference: GlesGpuScheduler
                    GlesGpuScheduler.yieldToUiRenderer()
                    ^
mnt/data/photon_26753_work/candidate/app/src/main/java/com/hinnka/mycamera/processor/GlesMgcRawSpatialStacker.kt:13240:13: error: unresolved reference: GLES30
            GLES30.glBindFramebuffer(GLES30.GL_FRAMEBUFFER, 0)
            ^
mnt/data/photon_26753_work/candidate/app/src/main/java/com/hinnka/mycamera/processor/GlesMgcRawSpatialStacker.kt:13240:38: error: unresolved reference: GLES30
            GLES30.glBindFramebuffer(GLES30.GL_FRAMEBUFFER, 0)
                                     ^
mnt/data/photon_26753_work/candidate/app/src/main/java/com/hinnka/mycamera/processor/GlesMgcRawSpatialStacker.kt:13241:30: error: unresolved reference: GLES30
            if (fbo[0] != 0) GLES30.glDeleteFramebuffers(1, fbo, 0)
                             ^
mnt/data/photon_26753_work/candidate/app/src/main/java/com/hinnka/mycamera/processor/GlesMgcRawSpatialStacker.kt:13242:13: error: unresolved reference: LargeDirectBuffer
            LargeDirectBuffer.free(rgb)
            ^
mnt/data/photon_26753_work/candidate/app/src/main/java/com/hinnka/mycamera/processor/GlesMgcRawSpatialStacker.kt:13243:13: error: unresolved reference: LargeDirectBuffer
            LargeDirectBuffer.free(rgba)
            ^
mnt/data/photon_26753_work/candidate/app/src/main/java/com/hinnka/mycamera/processor/GlesMgcRawSpatialStacker.kt:13268:9: error: unresolved reference: PLog
        PLog.i(SABRE_TAG, "IRIS_26568_TRUE2X_PHASE_SUPPORT zero=${percentages[0]} one=${percentages[1]} " +
        ^
mnt/data/photon_26753_work/candidate/app/src/main/java/com/hinnka/mycamera/processor/GlesMgcRawSpatialStacker.kt:13325:22: error: unresolved reference: RawStackFrame
        frames: List<RawStackFrame>,
                     ^
mnt/data/photon_26753_work/candidate/app/src/main/java/com/hinnka/mycamera/processor/GlesMgcRawSpatialStacker.kt:13326:22: error: unresolved reference: SafeImage
        images: List<SafeImage>,
                     ^
mnt/data/photon_26753_work/candidate/app/src/main/java/com/hinnka/mycamera/processor/GlesMgcRawSpatialStacker.kt:13389:37: error: unresolved reference: IrisTrue2xSrNative
                                    IrisTrue2xSrNative.accumulateCpuTileFrame(
                                    ^
mnt/data/photon_26753_work/candidate/app/src/main/java/com/hinnka/mycamera/processor/GlesMgcRawSpatialStacker.kt:13413:33: error: unresolved reference: LargeDirectBuffer
                                LargeDirectBuffer.free(cov)
                                ^
mnt/data/photon_26753_work/candidate/app/src/main/java/com/hinnka/mycamera/processor/GlesMgcRawSpatialStacker.kt:13414:33: error: unresolved reference: LargeDirectBuffer
                                LargeDirectBuffer.free(rejection)
                                ^
mnt/data/photon_26753_work/candidate/app/src/main/java/com/hinnka/mycamera/processor/GlesMgcRawSpatialStacker.kt:13423:25: error: unresolved reference: IrisTrue2xSrNative
                        IrisTrue2xSrNative.resolveCpuTile(
                        ^
mnt/data/photon_26753_work/candidate/app/src/main/java/com/hinnka/mycamera/processor/GlesMgcRawSpatialStacker.kt:13441:25: error: unresolved reference: LargeDirectBuffer
                        LargeDirectBuffer.free(resolved)
                        ^
mnt/data/photon_26753_work/candidate/app/src/main/java/com/hinnka/mycamera/processor/GlesMgcRawSpatialStacker.kt:13442:25: error: unresolved reference: LargeDirectBuffer
                        LargeDirectBuffer.free(phase)
                        ^
mnt/data/photon_26753_work/candidate/app/src/main/java/com/hinnka/mycamera/processor/GlesMgcRawSpatialStacker.kt:13443:25: error: unresolved reference: LargeDirectBuffer
                        LargeDirectBuffer.free(accumulator)
                        ^
mnt/data/photon_26753_work/candidate/app/src/main/java/com/hinnka/mycamera/processor/GlesMgcRawSpatialStacker.kt:13467:9: error: unresolved reference: GLES30
        GLES30.glBindBuffer(GLES30.GL_PIXEL_UNPACK_BUFFER, 0)
        ^
mnt/data/photon_26753_work/candidate/app/src/main/java/com/hinnka/mycamera/processor/GlesMgcRawSpatialStacker.kt:13467:29: error: unresolved reference: GLES30
        GLES30.glBindBuffer(GLES30.GL_PIXEL_UNPACK_BUFFER, 0)
                            ^
mnt/data/photon_26753_work/candidate/app/src/main/java/com/hinnka/mycamera/processor/GlesMgcRawSpatialStacker.kt:13468:9: error: unresolved reference: GLES30
        GLES30.glBindTexture(GLES30.GL_TEXTURE_2D, texture)
        ^
mnt/data/photon_26753_work/candidate/app/src/main/java/com/hinnka/mycamera/processor/GlesMgcRawSpatialStacker.kt:13468:30: error: unresolved reference: GLES30
        GLES30.glBindTexture(GLES30.GL_TEXTURE_2D, texture)
                             ^
mnt/data/photon_26753_work/candidate/app/src/main/java/com/hinnka/mycamera/processor/GlesMgcRawSpatialStacker.kt:13469:9: error: unresolved reference: GLES30
        GLES30.glPixelStorei(GLES30.GL_UNPACK_ALIGNMENT, 1)
        ^
mnt/data/photon_26753_work/candidate/app/src/main/java/com/hinnka/mycamera/processor/GlesMgcRawSpatialStacker.kt:13469:30: error: unresolved reference: GLES30
        GLES30.glPixelStorei(GLES30.GL_UNPACK_ALIGNMENT, 1)
                             ^
mnt/data/photon_26753_work/candidate/app/src/main/java/com/hinnka/mycamera/processor/GlesMgcRawSpatialStacker.kt:13470:9: error: unresolved reference: GLES30
        GLES30.glPixelStorei(GLES30.GL_UNPACK_ROW_LENGTH, unpackRowLength)
        ^
mnt/data/photon_26753_work/candidate/app/src/main/java/com/hinnka/mycamera/processor/GlesMgcRawSpatialStacker.kt:13470:30: error: unresolved reference: GLES30
        GLES30.glPixelStorei(GLES30.GL_UNPACK_ROW_LENGTH, unpackRowLength)
                             ^
mnt/data/photon_26753_work/candidate/app/src/main/java/com/hinnka/mycamera/processor/GlesMgcRawSpatialStacker.kt:13473:13: error: unresolved reference: GLES30
            GLES30.glTexSubImage2D(
            ^
mnt/data/photon_26753_work/candidate/app/src/main/java/com/hinnka/mycamera/processor/GlesMgcRawSpatialStacker.kt:13474:17: error: unresolved reference: GLES30
                GLES30.GL_TEXTURE_2D, 0, 0, 0, width, height, format, type, data,
                ^
mnt/data/photon_26753_work/candidate/app/src/main/java/com/hinnka/mycamera/processor/GlesMgcRawSpatialStacker.kt:13477:13: error: unresolved reference: GLES30
            GLES30.glPixelStorei(GLES30.GL_UNPACK_ROW_LENGTH, 0)
            ^
mnt/data/photon_26753_work/candidate/app/src/main/java/com/hinnka/mycamera/processor/GlesMgcRawSpatialStacker.kt:13477:34: error: unresolved reference: GLES30
            GLES30.glPixelStorei(GLES30.GL_UNPACK_ROW_LENGTH, 0)
                                 ^
mnt/data/photon_26753_work/candidate/app/src/main/java/com/hinnka/mycamera/processor/GlesMgcRawSpatialStacker.kt:13478:13: error: unresolved reference: GLES30
            GLES30.glBindTexture(GLES30.GL_TEXTURE_2D, 0)
            ^
mnt/data/photon_26753_work/candidate/app/src/main/java/com/hinnka/mycamera/processor/GlesMgcRawSpatialStacker.kt:13478:34: error: unresolved reference: GLES30
            GLES30.glBindTexture(GLES30.GL_TEXTURE_2D, 0)
                                 ^
mnt/data/photon_26753_work/candidate/app/src/main/java/com/hinnka/mycamera/processor/GlesMgcRawSpatialStacker.kt:13502:22: error: unresolved reference: SafeImage
        images: List<SafeImage>,
                     ^
mnt/data/photon_26753_work/candidate/app/src/main/java/com/hinnka/mycamera/processor/GlesMgcRawSpatialStacker.kt:13512:17: error: unresolved reference: GlesMgcRawSabreShaders
                GlesMgcRawSabreShaders.true2xMerge26564, "iris_26564_true2x_merge",
                ^
mnt/data/photon_26753_work/candidate/app/src/main/java/com/hinnka/mycamera/processor/GlesMgcRawSpatialStacker.kt:13517:17: error: unresolved reference: GlesMgcRawSabreShaders
                GlesMgcRawSabreShaders.true2xResolve26564, "iris_26564_true2x_resolve",
                ^
mnt/data/photon_26753_work/candidate/app/src/main/java/com/hinnka/mycamera/processor/GlesMgcRawSpatialStacker.kt:13522:17: error: unresolved reference: GlesMgcRawSabreShaders
                GlesMgcRawSabreShaders.true2xGuideRender26568, "iris_26568_true2x_guide_render",
                ^
mnt/data/photon_26753_work/candidate/app/src/main/java/com/hinnka/mycamera/processor/GlesMgcRawSpatialStacker.kt:13527:9: error: unresolved reference: GLES30
        GLES30.glGetIntegerv(GLES30.GL_MAX_TEXTURE_SIZE, maxTexture, 0)
        ^
mnt/data/photon_26753_work/candidate/app/src/main/java/com/hinnka/mycamera/processor/GlesMgcRawSpatialStacker.kt:13527:30: error: unresolved reference: GLES30
        GLES30.glGetIntegerv(GLES30.GL_MAX_TEXTURE_SIZE, maxTexture, 0)
                             ^
mnt/data/photon_26753_work/candidate/app/src/main/java/com/hinnka/mycamera/processor/GlesMgcRawSpatialStacker.kt:13562:74: error: unresolved reference: GLES30
                        val color = createTexture(tileWidth, tileHeight, GLES30.GL_RGBA16F, GLES30.GL_NEAREST)
                                                                         ^
mnt/data/photon_26753_work/candidate/app/src/main/java/com/hinnka/mycamera/processor/GlesMgcRawSpatialStacker.kt:13562:93: error: unresolved reference: GLES30
                        val color = createTexture(tileWidth, tileHeight, GLES30.GL_RGBA16F, GLES30.GL_NEAREST)
                                                                                            ^
mnt/data/photon_26753_work/candidate/app/src/main/java/com/hinnka/mycamera/processor/GlesMgcRawSpatialStacker.kt:13563:76: error: unresolved reference: GLES30
                        val weights = createTexture(tileWidth, tileHeight, GLES30.GL_RG16F, GLES30.GL_NEAREST)
                                                                           ^
mnt/data/photon_26753_work/candidate/app/src/main/java/com/hinnka/mycamera/processor/GlesMgcRawSpatialStacker.kt:13563:93: error: unresolved reference: GLES30
                        val weights = createTexture(tileWidth, tileHeight, GLES30.GL_RG16F, GLES30.GL_NEAREST)
                                                                                            ^
mnt/data/photon_26753_work/candidate/app/src/main/java/com/hinnka/mycamera/processor/GlesMgcRawSpatialStacker.kt:13564:74: error: unresolved reference: GLES30
                        val phase = createTexture(tileWidth, tileHeight, GLES30.GL_RGBA8, GLES30.GL_NEAREST)
                                                                         ^
mnt/data/photon_26753_work/candidate/app/src/main/java/com/hinnka/mycamera/processor/GlesMgcRawSpatialStacker.kt:13564:91: error: unresolved reference: GLES30
                        val phase = createTexture(tileWidth, tileHeight, GLES30.GL_RGBA8, GLES30.GL_NEAREST)
                                                                                          ^
mnt/data/photon_26753_work/candidate/app/src/main/java/com/hinnka/mycamera/processor/GlesMgcRawSpatialStacker.kt:13565:77: error: unresolved reference: GLES30
                        val temporal = createTexture(tileWidth, tileHeight, GLES30.GL_RGBA16F, GLES30.GL_NEAREST)
                                                                            ^
mnt/data/photon_26753_work/candidate/app/src/main/java/com/hinnka/mycamera/processor/GlesMgcRawSpatialStacker.kt:13565:96: error: unresolved reference: GLES30
                        val temporal = createTexture(tileWidth, tileHeight, GLES30.GL_RGBA16F, GLES30.GL_NEAREST)
                                                                                               ^
mnt/data/photon_26753_work/candidate/app/src/main/java/com/hinnka/mycamera/processor/GlesMgcRawSpatialStacker.kt:13568:29: error: unresolved reference: GLES30
                            GLES30.glClearBufferfv(GLES30.GL_COLOR, 0, floatArrayOf(0f, 0f, 0f, 0f), 0)
                            ^
mnt/data/photon_26753_work/candidate/app/src/main/java/com/hinnka/mycamera/processor/GlesMgcRawSpatialStacker.kt:13568:52: error: unresolved reference: GLES30
                            GLES30.glClearBufferfv(GLES30.GL_COLOR, 0, floatArrayOf(0f, 0f, 0f, 0f), 0)
                                                   ^
mnt/data/photon_26753_work/candidate/app/src/main/java/com/hinnka/mycamera/processor/GlesMgcRawSpatialStacker.kt:13569:29: error: unresolved reference: GLES30
                            GLES30.glClearBufferfv(GLES30.GL_COLOR, 1, floatArrayOf(0f, 0f, 0f, 0f), 0)
                            ^
mnt/data/photon_26753_work/candidate/app/src/main/java/com/hinnka/mycamera/processor/GlesMgcRawSpatialStacker.kt:13569:52: error: unresolved reference: GLES30
                            GLES30.glClearBufferfv(GLES30.GL_COLOR, 1, floatArrayOf(0f, 0f, 0f, 0f), 0)
                                                   ^
mnt/data/photon_26753_work/candidate/app/src/main/java/com/hinnka/mycamera/processor/GlesMgcRawSpatialStacker.kt:13570:29: error: unresolved reference: GLES30
                            GLES30.glClearBufferfv(GLES30.GL_COLOR, 2, floatArrayOf(0f, 0f, 0f, 0f), 0)
                            ^
mnt/data/photon_26753_work/candidate/app/src/main/java/com/hinnka/mycamera/processor/GlesMgcRawSpatialStacker.kt:13570:52: error: unresolved reference: GLES30
                            GLES30.glClearBufferfv(GLES30.GL_COLOR, 2, floatArrayOf(0f, 0f, 0f, 0f), 0)
                                                   ^
mnt/data/photon_26753_work/candidate/app/src/main/java/com/hinnka/mycamera/processor/GlesMgcRawSpatialStacker.kt:13571:29: error: unresolved reference: GLES30
                            GLES30.glClearBufferfv(GLES30.GL_COLOR, 3, floatArrayOf(0f, 0f, 0f, 0f), 0)
                            ^
mnt/data/photon_26753_work/candidate/app/src/main/java/com/hinnka/mycamera/processor/GlesMgcRawSpatialStacker.kt:13571:52: error: unresolved reference: GLES30
                            GLES30.glClearBufferfv(GLES30.GL_COLOR, 3, floatArrayOf(0f, 0f, 0f, 0f), 0)
                                                   ^
mnt/data/photon_26753_work/candidate/app/src/main/java/com/hinnka/mycamera/processor/GlesMgcRawSpatialStacker.kt:13572:29: error: unresolved reference: GLES30
                            GLES30.glBindFramebuffer(GLES30.GL_FRAMEBUFFER, 0)
                            ^
mnt/data/photon_26753_work/candidate/app/src/main/java/com/hinnka/mycamera/processor/GlesMgcRawSpatialStacker.kt:13572:54: error: unresolved reference: GLES30
                            GLES30.glBindFramebuffer(GLES30.GL_FRAMEBUFFER, 0)
                                                     ^
mnt/data/photon_26753_work/candidate/app/src/main/java/com/hinnka/mycamera/processor/GlesMgcRawSpatialStacker.kt:13585:110: error: not enough information to infer type variable R
                                readTrue2xRawRegion(images[ev.frameIndex],rawLeft,rawTop,rawWidth,rawHeight).use { raw ->
                                                                                                             ^
mnt/data/photon_26753_work/candidate/app/src/main/java/com/hinnka/mycamera/processor/GlesMgcRawSpatialStacker.kt:13591:95: error: unresolved reference: GLES30
                                        val rawTexture=uploadTrue2xTexture(rawWidth,rawHeight,GLES30.GL_R16UI,GLES30.GL_RED_INTEGER,GLES30.GL_UNSIGNED_SHORT,GLES30.GL_NEAREST,raw.buffer,"IRIS26568 true2x raw upload",unpackRowLength=raw.rowStrideSamples)
                                                                                              ^
mnt/data/photon_26753_work/candidate/app/src/main/java/com/hinnka/mycamera/processor/GlesMgcRawSpatialStacker.kt:13591:111: error: unresolved reference: GLES30
                                        val rawTexture=uploadTrue2xTexture(rawWidth,rawHeight,GLES30.GL_R16UI,GLES30.GL_RED_INTEGER,GLES30.GL_UNSIGNED_SHORT,GLES30.GL_NEAREST,raw.buffer,"IRIS26568 true2x raw upload",unpackRowLength=raw.rowStrideSamples)
                                                                                                              ^
mnt/data/photon_26753_work/candidate/app/src/main/java/com/hinnka/mycamera/processor/GlesMgcRawSpatialStacker.kt:13591:133: error: unresolved reference: GLES30
                                        val rawTexture=uploadTrue2xTexture(rawWidth,rawHeight,GLES30.GL_R16UI,GLES30.GL_RED_INTEGER,GLES30.GL_UNSIGNED_SHORT,GLES30.GL_NEAREST,raw.buffer,"IRIS26568 true2x raw upload",unpackRowLength=raw.rowStrideSamples)
                                                                                                                                    ^
mnt/data/photon_26753_work/candidate/app/src/main/java/com/hinnka/mycamera/processor/GlesMgcRawSpatialStacker.kt:13591:158: error: unresolved reference: GLES30
                                        val rawTexture=uploadTrue2xTexture(rawWidth,rawHeight,GLES30.GL_R16UI,GLES30.GL_RED_INTEGER,GLES30.GL_UNSIGNED_SHORT,GLES30.GL_NEAREST,raw.buffer,"IRIS26568 true2x raw upload",unpackRowLength=raw.rowStrideSamples)
                                                                                                                                                             ^
mnt/data/photon_26753_work/candidate/app/src/main/java/com/hinnka/mycamera/processor/GlesMgcRawSpatialStacker.kt:13592:104: error: unresolved reference: GLES30
                                        val flowTexture=uploadTrue2xTexture(ev.flowWidth,ev.flowHeight,GLES30.GL_RGBA16F,GLES30.GL_RGBA,GLES30.GL_HALF_FLOAT,GLES30.GL_LINEAR,ev.flowData.duplicate().order(ByteOrder.nativeOrder()),"IRIS26568 true2x flow upload")
                                                                                                       ^
mnt/data/photon_26753_work/candidate/app/src/main/java/com/hinnka/mycamera/processor/GlesMgcRawSpatialStacker.kt:13592:122: error: unresolved reference: GLES30
                                        val flowTexture=uploadTrue2xTexture(ev.flowWidth,ev.flowHeight,GLES30.GL_RGBA16F,GLES30.GL_RGBA,GLES30.GL_HALF_FLOAT,GLES30.GL_LINEAR,ev.flowData.duplicate().order(ByteOrder.nativeOrder()),"IRIS26568 true2x flow upload")
                                                                                                                         ^
mnt/data/photon_26753_work/candidate/app/src/main/java/com/hinnka/mycamera/processor/GlesMgcRawSpatialStacker.kt:13592:137: error: unresolved reference: GLES30
                                        val flowTexture=uploadTrue2xTexture(ev.flowWidth,ev.flowHeight,GLES30.GL_RGBA16F,GLES30.GL_RGBA,GLES30.GL_HALF_FLOAT,GLES30.GL_LINEAR,ev.flowData.duplicate().order(ByteOrder.nativeOrder()),"IRIS26568 true2x flow upload")
                                                                                                                                        ^
mnt/data/photon_26753_work/candidate/app/src/main/java/com/hinnka/mycamera/processor/GlesMgcRawSpatialStacker.kt:13592:158: error: unresolved reference: GLES30
                                        val flowTexture=uploadTrue2xTexture(ev.flowWidth,ev.flowHeight,GLES30.GL_RGBA16F,GLES30.GL_RGBA,GLES30.GL_HALF_FLOAT,GLES30.GL_LINEAR,ev.flowData.duplicate().order(ByteOrder.nativeOrder()),"IRIS26568 true2x flow upload")
                                                                                                                                                             ^
mnt/data/photon_26753_work/candidate/app/src/main/java/com/hinnka/mycamera/processor/GlesMgcRawSpatialStacker.kt:13593:95: error: unresolved reference: GLES30
                                        val covTexture=uploadTrue2xTexture(covWidth,covHeight,GLES30.GL_RGB10_A2,GLES30.GL_RGBA,GLES30.GL_UNSIGNED_INT_2_10_10_10_REV,GLES30.GL_LINEAR,cov,"IRIS26568 true2x covariance upload")
                                                                                              ^
mnt/data/photon_26753_work/candidate/app/src/main/java/com/hinnka/mycamera/processor/GlesMgcRawSpatialStacker.kt:13593:114: error: unresolved reference: GLES30
                                        val covTexture=uploadTrue2xTexture(covWidth,covHeight,GLES30.GL_RGB10_A2,GLES30.GL_RGBA,GLES30.GL_UNSIGNED_INT_2_10_10_10_REV,GLES30.GL_LINEAR,cov,"IRIS26568 true2x covariance upload")
                                                                                                                 ^
mnt/data/photon_26753_work/candidate/app/src/main/java/com/hinnka/mycamera/processor/GlesMgcRawSpatialStacker.kt:13593:129: error: unresolved reference: GLES30
                                        val covTexture=uploadTrue2xTexture(covWidth,covHeight,GLES30.GL_RGB10_A2,GLES30.GL_RGBA,GLES30.GL_UNSIGNED_INT_2_10_10_10_REV,GLES30.GL_LINEAR,cov,"IRIS26568 true2x covariance upload")
                                                                                                                                ^
mnt/data/photon_26753_work/candidate/app/src/main/java/com/hinnka/mycamera/processor/GlesMgcRawSpatialStacker.kt:13593:167: error: unresolved reference: GLES30
                                        val covTexture=uploadTrue2xTexture(covWidth,covHeight,GLES30.GL_RGB10_A2,GLES30.GL_RGBA,GLES30.GL_UNSIGNED_INT_2_10_10_10_REV,GLES30.GL_LINEAR,cov,"IRIS26568 true2x covariance upload")
                                                                                                                                                                      ^
mnt/data/photon_26753_work/candidate/app/src/main/java/com/hinnka/mycamera/processor/GlesMgcRawSpatialStacker.kt:13594:157: error: unresolved reference: GLES30
                                        val rejectionTexture=uploadTrue2xTexture(if(ev.useFrameWeight)rejWidth else 1,if(ev.useFrameWeight)rejHeight else 1,GLES30.GL_R8,GLES30.GL_RED,GLES30.GL_UNSIGNED_BYTE,GLES30.GL_LINEAR,rejection,"IRIS26568 true2x rejection upload")
                                                                                                                                                            ^
mnt/data/photon_26753_work/candidate/app/src/main/java/com/hinnka/mycamera/processor/GlesMgcRawSpatialStacker.kt:13594:170: error: unresolved reference: GLES30
                                        val rejectionTexture=uploadTrue2xTexture(if(ev.useFrameWeight)rejWidth else 1,if(ev.useFrameWeight)rejHeight else 1,GLES30.GL_R8,GLES30.GL_RED,GLES30.GL_UNSIGNED_BYTE,GLES30.GL_LINEAR,rejection,"IRIS26568 true2x rejection upload")
                                                                                                                                                                         ^
mnt/data/photon_26753_work/candidate/app/src/main/java/com/hinnka/mycamera/processor/GlesMgcRawSpatialStacker.kt:13594:184: error: unresolved reference: GLES30
                                        val rejectionTexture=uploadTrue2xTexture(if(ev.useFrameWeight)rejWidth else 1,if(ev.useFrameWeight)rejHeight else 1,GLES30.GL_R8,GLES30.GL_RED,GLES30.GL_UNSIGNED_BYTE,GLES30.GL_LINEAR,rejection,"IRIS26568 true2x rejection upload")
                                                                                                                                                                                       ^
mnt/data/photon_26753_work/candidate/app/src/main/java/com/hinnka/mycamera/processor/GlesMgcRawSpatialStacker.kt:13594:208: error: unresolved reference: GLES30
                                        val rejectionTexture=uploadTrue2xTexture(if(ev.useFrameWeight)rejWidth else 1,if(ev.useFrameWeight)rejHeight else 1,GLES30.GL_R8,GLES30.GL_RED,GLES30.GL_UNSIGNED_BYTE,GLES30.GL_LINEAR,rejection,"IRIS26568 true2x rejection upload")
                                                                                                                                                                                                               ^
mnt/data/photon_26753_work/candidate/app/src/main/java/com/hinnka/mycamera/processor/GlesMgcRawSpatialStacker.kt:13597:45: error: unresolved reference: GLES30
                                            GLES30.glUseProgram(program)
                                            ^
mnt/data/photon_26753_work/candidate/app/src/main/java/com/hinnka/mycamera/processor/GlesMgcRawSpatialStacker.kt:13608:45: error: unresolved reference: GLES30
                                            GLES30.glEnable(GLES30.GL_BLEND); GLES30.glBlendEquation(GLES30.GL_FUNC_ADD); GLES30.glBlendFunc(GLES30.GL_ONE,GLES30.GL_ONE)
                                            ^
mnt/data/photon_26753_work/candidate/app/src/main/java/com/hinnka/mycamera/processor/GlesMgcRawSpatialStacker.kt:13608:61: error: unresolved reference: GLES30
                                            GLES30.glEnable(GLES30.GL_BLEND); GLES30.glBlendEquation(GLES30.GL_FUNC_ADD); GLES30.glBlendFunc(GLES30.GL_ONE,GLES30.GL_ONE)
                                                            ^
mnt/data/photon_26753_work/candidate/app/src/main/java/com/hinnka/mycamera/processor/GlesMgcRawSpatialStacker.kt:13608:79: error: unresolved reference: GLES30
                                            GLES30.glEnable(GLES30.GL_BLEND); GLES30.glBlendEquation(GLES30.GL_FUNC_ADD); GLES30.glBlendFunc(GLES30.GL_ONE,GLES30.GL_ONE)
                                                                              ^
mnt/data/photon_26753_work/candidate/app/src/main/java/com/hinnka/mycamera/processor/GlesMgcRawSpatialStacker.kt:13608:102: error: unresolved reference: GLES30
                                            GLES30.glEnable(GLES30.GL_BLEND); GLES30.glBlendEquation(GLES30.GL_FUNC_ADD); GLES30.glBlendFunc(GLES30.GL_ONE,GLES30.GL_ONE)
                                                                                                     ^
mnt/data/photon_26753_work/candidate/app/src/main/java/com/hinnka/mycamera/processor/GlesMgcRawSpatialStacker.kt:13608:123: error: unresolved reference: GLES30
                                            GLES30.glEnable(GLES30.GL_BLEND); GLES30.glBlendEquation(GLES30.GL_FUNC_ADD); GLES30.glBlendFunc(GLES30.GL_ONE,GLES30.GL_ONE)
                                                                                                                          ^
mnt/data/photon_26753_work/candidate/app/src/main/java/com/hinnka/mycamera/processor/GlesMgcRawSpatialStacker.kt:13608:142: error: unresolved reference: GLES30
                                            GLES30.glEnable(GLES30.GL_BLEND); GLES30.glBlendEquation(GLES30.GL_FUNC_ADD); GLES30.glBlendFunc(GLES30.GL_ONE,GLES30.GL_ONE)
                                                                                                                                             ^
mnt/data/photon_26753_work/candidate/app/src/main/java/com/hinnka/mycamera/processor/GlesMgcRawSpatialStacker.kt:13608:156: error: unresolved reference: GLES30
                                            GLES30.glEnable(GLES30.GL_BLEND); GLES30.glBlendEquation(GLES30.GL_FUNC_ADD); GLES30.glBlendFunc(GLES30.GL_ONE,GLES30.GL_ONE)
                                                                                                                                                           ^
mnt/data/photon_26753_work/candidate/app/src/main/java/com/hinnka/mycamera/processor/GlesMgcRawSpatialStacker.kt:13609:141: error: unresolved reference: GLES30
                                            draw(program,tileWidth,tileHeight,intArrayOf(color,weights,phase,temporal),preserveBlend=true); GLES30.glDisable(GLES30.GL_BLEND)
                                                                                                                                            ^
mnt/data/photon_26753_work/candidate/app/src/main/java/com/hinnka/mycamera/processor/GlesMgcRawSpatialStacker.kt:13609:158: error: unresolved reference: GLES30
                                            draw(program,tileWidth,tileHeight,intArrayOf(color,weights,phase,temporal),preserveBlend=true); GLES30.glDisable(GLES30.GL_BLEND)
                                                                                                                                                             ^
mnt/data/photon_26753_work/candidate/app/src/main/java/com/hinnka/mycamera/processor/GlesMgcRawSpatialStacker.kt:13613:49: error: unresolved reference: LargeDirectBuffer
                                    } finally { LargeDirectBuffer.free(rejection); LargeDirectBuffer.free(cov) }
                                                ^
mnt/data/photon_26753_work/candidate/app/src/main/java/com/hinnka/mycamera/processor/GlesMgcRawSpatialStacker.kt:13613:84: error: unresolved reference: LargeDirectBuffer
                                    } finally { LargeDirectBuffer.free(rejection); LargeDirectBuffer.free(cov) }
                                                                                   ^
mnt/data/photon_26753_work/candidate/app/src/main/java/com/hinnka/mycamera/processor/GlesMgcRawSpatialStacker.kt:13616:77: error: unresolved reference: GLES30
                            val resolved=createTexture(tileWidth,tileHeight,GLES30.GL_RGBA16F,GLES30.GL_NEAREST)
                                                                            ^
mnt/data/photon_26753_work/candidate/app/src/main/java/com/hinnka/mycamera/processor/GlesMgcRawSpatialStacker.kt:13616:95: error: unresolved reference: GLES30
                            val resolved=createTexture(tileWidth,tileHeight,GLES30.GL_RGBA16F,GLES30.GL_NEAREST)
                                                                                              ^
mnt/data/photon_26753_work/candidate/app/src/main/java/com/hinnka/mycamera/processor/GlesMgcRawSpatialStacker.kt:13618:29: error: unresolved reference: GLES30
                            GLES30.glUseProgram(program); bindTexture(program,"uAccumulatedColor",0,color); bindTexture(program,"uAccumulatedWeightsGb",1,weights); if(lensTexture!=0)bindTexture(program,"uLensShading",2,lensTexture)
                            ^
mnt/data/photon_26753_work/candidate/app/src/main/java/com/hinnka/mycamera/processor/GlesMgcRawSpatialStacker.kt:13623:75: error: unresolved reference: GLES30
                            val render=createTexture(tileWidth,tileHeight,GLES30.GL_RGBA16F,GLES30.GL_NEAREST)
                                                                          ^
mnt/data/photon_26753_work/candidate/app/src/main/java/com/hinnka/mycamera/processor/GlesMgcRawSpatialStacker.kt:13623:93: error: unresolved reference: GLES30
                            val render=createTexture(tileWidth,tileHeight,GLES30.GL_RGBA16F,GLES30.GL_NEAREST)
                                                                                            ^
mnt/data/photon_26753_work/candidate/app/src/main/java/com/hinnka/mycamera/processor/GlesMgcRawSpatialStacker.kt:13624:68: error: unresolved reference: GLES30
                            program=true2xGuideRenderProgram26568; GLES30.glUseProgram(program); bindTexture(program,"uDirectRgb",0,resolved); bindTexture(program,"uPhaseOccupancy",1,phase); bindTexture(program,"uNativeVgnGuide",2,nativeVgnGuideTexture); bindTexture(program,"uTemporalLumaStats",3,temporal)
                                                                   ^
mnt/data/photon_26753_work/candidate/app/src/main/java/com/hinnka/mycamera/processor/GlesMgcRawSpatialStacker.kt:13632:49: error: unresolved reference: GlesGpuScheduler
                    top += tileHeight; bands++; GlesGpuScheduler.yieldToUiRenderer()
                                                ^
mnt/data/photon_26753_work/candidate/app/src/main/java/com/hinnka/mycamera/processor/GlesMgcRawSpatialStacker.kt:13634:17: error: unresolved reference: PLog
                PLog.i(SABRE_TAG,"IRIS_26568_TRUE2X_GPU_BANDS width=$tileWidthLimit height=$tileHeightLimit bands=$bands evidence=${evidence.size} directDng=${directOut!=null} ephemeralFsync=false")
                ^
mnt/data/photon_26753_work/candidate/app/src/main/java/com/hinnka/mycamera/processor/GlesMgcRawSpatialStacker.kt:13659:9: error: unresolved reference: PLog
        PLog.i(SABRE_TAG, "IRIS_26573_SR_PROOF $proof")
        ^
mnt/data/photon_26753_work/candidate/app/src/main/java/com/hinnka/mycamera/processor/GlesMgcRawSpatialStacker.kt:13660:9: error: unresolved reference: MotionTrace
        MotionTrace.processingState("IRIS_26573_SR_PROOF", proof)
        ^
mnt/data/photon_26753_work/candidate/app/src/main/java/com/hinnka/mycamera/processor/GlesMgcRawSpatialStacker.kt:13685:13: error: unresolved reference: GLES30
            GLES30.glBindBuffer(GLES30.GL_PIXEL_PACK_BUFFER, 0)
            ^
mnt/data/photon_26753_work/candidate/app/src/main/java/com/hinnka/mycamera/processor/GlesMgcRawSpatialStacker.kt:13685:33: error: unresolved reference: GLES30
            GLES30.glBindBuffer(GLES30.GL_PIXEL_PACK_BUFFER, 0)
                                ^
mnt/data/photon_26753_work/candidate/app/src/main/java/com/hinnka/mycamera/processor/GlesMgcRawSpatialStacker.kt:13686:13: error: unresolved reference: GLES30
            GLES30.glPixelStorei(GLES30.GL_PACK_ALIGNMENT, 1)
            ^
mnt/data/photon_26753_work/candidate/app/src/main/java/com/hinnka/mycamera/processor/GlesMgcRawSpatialStacker.kt:13686:34: error: unresolved reference: GLES30
            GLES30.glPixelStorei(GLES30.GL_PACK_ALIGNMENT, 1)
                                 ^
mnt/data/photon_26753_work/candidate/app/src/main/java/com/hinnka/mycamera/processor/GlesMgcRawSpatialStacker.kt:13688:13: error: unresolved reference: GLES30
            GLES30.glReadPixels(0, 0, tileWidth, tileHeight, GLES30.GL_RGBA, GLES30.GL_HALF_FLOAT, rg)
            ^
mnt/data/photon_26753_work/candidate/app/src/main/java/com/hinnka/mycamera/processor/GlesMgcRawSpatialStacker.kt:13688:62: error: unresolved reference: GLES30
            GLES30.glReadPixels(0, 0, tileWidth, tileHeight, GLES30.GL_RGBA, GLES30.GL_HALF_FLOAT, rg)
                                                             ^
mnt/data/photon_26753_work/candidate/app/src/main/java/com/hinnka/mycamera/processor/GlesMgcRawSpatialStacker.kt:13688:78: error: unresolved reference: GLES30
            GLES30.glReadPixels(0, 0, tileWidth, tileHeight, GLES30.GL_RGBA, GLES30.GL_HALF_FLOAT, rg)
                                                                             ^
mnt/data/photon_26753_work/candidate/app/src/main/java/com/hinnka/mycamera/processor/GlesMgcRawSpatialStacker.kt:13689:13: error: unresolved reference: GLES30
            GLES30.glBindFramebuffer(GLES30.GL_FRAMEBUFFER, 0)
            ^
mnt/data/photon_26753_work/candidate/app/src/main/java/com/hinnka/mycamera/processor/GlesMgcRawSpatialStacker.kt:13689:38: error: unresolved reference: GLES30
            GLES30.glBindFramebuffer(GLES30.GL_FRAMEBUFFER, 0)
                                     ^
mnt/data/photon_26753_work/candidate/app/src/main/java/com/hinnka/mycamera/processor/GlesMgcRawSpatialStacker.kt:13695:34: error: unresolved reference: Half
                val diagnostic = Half.toFloat(rgShort.get(index * 4 + 1)).toInt()
                                 ^
mnt/data/photon_26753_work/candidate/app/src/main/java/com/hinnka/mycamera/processor/GlesMgcRawSpatialStacker.kt:13706:13: error: unresolved reference: LargeDirectBuffer
            LargeDirectBuffer.free(detail)
            ^
mnt/data/photon_26753_work/candidate/app/src/main/java/com/hinnka/mycamera/processor/GlesMgcRawSpatialStacker.kt:13707:13: error: unresolved reference: LargeDirectBuffer
            LargeDirectBuffer.free(rg)
            ^
mnt/data/photon_26753_work/candidate/app/src/main/java/com/hinnka/mycamera/processor/GlesMgcRawSpatialStacker.kt:13717:22: error: unresolved reference: RawStackFrame
        frames: List<RawStackFrame>,
                     ^
mnt/data/photon_26753_work/candidate/app/src/main/java/com/hinnka/mycamera/processor/GlesMgcRawSpatialStacker.kt:13718:22: error: unresolved reference: SafeImage
        images: List<SafeImage>,
                     ^
mnt/data/photon_26753_work/candidate/app/src/main/java/com/hinnka/mycamera/processor/GlesMgcRawSpatialStacker.kt:13731:17: error: unresolved reference: GlesMgcRawSabreShaders
                GlesMgcRawSabreShaders.highZoomRgbMerge26720, "iris_26720_high_zoom_rgb_merge",
                ^
mnt/data/photon_26753_work/candidate/app/src/main/java/com/hinnka/mycamera/processor/GlesMgcRawSpatialStacker.kt:13736:17: error: unresolved reference: GlesMgcRawSabreShaders
                GlesMgcRawSabreShaders.true2xResolve26564, "iris_26564_true2x_resolve",
                ^
mnt/data/photon_26753_work/candidate/app/src/main/java/com/hinnka/mycamera/processor/GlesMgcRawSpatialStacker.kt:13741:17: error: unresolved reference: GlesMgcRawSabreShaders
                GlesMgcRawSabreShaders.highZoomRgbProtect26724, "iris_26724_high_zoom_rgb_protect",
                ^
mnt/data/photon_26753_work/candidate/app/src/main/java/com/hinnka/mycamera/processor/GlesMgcRawSpatialStacker.kt:13746:53: error: unresolved reference: RawBurstFrameRole
        val normalGyro = frames.filter { it.role == RawBurstFrameRole.NORMAL && it.gyroSampleCount > 0 &&
                                                    ^
mnt/data/photon_26753_work/candidate/app/src/main/java/com/hinnka/mycamera/processor/GlesMgcRawSpatialStacker.kt:13747:75: error: unresolved reference: it
            it.gyroShakiness.isFinite() && it.gyroShakiness >= 0f }.map { it.gyroShakiness }.sorted()
                                                                          ^
mnt/data/photon_26753_work/candidate/app/src/main/java/com/hinnka/mycamera/processor/GlesMgcRawSpatialStacker.kt:13760:9: error: unresolved reference: PLog
        PLog.i(SABRE_TAG, "IRIS_26720_HIGH_ZOOM_SOURCE_QUALITY $qualityProof")
        ^
mnt/data/photon_26753_work/candidate/app/src/main/java/com/hinnka/mycamera/processor/GlesMgcRawSpatialStacker.kt:13761:9: error: unresolved reference: MotionTrace
        MotionTrace.processingState("IRIS_26720_HIGH_ZOOM_SOURCE_QUALITY", qualityProof)
        ^
mnt/data/photon_26753_work/candidate/app/src/main/java/com/hinnka/mycamera/processor/GlesMgcRawSpatialStacker.kt:13764:9: error: unresolved reference: GLES30
        GLES30.glGetIntegerv(GLES30.GL_MAX_TEXTURE_SIZE, maxTexture, 0)
        ^
mnt/data/photon_26753_work/candidate/app/src/main/java/com/hinnka/mycamera/processor/GlesMgcRawSpatialStacker.kt:13764:30: error: unresolved reference: GLES30
        GLES30.glGetIntegerv(GLES30.GL_MAX_TEXTURE_SIZE, maxTexture, 0)
                             ^
mnt/data/photon_26753_work/candidate/app/src/main/java/com/hinnka/mycamera/processor/GlesMgcRawSpatialStacker.kt:13791:74: error: unresolved reference: GLES30
                        val color = createTexture(tileWidth, tileHeight, GLES30.GL_RGBA16F, GLES30.GL_NEAREST)
                                                                         ^
mnt/data/photon_26753_work/candidate/app/src/main/java/com/hinnka/mycamera/processor/GlesMgcRawSpatialStacker.kt:13791:93: error: unresolved reference: GLES30
                        val color = createTexture(tileWidth, tileHeight, GLES30.GL_RGBA16F, GLES30.GL_NEAREST)
                                                                                            ^
mnt/data/photon_26753_work/candidate/app/src/main/java/com/hinnka/mycamera/processor/GlesMgcRawSpatialStacker.kt:13792:76: error: unresolved reference: GLES30
                        val weights = createTexture(tileWidth, tileHeight, GLES30.GL_RG16F, GLES30.GL_NEAREST)
                                                                           ^
mnt/data/photon_26753_work/candidate/app/src/main/java/com/hinnka/mycamera/processor/GlesMgcRawSpatialStacker.kt:13792:93: error: unresolved reference: GLES30
                        val weights = createTexture(tileWidth, tileHeight, GLES30.GL_RG16F, GLES30.GL_NEAREST)
                                                                                            ^
mnt/data/photon_26753_work/candidate/app/src/main/java/com/hinnka/mycamera/processor/GlesMgcRawSpatialStacker.kt:13793:74: error: unresolved reference: GLES30
                        val phase = createTexture(tileWidth, tileHeight, GLES30.GL_RGBA8, GLES30.GL_NEAREST)
                                                                         ^
mnt/data/photon_26753_work/candidate/app/src/main/java/com/hinnka/mycamera/processor/GlesMgcRawSpatialStacker.kt:13793:91: error: unresolved reference: GLES30
                        val phase = createTexture(tileWidth, tileHeight, GLES30.GL_RGBA8, GLES30.GL_NEAREST)
                                                                                          ^
mnt/data/photon_26753_work/candidate/app/src/main/java/com/hinnka/mycamera/processor/GlesMgcRawSpatialStacker.kt:13794:77: error: unresolved reference: GLES30
                        val temporal = createTexture(tileWidth, tileHeight, GLES30.GL_RGBA16F, GLES30.GL_NEAREST)
                                                                            ^
mnt/data/photon_26753_work/candidate/app/src/main/java/com/hinnka/mycamera/processor/GlesMgcRawSpatialStacker.kt:13794:96: error: unresolved reference: GLES30
                        val temporal = createTexture(tileWidth, tileHeight, GLES30.GL_RGBA16F, GLES30.GL_NEAREST)
                                                                                               ^
mnt/data/photon_26753_work/candidate/app/src/main/java/com/hinnka/mycamera/processor/GlesMgcRawSpatialStacker.kt:13797:29: error: unresolved reference: GLES30
                            GLES30.glClearBufferfv(GLES30.GL_COLOR, 0, floatArrayOf(0f,0f,0f,0f), 0)
                            ^
mnt/data/photon_26753_work/candidate/app/src/main/java/com/hinnka/mycamera/processor/GlesMgcRawSpatialStacker.kt:13797:52: error: unresolved reference: GLES30
                            GLES30.glClearBufferfv(GLES30.GL_COLOR, 0, floatArrayOf(0f,0f,0f,0f), 0)
                                                   ^
mnt/data/photon_26753_work/candidate/app/src/main/java/com/hinnka/mycamera/processor/GlesMgcRawSpatialStacker.kt:13798:29: error: unresolved reference: GLES30
                            GLES30.glClearBufferfv(GLES30.GL_COLOR, 1, floatArrayOf(0f,0f,0f,0f), 0)
                            ^
mnt/data/photon_26753_work/candidate/app/src/main/java/com/hinnka/mycamera/processor/GlesMgcRawSpatialStacker.kt:13798:52: error: unresolved reference: GLES30
                            GLES30.glClearBufferfv(GLES30.GL_COLOR, 1, floatArrayOf(0f,0f,0f,0f), 0)
                                                   ^
mnt/data/photon_26753_work/candidate/app/src/main/java/com/hinnka/mycamera/processor/GlesMgcRawSpatialStacker.kt:13799:29: error: unresolved reference: GLES30
                            GLES30.glClearBufferfv(GLES30.GL_COLOR, 2, floatArrayOf(0f,0f,0f,0f), 0)
                            ^
mnt/data/photon_26753_work/candidate/app/src/main/java/com/hinnka/mycamera/processor/GlesMgcRawSpatialStacker.kt:13799:52: error: unresolved reference: GLES30
                            GLES30.glClearBufferfv(GLES30.GL_COLOR, 2, floatArrayOf(0f,0f,0f,0f), 0)
                                                   ^
mnt/data/photon_26753_work/candidate/app/src/main/java/com/hinnka/mycamera/processor/GlesMgcRawSpatialStacker.kt:13800:29: error: unresolved reference: GLES30
                            GLES30.glClearBufferfv(GLES30.GL_COLOR, 3, floatArrayOf(0f,0f,0f,0f), 0)
                            ^
mnt/data/photon_26753_work/candidate/app/src/main/java/com/hinnka/mycamera/processor/GlesMgcRawSpatialStacker.kt:13800:52: error: unresolved reference: GLES30
                            GLES30.glClearBufferfv(GLES30.GL_COLOR, 3, floatArrayOf(0f,0f,0f,0f), 0)
                                                   ^
mnt/data/photon_26753_work/candidate/app/src/main/java/com/hinnka/mycamera/processor/GlesMgcRawSpatialStacker.kt:13801:29: error: unresolved reference: GLES30
                            GLES30.glBindFramebuffer(GLES30.GL_FRAMEBUFFER, 0)
                            ^
mnt/data/photon_26753_work/candidate/app/src/main/java/com/hinnka/mycamera/processor/GlesMgcRawSpatialStacker.kt:13801:54: error: unresolved reference: GLES30
                            GLES30.glBindFramebuffer(GLES30.GL_FRAMEBUFFER, 0)
                                                     ^
mnt/data/photon_26753_work/candidate/app/src/main/java/com/hinnka/mycamera/processor/GlesMgcRawSpatialStacker.kt:13815:110: error: not enough information to infer type variable R
                                readTrue2xRawRegion(images[ev.frameIndex],rawLeft,rawTop,rawWidth,rawHeight).use { raw ->
                                                                                                             ^
mnt/data/photon_26753_work/candidate/app/src/main/java/com/hinnka/mycamera/processor/GlesMgcRawSpatialStacker.kt:13821:95: error: unresolved reference: GLES30
                                        val rawTexture=uploadTrue2xTexture(rawWidth,rawHeight,GLES30.GL_R16UI,GLES30.GL_RED_INTEGER,GLES30.GL_UNSIGNED_SHORT,GLES30.GL_NEAREST,raw.buffer,"IRIS26720 RGB raw",unpackRowLength=raw.rowStrideSamples)
                                                                                              ^
mnt/data/photon_26753_work/candidate/app/src/main/java/com/hinnka/mycamera/processor/GlesMgcRawSpatialStacker.kt:13821:111: error: unresolved reference: GLES30
                                        val rawTexture=uploadTrue2xTexture(rawWidth,rawHeight,GLES30.GL_R16UI,GLES30.GL_RED_INTEGER,GLES30.GL_UNSIGNED_SHORT,GLES30.GL_NEAREST,raw.buffer,"IRIS26720 RGB raw",unpackRowLength=raw.rowStrideSamples)
                                                                                                              ^
mnt/data/photon_26753_work/candidate/app/src/main/java/com/hinnka/mycamera/processor/GlesMgcRawSpatialStacker.kt:13821:133: error: unresolved reference: GLES30
                                        val rawTexture=uploadTrue2xTexture(rawWidth,rawHeight,GLES30.GL_R16UI,GLES30.GL_RED_INTEGER,GLES30.GL_UNSIGNED_SHORT,GLES30.GL_NEAREST,raw.buffer,"IRIS26720 RGB raw",unpackRowLength=raw.rowStrideSamples)
                                                                                                                                    ^
mnt/data/photon_26753_work/candidate/app/src/main/java/com/hinnka/mycamera/processor/GlesMgcRawSpatialStacker.kt:13821:158: error: unresolved reference: GLES30
                                        val rawTexture=uploadTrue2xTexture(rawWidth,rawHeight,GLES30.GL_R16UI,GLES30.GL_RED_INTEGER,GLES30.GL_UNSIGNED_SHORT,GLES30.GL_NEAREST,raw.buffer,"IRIS26720 RGB raw",unpackRowLength=raw.rowStrideSamples)
                                                                                                                                                             ^
mnt/data/photon_26753_work/candidate/app/src/main/java/com/hinnka/mycamera/processor/GlesMgcRawSpatialStacker.kt:13822:104: error: unresolved reference: GLES30
                                        val flowTexture=uploadTrue2xTexture(ev.flowWidth,ev.flowHeight,GLES30.GL_RGBA16F,GLES30.GL_RGBA,GLES30.GL_HALF_FLOAT,GLES30.GL_LINEAR,ev.flowData.duplicate().order(ByteOrder.nativeOrder()),"IRIS26720 RGB flow")
                                                                                                       ^
mnt/data/photon_26753_work/candidate/app/src/main/java/com/hinnka/mycamera/processor/GlesMgcRawSpatialStacker.kt:13822:122: error: unresolved reference: GLES30
                                        val flowTexture=uploadTrue2xTexture(ev.flowWidth,ev.flowHeight,GLES30.GL_RGBA16F,GLES30.GL_RGBA,GLES30.GL_HALF_FLOAT,GLES30.GL_LINEAR,ev.flowData.duplicate().order(ByteOrder.nativeOrder()),"IRIS26720 RGB flow")
                                                                                                                         ^
mnt/data/photon_26753_work/candidate/app/src/main/java/com/hinnka/mycamera/processor/GlesMgcRawSpatialStacker.kt:13822:137: error: unresolved reference: GLES30
                                        val flowTexture=uploadTrue2xTexture(ev.flowWidth,ev.flowHeight,GLES30.GL_RGBA16F,GLES30.GL_RGBA,GLES30.GL_HALF_FLOAT,GLES30.GL_LINEAR,ev.flowData.duplicate().order(ByteOrder.nativeOrder()),"IRIS26720 RGB flow")
                                                                                                                                        ^
mnt/data/photon_26753_work/candidate/app/src/main/java/com/hinnka/mycamera/processor/GlesMgcRawSpatialStacker.kt:13822:158: error: unresolved reference: GLES30
                                        val flowTexture=uploadTrue2xTexture(ev.flowWidth,ev.flowHeight,GLES30.GL_RGBA16F,GLES30.GL_RGBA,GLES30.GL_HALF_FLOAT,GLES30.GL_LINEAR,ev.flowData.duplicate().order(ByteOrder.nativeOrder()),"IRIS26720 RGB flow")
                                                                                                                                                             ^
mnt/data/photon_26753_work/candidate/app/src/main/java/com/hinnka/mycamera/processor/GlesMgcRawSpatialStacker.kt:13823:95: error: unresolved reference: GLES30
                                        val covTexture=uploadTrue2xTexture(covWidth,covHeight,GLES30.GL_RGB10_A2,GLES30.GL_RGBA,GLES30.GL_UNSIGNED_INT_2_10_10_10_REV,GLES30.GL_LINEAR,cov,"IRIS26720 RGB covariance")
                                                                                              ^
mnt/data/photon_26753_work/candidate/app/src/main/java/com/hinnka/mycamera/processor/GlesMgcRawSpatialStacker.kt:13823:114: error: unresolved reference: GLES30
                                        val covTexture=uploadTrue2xTexture(covWidth,covHeight,GLES30.GL_RGB10_A2,GLES30.GL_RGBA,GLES30.GL_UNSIGNED_INT_2_10_10_10_REV,GLES30.GL_LINEAR,cov,"IRIS26720 RGB covariance")
                                                                                                                 ^
mnt/data/photon_26753_work/candidate/app/src/main/java/com/hinnka/mycamera/processor/GlesMgcRawSpatialStacker.kt:13823:129: error: unresolved reference: GLES30
                                        val covTexture=uploadTrue2xTexture(covWidth,covHeight,GLES30.GL_RGB10_A2,GLES30.GL_RGBA,GLES30.GL_UNSIGNED_INT_2_10_10_10_REV,GLES30.GL_LINEAR,cov,"IRIS26720 RGB covariance")
                                                                                                                                ^
mnt/data/photon_26753_work/candidate/app/src/main/java/com/hinnka/mycamera/processor/GlesMgcRawSpatialStacker.kt:13823:167: error: unresolved reference: GLES30
                                        val covTexture=uploadTrue2xTexture(covWidth,covHeight,GLES30.GL_RGB10_A2,GLES30.GL_RGBA,GLES30.GL_UNSIGNED_INT_2_10_10_10_REV,GLES30.GL_LINEAR,cov,"IRIS26720 RGB covariance")
                                                                                                                                                                      ^
mnt/data/photon_26753_work/candidate/app/src/main/java/com/hinnka/mycamera/processor/GlesMgcRawSpatialStacker.kt:13824:157: error: unresolved reference: GLES30
                                        val rejectionTexture=uploadTrue2xTexture(if(ev.useFrameWeight)rejWidth else 1,if(ev.useFrameWeight)rejHeight else 1,GLES30.GL_R8,GLES30.GL_RED,GLES30.GL_UNSIGNED_BYTE,GLES30.GL_LINEAR,rejection,"IRIS26720 RGB rejection")
                                                                                                                                                            ^
mnt/data/photon_26753_work/candidate/app/src/main/java/com/hinnka/mycamera/processor/GlesMgcRawSpatialStacker.kt:13824:170: error: unresolved reference: GLES30
                                        val rejectionTexture=uploadTrue2xTexture(if(ev.useFrameWeight)rejWidth else 1,if(ev.useFrameWeight)rejHeight else 1,GLES30.GL_R8,GLES30.GL_RED,GLES30.GL_UNSIGNED_BYTE,GLES30.GL_LINEAR,rejection,"IRIS26720 RGB rejection")
                                                                                                                                                                         ^
mnt/data/photon_26753_work/candidate/app/src/main/java/com/hinnka/mycamera/processor/GlesMgcRawSpatialStacker.kt:13824:184: error: unresolved reference: GLES30
                                        val rejectionTexture=uploadTrue2xTexture(if(ev.useFrameWeight)rejWidth else 1,if(ev.useFrameWeight)rejHeight else 1,GLES30.GL_R8,GLES30.GL_RED,GLES30.GL_UNSIGNED_BYTE,GLES30.GL_LINEAR,rejection,"IRIS26720 RGB rejection")
                                                                                                                                                                                       ^
mnt/data/photon_26753_work/candidate/app/src/main/java/com/hinnka/mycamera/processor/GlesMgcRawSpatialStacker.kt:13824:208: error: unresolved reference: GLES30
                                        val rejectionTexture=uploadTrue2xTexture(if(ev.useFrameWeight)rejWidth else 1,if(ev.useFrameWeight)rejHeight else 1,GLES30.GL_R8,GLES30.GL_RED,GLES30.GL_UNSIGNED_BYTE,GLES30.GL_LINEAR,rejection,"IRIS26720 RGB rejection")
                                                                                                                                                                                                               ^
mnt/data/photon_26753_work/candidate/app/src/main/java/com/hinnka/mycamera/processor/GlesMgcRawSpatialStacker.kt:13827:45: error: unresolved reference: GLES30
                                            GLES30.glUseProgram(program)
                                            ^
mnt/data/photon_26753_work/candidate/app/src/main/java/com/hinnka/mycamera/processor/GlesMgcRawSpatialStacker.kt:13849:45: error: unresolved reference: GLES30
                                            GLES30.glEnable(GLES30.GL_BLEND); GLES30.glBlendEquation(GLES30.GL_FUNC_ADD); GLES30.glBlendFunc(GLES30.GL_ONE,GLES30.GL_ONE)
                                            ^
mnt/data/photon_26753_work/candidate/app/src/main/java/com/hinnka/mycamera/processor/GlesMgcRawSpatialStacker.kt:13849:61: error: unresolved reference: GLES30
                                            GLES30.glEnable(GLES30.GL_BLEND); GLES30.glBlendEquation(GLES30.GL_FUNC_ADD); GLES30.glBlendFunc(GLES30.GL_ONE,GLES30.GL_ONE)
                                                            ^
mnt/data/photon_26753_work/candidate/app/src/main/java/com/hinnka/mycamera/processor/GlesMgcRawSpatialStacker.kt:13849:79: error: unresolved reference: GLES30
                                            GLES30.glEnable(GLES30.GL_BLEND); GLES30.glBlendEquation(GLES30.GL_FUNC_ADD); GLES30.glBlendFunc(GLES30.GL_ONE,GLES30.GL_ONE)
                                                                              ^
mnt/data/photon_26753_work/candidate/app/src/main/java/com/hinnka/mycamera/processor/GlesMgcRawSpatialStacker.kt:13849:102: error: unresolved reference: GLES30
                                            GLES30.glEnable(GLES30.GL_BLEND); GLES30.glBlendEquation(GLES30.GL_FUNC_ADD); GLES30.glBlendFunc(GLES30.GL_ONE,GLES30.GL_ONE)
                                                                                                     ^
mnt/data/photon_26753_work/candidate/app/src/main/java/com/hinnka/mycamera/processor/GlesMgcRawSpatialStacker.kt:13849:123: error: unresolved reference: GLES30
                                            GLES30.glEnable(GLES30.GL_BLEND); GLES30.glBlendEquation(GLES30.GL_FUNC_ADD); GLES30.glBlendFunc(GLES30.GL_ONE,GLES30.GL_ONE)
                                                                                                                          ^
mnt/data/photon_26753_work/candidate/app/src/main/java/com/hinnka/mycamera/processor/GlesMgcRawSpatialStacker.kt:13849:142: error: unresolved reference: GLES30
                                            GLES30.glEnable(GLES30.GL_BLEND); GLES30.glBlendEquation(GLES30.GL_FUNC_ADD); GLES30.glBlendFunc(GLES30.GL_ONE,GLES30.GL_ONE)
                                                                                                                                             ^
mnt/data/photon_26753_work/candidate/app/src/main/java/com/hinnka/mycamera/processor/GlesMgcRawSpatialStacker.kt:13849:156: error: unresolved reference: GLES30
                                            GLES30.glEnable(GLES30.GL_BLEND); GLES30.glBlendEquation(GLES30.GL_FUNC_ADD); GLES30.glBlendFunc(GLES30.GL_ONE,GLES30.GL_ONE)
                                                                                                                                                           ^
mnt/data/photon_26753_work/candidate/app/src/main/java/com/hinnka/mycamera/processor/GlesMgcRawSpatialStacker.kt:13851:45: error: unresolved reference: GLES30
                                            GLES30.glDisable(GLES30.GL_BLEND)
                                            ^
mnt/data/photon_26753_work/candidate/app/src/main/java/com/hinnka/mycamera/processor/GlesMgcRawSpatialStacker.kt:13851:62: error: unresolved reference: GLES30
                                            GLES30.glDisable(GLES30.GL_BLEND)
                                                             ^
mnt/data/photon_26753_work/candidate/app/src/main/java/com/hinnka/mycamera/processor/GlesMgcRawSpatialStacker.kt:13855:49: error: unresolved reference: LargeDirectBuffer
                                    } finally { LargeDirectBuffer.free(rejection); LargeDirectBuffer.free(cov) }
                                                ^
mnt/data/photon_26753_work/candidate/app/src/main/java/com/hinnka/mycamera/processor/GlesMgcRawSpatialStacker.kt:13855:84: error: unresolved reference: LargeDirectBuffer
                                    } finally { LargeDirectBuffer.free(rejection); LargeDirectBuffer.free(cov) }
                                                                                   ^
mnt/data/photon_26753_work/candidate/app/src/main/java/com/hinnka/mycamera/processor/GlesMgcRawSpatialStacker.kt:13858:77: error: unresolved reference: GLES30
                            val resolved=createTexture(tileWidth,tileHeight,GLES30.GL_RGBA16F,GLES30.GL_NEAREST)
                                                                            ^
mnt/data/photon_26753_work/candidate/app/src/main/java/com/hinnka/mycamera/processor/GlesMgcRawSpatialStacker.kt:13858:95: error: unresolved reference: GLES30
                            val resolved=createTexture(tileWidth,tileHeight,GLES30.GL_RGBA16F,GLES30.GL_NEAREST)
                                                                                              ^
mnt/data/photon_26753_work/candidate/app/src/main/java/com/hinnka/mycamera/processor/GlesMgcRawSpatialStacker.kt:13860:29: error: unresolved reference: GLES30
                            GLES30.glUseProgram(program); bindTexture(program,"uAccumulatedColor",0,color); bindTexture(program,"uAccumulatedWeightsGb",1,weights); if(lensTexture!=0)bindTexture(program,"uLensShading",2,lensTexture)
                            ^
mnt/data/photon_26753_work/candidate/app/src/main/java/com/hinnka/mycamera/processor/GlesMgcRawSpatialStacker.kt:13863:75: error: unresolved reference: GLES30
                            val render=createTexture(tileWidth,tileHeight,GLES30.GL_RGBA16F,GLES30.GL_NEAREST)
                                                                          ^
mnt/data/photon_26753_work/candidate/app/src/main/java/com/hinnka/mycamera/processor/GlesMgcRawSpatialStacker.kt:13863:93: error: unresolved reference: GLES30
                            val render=createTexture(tileWidth,tileHeight,GLES30.GL_RGBA16F,GLES30.GL_NEAREST)
                                                                                            ^
mnt/data/photon_26753_work/candidate/app/src/main/java/com/hinnka/mycamera/processor/GlesMgcRawSpatialStacker.kt:13864:69: error: unresolved reference: GLES30
                            program=highZoomRgbProtectProgram26720; GLES30.glUseProgram(program); bindTexture(program,"uDirectRgb",0,resolved); bindTexture(program,"uPhaseOccupancy",1,phase); bindTexture(program,"uNativeVgnGuide",2,nativeVgnGuideTexture); bindTexture(program,"uTemporalLumaStats",3,temporal)
                                                                    ^
mnt/data/photon_26753_work/candidate/app/src/main/java/com/hinnka/mycamera/processor/GlesMgcRawSpatialStacker.kt:13877:54: error: unresolved reference: GlesGpuScheduler
                    localTop += tileHeight; bands++; GlesGpuScheduler.yieldToUiRenderer()
                                                     ^
mnt/data/photon_26753_work/candidate/app/src/main/java/com/hinnka/mycamera/processor/GlesMgcRawSpatialStacker.kt:13879:17: error: unresolved reference: PLog
                PLog.i(SABRE_TAG,"IRIS_26720_HIGH_ZOOM_RGB_BANDS width=$tileWidthLimit height=$tileHeightLimit bands=$bands evidence=${evidence.size}")
                ^
mnt/data/photon_26753_work/candidate/app/src/main/java/com/hinnka/mycamera/processor/GlesMgcRawSpatialStacker.kt:13898:9: error: unresolved reference: PLog
        PLog.i(SABRE_TAG,"IRIS_26720_HIGH_ZOOM_RGB_PROOF $proof")
        ^
mnt/data/photon_26753_work/candidate/app/src/main/java/com/hinnka/mycamera/processor/GlesMgcRawSpatialStacker.kt:13899:9: error: unresolved reference: MotionTrace
        MotionTrace.processingState("IRIS_26720_HIGH_ZOOM_RGB_PROOF",proof)
        ^
mnt/data/photon_26753_work/candidate/app/src/main/java/com/hinnka/mycamera/processor/GlesMgcRawSpatialStacker.kt:13904:22: error: unresolved reference: RawStackFrame
        frames: List<RawStackFrame>,
                     ^
mnt/data/photon_26753_work/candidate/app/src/main/java/com/hinnka/mycamera/processor/GlesMgcRawSpatialStacker.kt:13905:22: error: unresolved reference: SafeImage
        images: List<SafeImage>,
                     ^
mnt/data/photon_26753_work/candidate/app/src/main/java/com/hinnka/mycamera/processor/GlesMgcRawSpatialStacker.kt:13927:13: error: unresolved reference: PLog
            PLog.i(SABRE_TAG, "IRIS_26721_HIGH_ZOOM_RGB32F_CARRIER $rgb32fProof26721")
            ^
mnt/data/photon_26753_work/candidate/app/src/main/java/com/hinnka/mycamera/processor/GlesMgcRawSpatialStacker.kt:13928:13: error: unresolved reference: MotionTrace
            MotionTrace.processingState("IRIS_26721_HIGH_ZOOM_RGB32F_CARRIER", rgb32fProof26721)
            ^
mnt/data/photon_26753_work/candidate/app/src/main/java/com/hinnka/mycamera/processor/GlesMgcRawSpatialStacker.kt:13936:22: error: unresolved reference: SafeImage
        images: List<SafeImage>,
                     ^
mnt/data/photon_26753_work/candidate/app/src/main/java/com/hinnka/mycamera/processor/GlesMgcRawSpatialStacker.kt:13948:13: error: unresolved reference: GlesMgcRawSabreShaders
            GlesMgcRawSabreShaders.highZoomDetailMerge26718, "iris_26718_high_zoom_detail_merge",
            ^
mnt/data/photon_26753_work/candidate/app/src/main/java/com/hinnka/mycamera/processor/GlesMgcRawSpatialStacker.kt:13951:13: error: unresolved reference: GlesMgcRawSabreShaders
            GlesMgcRawSabreShaders.highZoomDetailResolve26718, "iris_26718_high_zoom_detail_resolve",
            ^
mnt/data/photon_26753_work/candidate/app/src/main/java/com/hinnka/mycamera/processor/GlesMgcRawSpatialStacker.kt:13955:9: error: unresolved reference: GLES30
        GLES30.glGetIntegerv(GLES30.GL_MAX_TEXTURE_SIZE, maxTexture, 0)
        ^
mnt/data/photon_26753_work/candidate/app/src/main/java/com/hinnka/mycamera/processor/GlesMgcRawSpatialStacker.kt:13955:30: error: unresolved reference: GLES30
        GLES30.glGetIntegerv(GLES30.GL_MAX_TEXTURE_SIZE, maxTexture, 0)
                             ^
mnt/data/photon_26753_work/candidate/app/src/main/java/com/hinnka/mycamera/processor/GlesMgcRawSpatialStacker.kt:13979:73: error: unresolved reference: GLES30
                    val temporal = createTexture(tileWidth, tileHeight, GLES30.GL_RGBA16F, GLES30.GL_NEAREST)
                                                                        ^
mnt/data/photon_26753_work/candidate/app/src/main/java/com/hinnka/mycamera/processor/GlesMgcRawSpatialStacker.kt:13979:92: error: unresolved reference: GLES30
                    val temporal = createTexture(tileWidth, tileHeight, GLES30.GL_RGBA16F, GLES30.GL_NEAREST)
                                                                                           ^
mnt/data/photon_26753_work/candidate/app/src/main/java/com/hinnka/mycamera/processor/GlesMgcRawSpatialStacker.kt:13980:70: error: unresolved reference: GLES30
                    val phase = createTexture(tileWidth, tileHeight, GLES30.GL_RGBA8, GLES30.GL_NEAREST)
                                                                     ^
mnt/data/photon_26753_work/candidate/app/src/main/java/com/hinnka/mycamera/processor/GlesMgcRawSpatialStacker.kt:13980:87: error: unresolved reference: GLES30
                    val phase = createTexture(tileWidth, tileHeight, GLES30.GL_RGBA8, GLES30.GL_NEAREST)
                                                                                      ^
mnt/data/photon_26753_work/candidate/app/src/main/java/com/hinnka/mycamera/processor/GlesMgcRawSpatialStacker.kt:13983:25: error: unresolved reference: GLES30
                        GLES30.glClearBufferfv(GLES30.GL_COLOR, 0, floatArrayOf(0f,0f,0f,0f), 0)
                        ^
mnt/data/photon_26753_work/candidate/app/src/main/java/com/hinnka/mycamera/processor/GlesMgcRawSpatialStacker.kt:13983:48: error: unresolved reference: GLES30
                        GLES30.glClearBufferfv(GLES30.GL_COLOR, 0, floatArrayOf(0f,0f,0f,0f), 0)
                                               ^
mnt/data/photon_26753_work/candidate/app/src/main/java/com/hinnka/mycamera/processor/GlesMgcRawSpatialStacker.kt:13984:25: error: unresolved reference: GLES30
                        GLES30.glClearBufferfv(GLES30.GL_COLOR, 1, floatArrayOf(0f,0f,0f,0f), 0)
                        ^
mnt/data/photon_26753_work/candidate/app/src/main/java/com/hinnka/mycamera/processor/GlesMgcRawSpatialStacker.kt:13984:48: error: unresolved reference: GLES30
                        GLES30.glClearBufferfv(GLES30.GL_COLOR, 1, floatArrayOf(0f,0f,0f,0f), 0)
                                               ^
mnt/data/photon_26753_work/candidate/app/src/main/java/com/hinnka/mycamera/processor/GlesMgcRawSpatialStacker.kt:13985:25: error: unresolved reference: GLES30
                        GLES30.glBindFramebuffer(GLES30.GL_FRAMEBUFFER, 0)
                        ^
mnt/data/photon_26753_work/candidate/app/src/main/java/com/hinnka/mycamera/processor/GlesMgcRawSpatialStacker.kt:13985:50: error: unresolved reference: GLES30
                        GLES30.glBindFramebuffer(GLES30.GL_FRAMEBUFFER, 0)
                                                 ^
mnt/data/photon_26753_work/candidate/app/src/main/java/com/hinnka/mycamera/processor/GlesMgcRawSpatialStacker.kt:13999:106: error: not enough information to infer type variable R
                            readTrue2xRawRegion(images[ev.frameIndex],rawLeft,rawTop,rawWidth,rawHeight).use { raw ->
                                                                                                         ^
mnt/data/photon_26753_work/candidate/app/src/main/java/com/hinnka/mycamera/processor/GlesMgcRawSpatialStacker.kt:14005:91: error: unresolved reference: GLES30
                                    val rawTexture=uploadTrue2xTexture(rawWidth,rawHeight,GLES30.GL_R16UI,GLES30.GL_RED_INTEGER,GLES30.GL_UNSIGNED_SHORT,GLES30.GL_NEAREST,raw.buffer,"IRIS26718 raw upload",unpackRowLength=raw.rowStrideSamples)
                                                                                          ^
mnt/data/photon_26753_work/candidate/app/src/main/java/com/hinnka/mycamera/processor/GlesMgcRawSpatialStacker.kt:14005:107: error: unresolved reference: GLES30
                                    val rawTexture=uploadTrue2xTexture(rawWidth,rawHeight,GLES30.GL_R16UI,GLES30.GL_RED_INTEGER,GLES30.GL_UNSIGNED_SHORT,GLES30.GL_NEAREST,raw.buffer,"IRIS26718 raw upload",unpackRowLength=raw.rowStrideSamples)
                                                                                                          ^
mnt/data/photon_26753_work/candidate/app/src/main/java/com/hinnka/mycamera/processor/GlesMgcRawSpatialStacker.kt:14005:129: error: unresolved reference: GLES30
                                    val rawTexture=uploadTrue2xTexture(rawWidth,rawHeight,GLES30.GL_R16UI,GLES30.GL_RED_INTEGER,GLES30.GL_UNSIGNED_SHORT,GLES30.GL_NEAREST,raw.buffer,"IRIS26718 raw upload",unpackRowLength=raw.rowStrideSamples)
                                                                                                                                ^
mnt/data/photon_26753_work/candidate/app/src/main/java/com/hinnka/mycamera/processor/GlesMgcRawSpatialStacker.kt:14005:154: error: unresolved reference: GLES30
                                    val rawTexture=uploadTrue2xTexture(rawWidth,rawHeight,GLES30.GL_R16UI,GLES30.GL_RED_INTEGER,GLES30.GL_UNSIGNED_SHORT,GLES30.GL_NEAREST,raw.buffer,"IRIS26718 raw upload",unpackRowLength=raw.rowStrideSamples)
                                                                                                                                                         ^
mnt/data/photon_26753_work/candidate/app/src/main/java/com/hinnka/mycamera/processor/GlesMgcRawSpatialStacker.kt:14006:100: error: unresolved reference: GLES30
                                    val flowTexture=uploadTrue2xTexture(ev.flowWidth,ev.flowHeight,GLES30.GL_RGBA16F,GLES30.GL_RGBA,GLES30.GL_HALF_FLOAT,GLES30.GL_LINEAR,ev.flowData.duplicate().order(ByteOrder.nativeOrder()),"IRIS26718 flow upload")
                                                                                                   ^
mnt/data/photon_26753_work/candidate/app/src/main/java/com/hinnka/mycamera/processor/GlesMgcRawSpatialStacker.kt:14006:118: error: unresolved reference: GLES30
                                    val flowTexture=uploadTrue2xTexture(ev.flowWidth,ev.flowHeight,GLES30.GL_RGBA16F,GLES30.GL_RGBA,GLES30.GL_HALF_FLOAT,GLES30.GL_LINEAR,ev.flowData.duplicate().order(ByteOrder.nativeOrder()),"IRIS26718 flow upload")
                                                                                                                     ^
mnt/data/photon_26753_work/candidate/app/src/main/java/com/hinnka/mycamera/processor/GlesMgcRawSpatialStacker.kt:14006:133: error: unresolved reference: GLES30
                                    val flowTexture=uploadTrue2xTexture(ev.flowWidth,ev.flowHeight,GLES30.GL_RGBA16F,GLES30.GL_RGBA,GLES30.GL_HALF_FLOAT,GLES30.GL_LINEAR,ev.flowData.duplicate().order(ByteOrder.nativeOrder()),"IRIS26718 flow upload")
                                                                                                                                    ^
mnt/data/photon_26753_work/candidate/app/src/main/java/com/hinnka/mycamera/processor/GlesMgcRawSpatialStacker.kt:14006:154: error: unresolved reference: GLES30
                                    val flowTexture=uploadTrue2xTexture(ev.flowWidth,ev.flowHeight,GLES30.GL_RGBA16F,GLES30.GL_RGBA,GLES30.GL_HALF_FLOAT,GLES30.GL_LINEAR,ev.flowData.duplicate().order(ByteOrder.nativeOrder()),"IRIS26718 flow upload")
                                                                                                                                                         ^
mnt/data/photon_26753_work/candidate/app/src/main/java/com/hinnka/mycamera/processor/GlesMgcRawSpatialStacker.kt:14007:91: error: unresolved reference: GLES30
                                    val covTexture=uploadTrue2xTexture(covWidth,covHeight,GLES30.GL_RGB10_A2,GLES30.GL_RGBA,GLES30.GL_UNSIGNED_INT_2_10_10_10_REV,GLES30.GL_LINEAR,cov,"IRIS26718 covariance upload")
                                                                                          ^
mnt/data/photon_26753_work/candidate/app/src/main/java/com/hinnka/mycamera/processor/GlesMgcRawSpatialStacker.kt:14007:110: error: unresolved reference: GLES30
                                    val covTexture=uploadTrue2xTexture(covWidth,covHeight,GLES30.GL_RGB10_A2,GLES30.GL_RGBA,GLES30.GL_UNSIGNED_INT_2_10_10_10_REV,GLES30.GL_LINEAR,cov,"IRIS26718 covariance upload")
                                                                                                             ^
mnt/data/photon_26753_work/candidate/app/src/main/java/com/hinnka/mycamera/processor/GlesMgcRawSpatialStacker.kt:14007:125: error: unresolved reference: GLES30
                                    val covTexture=uploadTrue2xTexture(covWidth,covHeight,GLES30.GL_RGB10_A2,GLES30.GL_RGBA,GLES30.GL_UNSIGNED_INT_2_10_10_10_REV,GLES30.GL_LINEAR,cov,"IRIS26718 covariance upload")
                                                                                                                            ^
mnt/data/photon_26753_work/candidate/app/src/main/java/com/hinnka/mycamera/processor/GlesMgcRawSpatialStacker.kt:14007:163: error: unresolved reference: GLES30
                                    val covTexture=uploadTrue2xTexture(covWidth,covHeight,GLES30.GL_RGB10_A2,GLES30.GL_RGBA,GLES30.GL_UNSIGNED_INT_2_10_10_10_REV,GLES30.GL_LINEAR,cov,"IRIS26718 covariance upload")
                                                                                                                                                                  ^
mnt/data/photon_26753_work/candidate/app/src/main/java/com/hinnka/mycamera/processor/GlesMgcRawSpatialStacker.kt:14008:153: error: unresolved reference: GLES30
                                    val rejectionTexture=uploadTrue2xTexture(if(ev.useFrameWeight)rejWidth else 1,if(ev.useFrameWeight)rejHeight else 1,GLES30.GL_R8,GLES30.GL_RED,GLES30.GL_UNSIGNED_BYTE,GLES30.GL_LINEAR,rejection,"IRIS26718 rejection upload")
                                                                                                                                                        ^
mnt/data/photon_26753_work/candidate/app/src/main/java/com/hinnka/mycamera/processor/GlesMgcRawSpatialStacker.kt:14008:166: error: unresolved reference: GLES30
                                    val rejectionTexture=uploadTrue2xTexture(if(ev.useFrameWeight)rejWidth else 1,if(ev.useFrameWeight)rejHeight else 1,GLES30.GL_R8,GLES30.GL_RED,GLES30.GL_UNSIGNED_BYTE,GLES30.GL_LINEAR,rejection,"IRIS26718 rejection upload")
                                                                                                                                                                     ^
mnt/data/photon_26753_work/candidate/app/src/main/java/com/hinnka/mycamera/processor/GlesMgcRawSpatialStacker.kt:14008:180: error: unresolved reference: GLES30
                                    val rejectionTexture=uploadTrue2xTexture(if(ev.useFrameWeight)rejWidth else 1,if(ev.useFrameWeight)rejHeight else 1,GLES30.GL_R8,GLES30.GL_RED,GLES30.GL_UNSIGNED_BYTE,GLES30.GL_LINEAR,rejection,"IRIS26718 rejection upload")
                                                                                                                                                                                   ^
mnt/data/photon_26753_work/candidate/app/src/main/java/com/hinnka/mycamera/processor/GlesMgcRawSpatialStacker.kt:14008:204: error: unresolved reference: GLES30
                                    val rejectionTexture=uploadTrue2xTexture(if(ev.useFrameWeight)rejWidth else 1,if(ev.useFrameWeight)rejHeight else 1,GLES30.GL_R8,GLES30.GL_RED,GLES30.GL_UNSIGNED_BYTE,GLES30.GL_LINEAR,rejection,"IRIS26718 rejection upload")
                                                                                                                                                                                                           ^
mnt/data/photon_26753_work/candidate/app/src/main/java/com/hinnka/mycamera/processor/GlesMgcRawSpatialStacker.kt:14011:41: error: unresolved reference: GLES30
                                        GLES30.glUseProgram(program)
                                        ^
mnt/data/photon_26753_work/candidate/app/src/main/java/com/hinnka/mycamera/processor/GlesMgcRawSpatialStacker.kt:14022:41: error: unresolved reference: GLES30
                                        GLES30.glEnable(GLES30.GL_BLEND); GLES30.glBlendEquation(GLES30.GL_FUNC_ADD); GLES30.glBlendFunc(GLES30.GL_ONE,GLES30.GL_ONE)
                                        ^
mnt/data/photon_26753_work/candidate/app/src/main/java/com/hinnka/mycamera/processor/GlesMgcRawSpatialStacker.kt:14022:57: error: unresolved reference: GLES30
                                        GLES30.glEnable(GLES30.GL_BLEND); GLES30.glBlendEquation(GLES30.GL_FUNC_ADD); GLES30.glBlendFunc(GLES30.GL_ONE,GLES30.GL_ONE)
                                                        ^
mnt/data/photon_26753_work/candidate/app/src/main/java/com/hinnka/mycamera/processor/GlesMgcRawSpatialStacker.kt:14022:75: error: unresolved reference: GLES30
                                        GLES30.glEnable(GLES30.GL_BLEND); GLES30.glBlendEquation(GLES30.GL_FUNC_ADD); GLES30.glBlendFunc(GLES30.GL_ONE,GLES30.GL_ONE)
                                                                          ^
mnt/data/photon_26753_work/candidate/app/src/main/java/com/hinnka/mycamera/processor/GlesMgcRawSpatialStacker.kt:14022:98: error: unresolved reference: GLES30
                                        GLES30.glEnable(GLES30.GL_BLEND); GLES30.glBlendEquation(GLES30.GL_FUNC_ADD); GLES30.glBlendFunc(GLES30.GL_ONE,GLES30.GL_ONE)
                                                                                                 ^
mnt/data/photon_26753_work/candidate/app/src/main/java/com/hinnka/mycamera/processor/GlesMgcRawSpatialStacker.kt:14022:119: error: unresolved reference: GLES30
                                        GLES30.glEnable(GLES30.GL_BLEND); GLES30.glBlendEquation(GLES30.GL_FUNC_ADD); GLES30.glBlendFunc(GLES30.GL_ONE,GLES30.GL_ONE)
                                                                                                                      ^
mnt/data/photon_26753_work/candidate/app/src/main/java/com/hinnka/mycamera/processor/GlesMgcRawSpatialStacker.kt:14022:138: error: unresolved reference: GLES30
                                        GLES30.glEnable(GLES30.GL_BLEND); GLES30.glBlendEquation(GLES30.GL_FUNC_ADD); GLES30.glBlendFunc(GLES30.GL_ONE,GLES30.GL_ONE)
                                                                                                                                         ^
mnt/data/photon_26753_work/candidate/app/src/main/java/com/hinnka/mycamera/processor/GlesMgcRawSpatialStacker.kt:14022:152: error: unresolved reference: GLES30
                                        GLES30.glEnable(GLES30.GL_BLEND); GLES30.glBlendEquation(GLES30.GL_FUNC_ADD); GLES30.glBlendFunc(GLES30.GL_ONE,GLES30.GL_ONE)
                                                                                                                                                       ^
mnt/data/photon_26753_work/candidate/app/src/main/java/com/hinnka/mycamera/processor/GlesMgcRawSpatialStacker.kt:14024:41: error: unresolved reference: GLES30
                                        GLES30.glDisable(GLES30.GL_BLEND)
                                        ^
mnt/data/photon_26753_work/candidate/app/src/main/java/com/hinnka/mycamera/processor/GlesMgcRawSpatialStacker.kt:14024:58: error: unresolved reference: GLES30
                                        GLES30.glDisable(GLES30.GL_BLEND)
                                                         ^
mnt/data/photon_26753_work/candidate/app/src/main/java/com/hinnka/mycamera/processor/GlesMgcRawSpatialStacker.kt:14028:45: error: unresolved reference: LargeDirectBuffer
                                } finally { LargeDirectBuffer.free(rejection); LargeDirectBuffer.free(cov) }
                                            ^
mnt/data/photon_26753_work/candidate/app/src/main/java/com/hinnka/mycamera/processor/GlesMgcRawSpatialStacker.kt:14028:80: error: unresolved reference: LargeDirectBuffer
                                } finally { LargeDirectBuffer.free(rejection); LargeDirectBuffer.free(cov) }
                                                                               ^
mnt/data/photon_26753_work/candidate/app/src/main/java/com/hinnka/mycamera/processor/GlesMgcRawSpatialStacker.kt:14031:71: error: unresolved reference: GLES30
                        val detail=createTexture(tileWidth,tileHeight,GLES30.GL_RGBA16F,GLES30.GL_NEAREST)
                                                                      ^
mnt/data/photon_26753_work/candidate/app/src/main/java/com/hinnka/mycamera/processor/GlesMgcRawSpatialStacker.kt:14031:89: error: unresolved reference: GLES30
                        val detail=createTexture(tileWidth,tileHeight,GLES30.GL_RGBA16F,GLES30.GL_NEAREST)
                                                                                        ^
mnt/data/photon_26753_work/candidate/app/src/main/java/com/hinnka/mycamera/processor/GlesMgcRawSpatialStacker.kt:14033:25: error: unresolved reference: GLES30
                        GLES30.glUseProgram(program)
                        ^
mnt/data/photon_26753_work/candidate/app/src/main/java/com/hinnka/mycamera/processor/GlesMgcRawSpatialStacker.kt:14047:17: error: unresolved reference: GlesGpuScheduler
                GlesGpuScheduler.yieldToUiRenderer()
                ^
mnt/data/photon_26753_work/candidate/app/src/main/java/com/hinnka/mycamera/processor/GlesMgcRawSpatialStacker.kt:14062:9: error: unresolved reference: PLog
        PLog.i(SABRE_TAG,"IRIS_26718_HIGH_ZOOM_DETAIL_PROOF $proof")
        ^
mnt/data/photon_26753_work/candidate/app/src/main/java/com/hinnka/mycamera/processor/GlesMgcRawSpatialStacker.kt:14063:9: error: unresolved reference: MotionTrace
        MotionTrace.processingState("IRIS_26718_HIGH_ZOOM_DETAIL_PROOF",proof)
        ^
mnt/data/photon_26753_work/candidate/app/src/main/java/com/hinnka/mycamera/processor/GlesMgcRawSpatialStacker.kt:14083:30: error: unresolved reference: Half
            val confidence = Half.toFloat(values.get(index * 4 + 3))
                             ^
mnt/data/photon_26753_work/candidate/app/src/main/java/com/hinnka/mycamera/processor/GlesMgcRawSpatialStacker.kt:14085:22: error: unresolved reference: Half
            val fx = Half.toFloat(values.get(index * 4)) * width.toFloat()
                     ^
mnt/data/photon_26753_work/candidate/app/src/main/java/com/hinnka/mycamera/processor/GlesMgcRawSpatialStacker.kt:14086:22: error: unresolved reference: Half
            val fy = Half.toFloat(values.get(index * 4 + 1)) * height.toFloat()
                     ^
mnt/data/photon_26753_work/candidate/app/src/main/java/com/hinnka/mycamera/processor/GlesMgcRawSpatialStacker.kt:14088:20: error: overload resolution ambiguity: 
public operator fun <T> Collection<TypeVariable(T)>.plus(elements: Array<out TypeVariable(T)>): List<TypeVariable(T)> defined in kotlin.collections
public operator fun <T> Collection<TypeVariable(T)>.plus(elements: Iterable<TypeVariable(T)>): List<TypeVariable(T)> defined in kotlin.collections
public operator fun <T> Collection<TypeVariable(T)>.plus(elements: Sequence<TypeVariable(T)>): List<TypeVariable(T)> defined in kotlin.collections
public operator fun <T> Iterable<TypeVariable(T)>.plus(elements: Array<out TypeVariable(T)>): List<TypeVariable(T)> defined in kotlin.collections
public operator fun <T> Iterable<TypeVariable(T)>.plus(elements: Iterable<TypeVariable(T)>): List<TypeVariable(T)> defined in kotlin.collections
public operator fun <T> Iterable<TypeVariable(T)>.plus(elements: Sequence<TypeVariable(T)>): List<TypeVariable(T)> defined in kotlin.collections
                xs += fx
                   ^
mnt/data/photon_26753_work/candidate/app/src/main/java/com/hinnka/mycamera/processor/GlesMgcRawSpatialStacker.kt:14089:20: error: overload resolution ambiguity: 
public operator fun <T> Collection<TypeVariable(T)>.plus(elements: Array<out TypeVariable(T)>): List<TypeVariable(T)> defined in kotlin.collections
public operator fun <T> Collection<TypeVariable(T)>.plus(elements: Iterable<TypeVariable(T)>): List<TypeVariable(T)> defined in kotlin.collections
public operator fun <T> Collection<TypeVariable(T)>.plus(elements: Sequence<TypeVariable(T)>): List<TypeVariable(T)> defined in kotlin.collections
public operator fun <T> Iterable<TypeVariable(T)>.plus(elements: Array<out TypeVariable(T)>): List<TypeVariable(T)> defined in kotlin.collections
public operator fun <T> Iterable<TypeVariable(T)>.plus(elements: Iterable<TypeVariable(T)>): List<TypeVariable(T)> defined in kotlin.collections
public operator fun <T> Iterable<TypeVariable(T)>.plus(elements: Sequence<TypeVariable(T)>): List<TypeVariable(T)> defined in kotlin.collections
                ys += fy
                   ^
mnt/data/photon_26753_work/candidate/app/src/main/java/com/hinnka/mycamera/processor/GlesMgcRawSpatialStacker.kt:14105:16: error: unresolved reference: SafeImage
        image: SafeImage,
               ^
mnt/data/photon_26753_work/candidate/app/src/main/java/com/hinnka/mycamera/processor/GlesMgcRawSpatialStacker.kt:14145:29: error: unresolved reference: IrisTrue2xSrNative
                            IrisTrue2xSrNative.writePlanBLumaTile(
                            ^
mnt/data/photon_26753_work/candidate/app/src/main/java/com/hinnka/mycamera/processor/GlesMgcRawSpatialStacker.kt:14163:25: error: unresolved reference: LargeDirectBuffer
                        LargeDirectBuffer.free(covariance)
                        ^
mnt/data/photon_26753_work/candidate/app/src/main/java/com/hinnka/mycamera/processor/GlesMgcRawSpatialStacker.kt:14236:22: error: unresolved reference: RawStackFrame
        frames: List<RawStackFrame>,
                     ^
mnt/data/photon_26753_work/candidate/app/src/main/java/com/hinnka/mycamera/processor/GlesMgcRawSpatialStacker.kt:14237:22: error: unresolved reference: SafeImage
        images: List<SafeImage>,
                     ^
mnt/data/photon_26753_work/candidate/app/src/main/java/com/hinnka/mycamera/processor/GlesMgcRawSpatialStacker.kt:14249:62: error: unresolved reference: RawBurstFrameRole
        require(evidence.all { frames[it.frameIndex].role == RawBurstFrameRole.NORMAL }) {
                                                             ^
mnt/data/photon_26753_work/candidate/app/src/main/java/com/hinnka/mycamera/processor/GlesMgcRawSpatialStacker.kt:14364:29: error: unresolved reference: IrisTrue2xSrNative
                            IrisTrue2xSrNative.reconstructPlanBTileDirect(
                            ^
mnt/data/photon_26753_work/candidate/app/src/main/java/com/hinnka/mycamera/processor/GlesMgcRawSpatialStacker.kt:14380:29: error: unresolved reference: IrisTrue2xSrNative
                            IrisTrue2xSrNative.accumulatePlanBTile(
                            ^
mnt/data/photon_26753_work/candidate/app/src/main/java/com/hinnka/mycamera/processor/GlesMgcRawSpatialStacker.kt:14400:17: error: unresolved reference: GlesGpuScheduler
                GlesGpuScheduler.yieldToUiRenderer()
                ^
mnt/data/photon_26753_work/candidate/app/src/main/java/com/hinnka/mycamera/processor/GlesMgcRawSpatialStacker.kt:14413:17: error: unresolved reference: IrisTrue2xSrNative
                IrisTrue2xSrNative.finalizePlanBAccumulation(
                ^
mnt/data/photon_26753_work/candidate/app/src/main/java/com/hinnka/mycamera/processor/GlesMgcRawSpatialStacker.kt:14422:17: error: unresolved reference: IrisTrue2xSrNative
                IrisTrue2xSrNative.buildPlanBDetail(
                ^
mnt/data/photon_26753_work/candidate/app/src/main/java/com/hinnka/mycamera/processor/GlesMgcRawSpatialStacker.kt:14433:21: error: unresolved reference: IrisTrue2xSrNative
                    IrisTrue2xSrNative.composePlanBRender(
                    ^
mnt/data/photon_26753_work/candidate/app/src/main/java/com/hinnka/mycamera/processor/GlesMgcRawSpatialStacker.kt:14463:13: error: unresolved reference: PLog
            PLog.i(SABRE_TAG, "IRIS_26753_IPOL_PLAN_B_PROOF $proof")
            ^
mnt/data/photon_26753_work/candidate/app/src/main/java/com/hinnka/mycamera/processor/GlesMgcRawSpatialStacker.kt:14464:13: error: unresolved reference: MotionTrace
            MotionTrace.processingState("IRIS_26753_IPOL_PLAN_B_PROOF", proof)
            ^
mnt/data/photon_26753_work/candidate/app/src/main/java/com/hinnka/mycamera/processor/GlesMgcRawSpatialStacker.kt:14503:22: error: unresolved reference: SafeImage
        images: List<SafeImage>,
                     ^
mnt/data/photon_26753_work/candidate/app/src/main/java/com/hinnka/mycamera/processor/GlesMgcRawSpatialStacker.kt:14552:22: error: unresolved reference: RawStackFrame
        frames: List<RawStackFrame>,
                     ^
mnt/data/photon_26753_work/candidate/app/src/main/java/com/hinnka/mycamera/processor/GlesMgcRawSpatialStacker.kt:14553:22: error: unresolved reference: SafeImage
        images: List<SafeImage>,
                     ^
mnt/data/photon_26753_work/candidate/app/src/main/java/com/hinnka/mycamera/processor/GlesMgcRawSpatialStacker.kt:14591:9: error: unresolved reference: PLog
        PLog.i(SABRE_TAG, "IRIS_26753_PLAN_B_SR_READY $proof")
        ^
mnt/data/photon_26753_work/candidate/app/src/main/java/com/hinnka/mycamera/processor/GlesMgcRawSpatialStacker.kt:14592:9: error: unresolved reference: MotionTrace
        MotionTrace.processingState("IRIS_26753_PLAN_B_SR_READY", proof)
        ^
mnt/data/photon_26753_work/candidate/app/src/main/java/com/hinnka/mycamera/processor/GlesMgcRawSpatialStacker.kt:14608:22: error: unresolved reference: RawStackFrame
        frames: List<RawStackFrame>,
                     ^
mnt/data/photon_26753_work/candidate/app/src/main/java/com/hinnka/mycamera/processor/GlesMgcRawSpatialStacker.kt:14609:22: error: unresolved reference: SafeImage
        images: List<SafeImage>,
                     ^
mnt/data/photon_26753_work/candidate/app/src/main/java/com/hinnka/mycamera/processor/GlesMgcRawSpatialStacker.kt:14626:9: error: unresolved reference: PLog
        PLog.e(SABRE_TAG,"IRIS_26568_TRUE2X_GPU_FALLBACK_CPU reason=${gpuFailure.message}",gpuFailure)
        ^
mnt/data/photon_26753_work/candidate/app/src/main/java/com/hinnka/mycamera/processor/GlesMgcRawSpatialStacker.kt:14627:9: error: unresolved reference: MotionTrace
        MotionTrace.processingState(
        ^
mnt/data/photon_26753_work/candidate/app/src/main/java/com/hinnka/mycamera/processor/GlesMgcRawSpatialStacker.kt:14642:13: error: unresolved reference: MotionTrace
            MotionTrace.processingState(
            ^
mnt/data/photon_26753_work/candidate/app/src/main/java/com/hinnka/mycamera/processor/GlesMgcRawSpatialStacker.kt:14654:13: error: unresolved reference: LargeDirectBuffer
            LargeDirectBuffer.free(ev.flowData)
            ^
kotlinc_exit=1
