mnt/data/photon_26753_work/candidate/app/src/main/java/com/particlesdevs/photoncamera/processing/processor/PhotonMotionMgc1271Bridge.kt:3:8: error: unresolved reference: android
import android.graphics.ImageFormat
       ^
mnt/data/photon_26753_work/candidate/app/src/main/java/com/particlesdevs/photoncamera/processing/processor/PhotonMotionMgc1271Bridge.kt:4:8: error: unresolved reference: android
import android.graphics.Point
       ^
mnt/data/photon_26753_work/candidate/app/src/main/java/com/particlesdevs/photoncamera/processing/processor/PhotonMotionMgc1271Bridge.kt:5:8: error: unresolved reference: android
import android.opengl.EGL14
       ^
mnt/data/photon_26753_work/candidate/app/src/main/java/com/particlesdevs/photoncamera/processing/processor/PhotonMotionMgc1271Bridge.kt:6:8: error: unresolved reference: android
import android.opengl.EGLConfig
       ^
mnt/data/photon_26753_work/candidate/app/src/main/java/com/particlesdevs/photoncamera/processing/processor/PhotonMotionMgc1271Bridge.kt:7:8: error: unresolved reference: android
import android.opengl.EGLContext
       ^
mnt/data/photon_26753_work/candidate/app/src/main/java/com/particlesdevs/photoncamera/processing/processor/PhotonMotionMgc1271Bridge.kt:8:8: error: unresolved reference: android
import android.opengl.EGLDisplay
       ^
mnt/data/photon_26753_work/candidate/app/src/main/java/com/particlesdevs/photoncamera/processing/processor/PhotonMotionMgc1271Bridge.kt:9:8: error: unresolved reference: android
import android.opengl.EGLSurface
       ^
mnt/data/photon_26753_work/candidate/app/src/main/java/com/particlesdevs/photoncamera/processing/processor/PhotonMotionMgc1271Bridge.kt:10:8: error: unresolved reference: android
import android.opengl.GLES20
       ^
mnt/data/photon_26753_work/candidate/app/src/main/java/com/particlesdevs/photoncamera/processing/processor/PhotonMotionMgc1271Bridge.kt:11:8: error: unresolved reference: android
import android.opengl.GLES30
       ^
mnt/data/photon_26753_work/candidate/app/src/main/java/com/particlesdevs/photoncamera/processing/processor/PhotonMotionMgc1271Bridge.kt:12:8: error: unresolved reference: android
import android.os.Build
       ^
mnt/data/photon_26753_work/candidate/app/src/main/java/com/particlesdevs/photoncamera/processing/processor/PhotonMotionMgc1271Bridge.kt:13:8: error: unresolved reference: android
import android.util.Half
       ^
mnt/data/photon_26753_work/candidate/app/src/main/java/com/particlesdevs/photoncamera/processing/processor/PhotonMotionMgc1271Bridge.kt:14:12: error: unresolved reference: hinnka
import com.hinnka.mycamera.model.SafeImage
           ^
mnt/data/photon_26753_work/candidate/app/src/main/java/com/particlesdevs/photoncamera/processing/processor/PhotonMotionMgc1271Bridge.kt:15:12: error: unresolved reference: hinnka
import com.hinnka.mycamera.processor.GlesGpuScheduler
           ^
mnt/data/photon_26753_work/candidate/app/src/main/java/com/particlesdevs/photoncamera/processing/processor/PhotonMotionMgc1271Bridge.kt:16:12: error: unresolved reference: hinnka
import com.hinnka.mycamera.processor.GlesMgcRawFusion
           ^
mnt/data/photon_26753_work/candidate/app/src/main/java/com/particlesdevs/photoncamera/processing/processor/PhotonMotionMgc1271Bridge.kt:17:12: error: unresolved reference: hinnka
import com.hinnka.mycamera.processor.GpuLinearRgbStorage
           ^
mnt/data/photon_26753_work/candidate/app/src/main/java/com/particlesdevs/photoncamera/processing/processor/PhotonMotionMgc1271Bridge.kt:18:12: error: unresolved reference: hinnka
import com.hinnka.mycamera.processor.RawBurstFrameRole
           ^
mnt/data/photon_26753_work/candidate/app/src/main/java/com/particlesdevs/photoncamera/processing/processor/PhotonMotionMgc1271Bridge.kt:19:12: error: unresolved reference: hinnka
import com.hinnka.mycamera.processor.RawNoiseProfileSelection
           ^
mnt/data/photon_26753_work/candidate/app/src/main/java/com/particlesdevs/photoncamera/processing/processor/PhotonMotionMgc1271Bridge.kt:20:12: error: unresolved reference: hinnka
import com.hinnka.mycamera.processor.RawNoiseModel
           ^
mnt/data/photon_26753_work/candidate/app/src/main/java/com/particlesdevs/photoncamera/processing/processor/PhotonMotionMgc1271Bridge.kt:21:12: error: unresolved reference: hinnka
import com.hinnka.mycamera.processor.RawStackBufferLayout
           ^
mnt/data/photon_26753_work/candidate/app/src/main/java/com/particlesdevs/photoncamera/processing/processor/PhotonMotionMgc1271Bridge.kt:22:12: error: unresolved reference: hinnka
import com.hinnka.mycamera.processor.RawStackFrame
           ^
mnt/data/photon_26753_work/candidate/app/src/main/java/com/particlesdevs/photoncamera/processing/processor/PhotonMotionMgc1271Bridge.kt:23:12: error: unresolved reference: hinnka
import com.hinnka.mycamera.processor.prewarmGlesMgcSabreCapturePrograms
           ^
mnt/data/photon_26753_work/candidate/app/src/main/java/com/particlesdevs/photoncamera/processing/processor/PhotonMotionMgc1271Bridge.kt:24:12: error: unresolved reference: hinnka
import com.hinnka.mycamera.raw.MgcFullResolutionDenoise
           ^
mnt/data/photon_26753_work/candidate/app/src/main/java/com/particlesdevs/photoncamera/processing/processor/PhotonMotionMgc1271Bridge.kt:25:12: error: unresolved reference: hinnka
import com.hinnka.mycamera.raw.RawMetadata
           ^
mnt/data/photon_26753_work/candidate/app/src/main/java/com/particlesdevs/photoncamera/processing/processor/PhotonMotionMgc1271Bridge.kt:26:12: error: unresolved reference: hinnka
import com.hinnka.mycamera.raw.RawNoiseProfileLayout
           ^
mnt/data/photon_26753_work/candidate/app/src/main/java/com/particlesdevs/photoncamera/processing/processor/PhotonMotionMgc1271Bridge.kt:27:12: error: unresolved reference: hinnka
import com.hinnka.mycamera.utils.LargeDirectBuffer
           ^
mnt/data/photon_26753_work/candidate/app/src/main/java/com/particlesdevs/photoncamera/processing/processor/PhotonMotionMgc1271Bridge.kt:28:12: error: unresolved reference: hinnka
import com.hinnka.mycamera.utils.PLog
           ^
mnt/data/photon_26753_work/candidate/app/src/main/java/com/particlesdevs/photoncamera/processing/processor/PhotonMotionMgc1271Bridge.kt:29:39: error: unresolved reference: app
import com.particlesdevs.photoncamera.app.PhotonCamera
                                      ^
mnt/data/photon_26753_work/candidate/app/src/main/java/com/particlesdevs/photoncamera/processing/processor/PhotonMotionMgc1271Bridge.kt:30:50: error: unresolved reference: ImageFrame
import com.particlesdevs.photoncamera.processing.ImageFrame
                                                 ^
mnt/data/photon_26753_work/candidate/app/src/main/java/com/particlesdevs/photoncamera/processing/processor/PhotonMotionMgc1271Bridge.kt:31:50: error: unresolved reference: MotionBatch
import com.particlesdevs.photoncamera.processing.MotionBatch
                                                 ^
mnt/data/photon_26753_work/candidate/app/src/main/java/com/particlesdevs/photoncamera/processing/processor/PhotonMotionMgc1271Bridge.kt:32:50: error: unresolved reference: render
import com.particlesdevs.photoncamera.processing.render.Parameters
                                                 ^
mnt/data/photon_26753_work/candidate/app/src/main/java/com/particlesdevs/photoncamera/processing/processor/PhotonMotionMgc1271Bridge.kt:33:39: error: unresolved reference: util
import com.particlesdevs.photoncamera.util.MotionTrace
                                      ^
mnt/data/photon_26753_work/candidate/app/src/main/java/com/particlesdevs/photoncamera/processing/processor/PhotonMotionMgc1271Bridge.kt:67:19: error: unresolved reference: android
        val tid = android.os.Process.myTid()
                  ^
mnt/data/photon_26753_work/candidate/app/src/main/java/com/particlesdevs/photoncamera/processing/processor/PhotonMotionMgc1271Bridge.kt:68:41: error: unresolved reference: android
        val oldPriority = runCatching { android.os.Process.getThreadPriority(tid) }.getOrNull()
                                        ^
mnt/data/photon_26753_work/candidate/app/src/main/java/com/particlesdevs/photoncamera/processing/processor/PhotonMotionMgc1271Bridge.kt:71:27: error: unresolved reference: android
            runCatching { android.os.Process.setThreadPriority(android.os.Process.THREAD_PRIORITY_BACKGROUND) }
                          ^
mnt/data/photon_26753_work/candidate/app/src/main/java/com/particlesdevs/photoncamera/processing/processor/PhotonMotionMgc1271Bridge.kt:71:64: error: unresolved reference: android
            runCatching { android.os.Process.setThreadPriority(android.os.Process.THREAD_PRIORITY_BACKGROUND) }
                                                               ^
mnt/data/photon_26753_work/candidate/app/src/main/java/com/particlesdevs/photoncamera/processing/processor/PhotonMotionMgc1271Bridge.kt:73:13: error: unresolved reference: prewarmGlesMgcSabreCapturePrograms
            prewarmGlesMgcSabreCapturePrograms(4096, 3072, 0)
            ^
mnt/data/photon_26753_work/candidate/app/src/main/java/com/particlesdevs/photoncamera/processing/processor/PhotonMotionMgc1271Bridge.kt:74:13: error: unresolved reference: PLog
            PLog.i(TAG, "IRIS_26715_IDLE_SABRE_PROGRAM_PREWARM success=true tookMs=" +
            ^
mnt/data/photon_26753_work/candidate/app/src/main/java/com/particlesdevs/photoncamera/processing/processor/PhotonMotionMgc1271Bridge.kt:79:13: error: unresolved reference: PLog
            PLog.w(TAG, "IRIS_26715_IDLE_SABRE_PROGRAM_PREWARM success=false reason=" +
            ^
mnt/data/photon_26753_work/candidate/app/src/main/java/com/particlesdevs/photoncamera/processing/processor/PhotonMotionMgc1271Bridge.kt:84:52: error: unresolved reference: android
            if (oldPriority != null) runCatching { android.os.Process.setThreadPriority(tid, oldPriority) }
                                                   ^
mnt/data/photon_26753_work/candidate/app/src/main/java/com/particlesdevs/photoncamera/processing/processor/PhotonMotionMgc1271Bridge.kt:90:15: error: unresolved reference: Point
        size: Point,
              ^
mnt/data/photon_26753_work/candidate/app/src/main/java/com/particlesdevs/photoncamera/processing/processor/PhotonMotionMgc1271Bridge.kt:91:27: error: unresolved reference: ImageFrame
        inputImages: List<ImageFrame>,
                          ^
mnt/data/photon_26753_work/candidate/app/src/main/java/com/particlesdevs/photoncamera/processing/processor/PhotonMotionMgc1271Bridge.kt:93:21: error: unresolved reference: Parameters
        parameters: Parameters,
                    ^
mnt/data/photon_26753_work/candidate/app/src/main/java/com/particlesdevs/photoncamera/processing/processor/PhotonMotionMgc1271Bridge.kt:94:20: error: unresolved reference: MotionBatch
        shortSlot: MotionBatch.ShortHighlightSlot?,
                   ^
mnt/data/photon_26753_work/candidate/app/src/main/java/com/particlesdevs/photoncamera/processing/processor/PhotonMotionMgc1271Bridge.kt:97:8: error: unresolved reference: MotionV2Merger
    ): MotionV2Merger.Result {
       ^
mnt/data/photon_26753_work/candidate/app/src/main/java/com/particlesdevs/photoncamera/processing/processor/PhotonMotionMgc1271Bridge.kt:98:25: error: unresolved reference: ImageFrame
        var shortFrame: ImageFrame? = null
                        ^
mnt/data/photon_26753_work/candidate/app/src/main/java/com/particlesdevs/photoncamera/processing/processor/PhotonMotionMgc1271Bridge.kt:99:24: error: unresolved reference: ImageFrame
        var longFrame: ImageFrame? = null
                       ^
mnt/data/photon_26753_work/candidate/app/src/main/java/com/particlesdevs/photoncamera/processing/processor/PhotonMotionMgc1271Bridge.kt:116:27: error: unresolved reference: Build
            requireParity(Build.SUPPORTED_ABIS.any { it == "arm64-v8a" },
                          ^
mnt/data/photon_26753_work/candidate/app/src/main/java/com/particlesdevs/photoncamera/processing/processor/PhotonMotionMgc1271Bridge.kt:116:54: error: unresolved reference: it
            requireParity(Build.SUPPORTED_ABIS.any { it == "arm64-v8a" },
                                                     ^
mnt/data/photon_26753_work/candidate/app/src/main/java/com/particlesdevs/photoncamera/processing/processor/PhotonMotionMgc1271Bridge.kt:117:69: error: unresolved reference: Build
                "pinned MGC 1.27.1 AOT is arm64-only; device ABIs=${Build.SUPPORTED_ABIS.contentToString()}")
                                                                    ^
mnt/data/photon_26753_work/candidate/app/src/main/java/com/particlesdevs/photoncamera/processing/processor/PhotonMotionMgc1271Bridge.kt:124:58: error: unresolved reference: timestamp
            val reference = inputImages.firstOrNull { it.timestamp == referenceTimestamp }
                                                         ^
mnt/data/photon_26753_work/candidate/app/src/main/java/com/particlesdevs/photoncamera/processing/processor/PhotonMotionMgc1271Bridge.kt:126:37: error: unresolved reference: buffer
            requireParity(reference.buffer != null, "26543 Night/Motion owned reference must remain in-memory")
                                    ^
mnt/data/photon_26753_work/candidate/app/src/main/java/com/particlesdevs/photoncamera/processing/processor/PhotonMotionMgc1271Bridge.kt:141:13: error: unresolved reference: PLog
            PLog.i(TAG, "IRIS_26593_AUX_OWNERSHIP_PROOF " +
            ^
mnt/data/photon_26753_work/candidate/app/src/main/java/com/particlesdevs/photoncamera/processing/processor/PhotonMotionMgc1271Bridge.kt:158:46: error: unresolved reference: motionV2FrameRole
                inputImages.firstOrNull { it.motionV2FrameRole == ImageFrame.MotionV2FrameRole.NORMAL }
                                             ^
mnt/data/photon_26753_work/candidate/app/src/main/java/com/particlesdevs/photoncamera/processing/processor/PhotonMotionMgc1271Bridge.kt:158:67: error: unresolved reference: ImageFrame
                inputImages.firstOrNull { it.motionV2FrameRole == ImageFrame.MotionV2FrameRole.NORMAL }
                                                                  ^
mnt/data/photon_26753_work/candidate/app/src/main/java/com/particlesdevs/photoncamera/processing/processor/PhotonMotionMgc1271Bridge.kt:163:50: error: unresolved reference: ImageFrame
            val orderedPhysical = ArrayList<Pair<ImageFrame, RawBurstFrameRole>>()
                                                 ^
mnt/data/photon_26753_work/candidate/app/src/main/java/com/particlesdevs/photoncamera/processing/processor/PhotonMotionMgc1271Bridge.kt:163:62: error: unresolved reference: RawBurstFrameRole
            val orderedPhysical = ArrayList<Pair<ImageFrame, RawBurstFrameRole>>()
                                                             ^
mnt/data/photon_26753_work/candidate/app/src/main/java/com/particlesdevs/photoncamera/processing/processor/PhotonMotionMgc1271Bridge.kt:165:33: error: none of the following functions can be called with the arguments supplied: 
public operator fun <T> Collection<TypeVariable(T)>.plus(element: TypeVariable(T)): List<TypeVariable(T)> defined in kotlin.collections
public operator fun <T> Collection<TypeVariable(T)>.plus(elements: Array<out TypeVariable(T)>): List<TypeVariable(T)> defined in kotlin.collections
public operator fun <T> Collection<TypeVariable(T)>.plus(elements: Iterable<TypeVariable(T)>): List<TypeVariable(T)> defined in kotlin.collections
public operator fun <T> Collection<TypeVariable(T)>.plus(elements: Sequence<TypeVariable(T)>): List<TypeVariable(T)> defined in kotlin.collections
public operator fun <T> Iterable<TypeVariable(T)>.plus(element: TypeVariable(T)): List<TypeVariable(T)> defined in kotlin.collections
public operator fun <T> Iterable<TypeVariable(T)>.plus(elements: Array<out TypeVariable(T)>): List<TypeVariable(T)> defined in kotlin.collections
public operator fun <T> Iterable<TypeVariable(T)>.plus(elements: Iterable<TypeVariable(T)>): List<TypeVariable(T)> defined in kotlin.collections
public operator fun <T> Iterable<TypeVariable(T)>.plus(elements: Sequence<TypeVariable(T)>): List<TypeVariable(T)> defined in kotlin.collections
                orderedPhysical += reference to RawBurstFrameRole.NORMAL
                                ^
mnt/data/photon_26753_work/candidate/app/src/main/java/com/particlesdevs/photoncamera/processing/processor/PhotonMotionMgc1271Bridge.kt:165:49: error: unresolved reference: RawBurstFrameRole
                orderedPhysical += reference to RawBurstFrameRole.NORMAL
                                                ^
mnt/data/photon_26753_work/candidate/app/src/main/java/com/particlesdevs/photoncamera/processing/processor/PhotonMotionMgc1271Bridge.kt:166:53: error: cannot infer a type for this parameter. Please specify it explicitly.
                inputImages.forEachIndexed { index, frame ->
                                                    ^
mnt/data/photon_26753_work/candidate/app/src/main/java/com/particlesdevs/photoncamera/processing/processor/PhotonMotionMgc1271Bridge.kt:169:25: error: unresolved reference: ImageFrame
                        ImageFrame.MotionV2FrameRole.NORMAL ->
                        ^
mnt/data/photon_26753_work/candidate/app/src/main/java/com/particlesdevs/photoncamera/processing/processor/PhotonMotionMgc1271Bridge.kt:170:57: error: unresolved reference: RawBurstFrameRole
                            orderedPhysical += frame to RawBurstFrameRole.NORMAL
                                                        ^
mnt/data/photon_26753_work/candidate/app/src/main/java/com/particlesdevs/photoncamera/processing/processor/PhotonMotionMgc1271Bridge.kt:171:25: error: unresolved reference: ImageFrame
                        ImageFrame.MotionV2FrameRole.SHADOW_LONG ->
                        ^
mnt/data/photon_26753_work/candidate/app/src/main/java/com/particlesdevs/photoncamera/processing/processor/PhotonMotionMgc1271Bridge.kt:173:25: error: unresolved reference: ImageFrame
                        ImageFrame.MotionV2FrameRole.HIGHLIGHT_SHORT ->
                        ^
mnt/data/photon_26753_work/candidate/app/src/main/java/com/particlesdevs/photoncamera/processing/processor/PhotonMotionMgc1271Bridge.kt:178:53: error: cannot infer a type for this parameter. Please specify it explicitly.
                inputImages.forEachIndexed { index, frame ->
                                                    ^
mnt/data/photon_26753_work/candidate/app/src/main/java/com/particlesdevs/photoncamera/processing/processor/PhotonMotionMgc1271Bridge.kt:180:25: error: unresolved reference: ImageFrame
                        ImageFrame.MotionV2FrameRole.NORMAL -> RawBurstFrameRole.NORMAL
                        ^
mnt/data/photon_26753_work/candidate/app/src/main/java/com/particlesdevs/photoncamera/processing/processor/PhotonMotionMgc1271Bridge.kt:180:64: error: unresolved reference: RawBurstFrameRole
                        ImageFrame.MotionV2FrameRole.NORMAL -> RawBurstFrameRole.NORMAL
                                                               ^
mnt/data/photon_26753_work/candidate/app/src/main/java/com/particlesdevs/photoncamera/processing/processor/PhotonMotionMgc1271Bridge.kt:181:25: error: unresolved reference: ImageFrame
                        ImageFrame.MotionV2FrameRole.SHADOW_LONG -> RawBurstFrameRole.SHADOW_LONG
                        ^
mnt/data/photon_26753_work/candidate/app/src/main/java/com/particlesdevs/photoncamera/processing/processor/PhotonMotionMgc1271Bridge.kt:181:69: error: unresolved reference: RawBurstFrameRole
                        ImageFrame.MotionV2FrameRole.SHADOW_LONG -> RawBurstFrameRole.SHADOW_LONG
                                                                    ^
mnt/data/photon_26753_work/candidate/app/src/main/java/com/particlesdevs/photoncamera/processing/processor/PhotonMotionMgc1271Bridge.kt:182:25: error: unresolved reference: ImageFrame
                        ImageFrame.MotionV2FrameRole.HIGHLIGHT_SHORT ->
                        ^
mnt/data/photon_26753_work/candidate/app/src/main/java/com/particlesdevs/photoncamera/processing/processor/PhotonMotionMgc1271Bridge.kt:193:49: error: unresolved reference: it
            longFrame?.let { orderedPhysical += it to RawBurstFrameRole.SHADOW_LONG }
                                                ^
mnt/data/photon_26753_work/candidate/app/src/main/java/com/particlesdevs/photoncamera/processing/processor/PhotonMotionMgc1271Bridge.kt:193:55: error: unresolved reference: RawBurstFrameRole
            longFrame?.let { orderedPhysical += it to RawBurstFrameRole.SHADOW_LONG }
                                                      ^
mnt/data/photon_26753_work/candidate/app/src/main/java/com/particlesdevs/photoncamera/processing/processor/PhotonMotionMgc1271Bridge.kt:194:50: error: unresolved reference: it
            shortFrame?.let { orderedPhysical += it to RawBurstFrameRole.HIGHLIGHT_SHORT }
                                                 ^
mnt/data/photon_26753_work/candidate/app/src/main/java/com/particlesdevs/photoncamera/processing/processor/PhotonMotionMgc1271Bridge.kt:194:56: error: unresolved reference: RawBurstFrameRole
            shortFrame?.let { orderedPhysical += it to RawBurstFrameRole.HIGHLIGHT_SHORT }
                                                       ^
mnt/data/photon_26753_work/candidate/app/src/main/java/com/particlesdevs/photoncamera/processing/processor/PhotonMotionMgc1271Bridge.kt:195:24: error: variable expected
            parameters.motionV2ReferenceProtectionEv = if (parameters.irisNightActive) {
                       ^
mnt/data/photon_26753_work/candidate/app/src/main/java/com/particlesdevs/photoncamera/processing/processor/PhotonMotionMgc1271Bridge.kt:198:27: error: unresolved reference: motionV2ReferenceProtectionEv
                reference.motionV2ReferenceProtectionEv.coerceIn(0.0f, 1.50f)
                          ^
mnt/data/photon_26753_work/candidate/app/src/main/java/com/particlesdevs/photoncamera/processing/processor/PhotonMotionMgc1271Bridge.kt:200:13: error: unresolved reference: PLog
            PLog.i(TAG, "IRIS_26709_ADAPTIVE_NORMAL_REFERENCE_HANDOFF " +
            ^
mnt/data/photon_26753_work/candidate/app/src/main/java/com/particlesdevs/photoncamera/processing/processor/PhotonMotionMgc1271Bridge.kt:201:83: error: unresolved reference: timestamp
                "night=${parameters.irisNightActive} referenceTimestamp=${mgcBase.timestamp} " +
                                                                                  ^
mnt/data/photon_26753_work/candidate/app/src/main/java/com/particlesdevs/photoncamera/processing/processor/PhotonMotionMgc1271Bridge.kt:203:123: error: unresolved reference: RawBurstFrameRole
                "highlightShort=${shortFrame != null} shortFinal=${shortFrame == null || orderedPhysical.last().second == RawBurstFrameRole.HIGHLIGHT_SHORT} " +
                                                                                                                          ^
mnt/data/photon_26753_work/candidate/app/src/main/java/com/particlesdevs/photoncamera/processing/processor/PhotonMotionMgc1271Bridge.kt:207:53: error: cannot infer a type for this parameter. Please specify it explicitly.
            orderedPhysical.forEachIndexed { index, (frame, role) ->
                                                    ^
mnt/data/photon_26753_work/candidate/app/src/main/java/com/particlesdevs/photoncamera/processing/processor/PhotonMotionMgc1271Bridge.kt:208:60: error: unresolved reference: motionV2ExposureEnergy
                validateFrame(frame, size, role, reference.motionV2ExposureEnergy, index)
                                                           ^
mnt/data/photon_26753_work/candidate/app/src/main/java/com/particlesdevs/photoncamera/processing/processor/PhotonMotionMgc1271Bridge.kt:209:29: error: unresolved reference: RawBurstFrameRole
                if (role != RawBurstFrameRole.NORMAL) {
                            ^
mnt/data/photon_26753_work/candidate/app/src/main/java/com/particlesdevs/photoncamera/processing/processor/PhotonMotionMgc1271Bridge.kt:211:35: error: unresolved reference: motionV2ExposureEnergy
                        reference.motionV2ExposureEnergy
                                  ^
mnt/data/photon_26753_work/candidate/app/src/main/java/com/particlesdevs/photoncamera/processing/processor/PhotonMotionMgc1271Bridge.kt:213:25: error: unresolved reference: RawBurstFrameRole
                        RawBurstFrameRole.HIGHLIGHT_SHORT -> "COMMON_SABRE_HIGHLIGHT_EVIDENCE"
                        ^
mnt/data/photon_26753_work/candidate/app/src/main/java/com/particlesdevs/photoncamera/processing/processor/PhotonMotionMgc1271Bridge.kt:214:25: error: unresolved reference: RawBurstFrameRole
                        RawBurstFrameRole.SHADOW_LONG -> if (parameters.irisNightActive) {
                        ^
mnt/data/photon_26753_work/candidate/app/src/main/java/com/particlesdevs/photoncamera/processing/processor/PhotonMotionMgc1271Bridge.kt:227:21: error: unresolved reference: PLog
                    PLog.i(TAG, "IRIS_26605_AUX_PHYSICAL_METADATA $details")
                    ^
mnt/data/photon_26753_work/candidate/app/src/main/java/com/particlesdevs/photoncamera/processing/processor/PhotonMotionMgc1271Bridge.kt:228:21: error: unresolved reference: PLog
                    PLog.i("MotionTrace", "PIPELINE_STATE stage=IRIS_26605_AUX_PHYSICAL_METADATA details=$details")
                    ^
mnt/data/photon_26753_work/candidate/app/src/main/java/com/particlesdevs/photoncamera/processing/processor/PhotonMotionMgc1271Bridge.kt:238:17: error: unresolved reference: IrisMotionSettings
                IrisMotionSettings.current()
                ^
mnt/data/photon_26753_work/candidate/app/src/main/java/com/particlesdevs/photoncamera/processing/processor/PhotonMotionMgc1271Bridge.kt:248:24: error: variable expected
            parameters.motionV2ReconstructionOwner = Parameters.MOTION_V2_RECONSTRUCTION_SABRE
                       ^
mnt/data/photon_26753_work/candidate/app/src/main/java/com/particlesdevs/photoncamera/processing/processor/PhotonMotionMgc1271Bridge.kt:248:54: error: unresolved reference: Parameters
            parameters.motionV2ReconstructionOwner = Parameters.MOTION_V2_RECONSTRUCTION_SABRE
                                                     ^
mnt/data/photon_26753_work/candidate/app/src/main/java/com/particlesdevs/photoncamera/processing/processor/PhotonMotionMgc1271Bridge.kt:249:13: error: unresolved reference: PLog
            PLog.i(TAG, "IRIS_26560_SABRE_ONLY_RECONSTRUCTION " +
            ^
mnt/data/photon_26753_work/candidate/app/src/main/java/com/particlesdevs/photoncamera/processing/processor/PhotonMotionMgc1271Bridge.kt:254:33: error: unresolved reference: RawNoiseProfileSelection
            val noiseSelection: RawNoiseProfileSelection
                                ^
mnt/data/photon_26753_work/candidate/app/src/main/java/com/particlesdevs/photoncamera/processing/processor/PhotonMotionMgc1271Bridge.kt:256:45: error: unresolved reference: RawNoiseProfileLayout
            var denoiseNoiseProfileLayout = RawNoiseProfileLayout.NONE
                                            ^
mnt/data/photon_26753_work/candidate/app/src/main/java/com/particlesdevs/photoncamera/processing/processor/PhotonMotionMgc1271Bridge.kt:258:30: error: unresolved reference: customNoiseModelEnabled
            if (irisSettings.customNoiseModelEnabled) {
                             ^
mnt/data/photon_26753_work/candidate/app/src/main/java/com/particlesdevs/photoncamera/processing/processor/PhotonMotionMgc1271Bridge.kt:259:31: error: unresolved reference: IrisNoiseProfileStore
                val profile = IrisNoiseProfileStore.loadSelectedProfile(
                              ^
mnt/data/photon_26753_work/candidate/app/src/main/java/com/particlesdevs/photoncamera/processing/processor/PhotonMotionMgc1271Bridge.kt:260:21: error: unresolved reference: PhotonCamera
                    PhotonCamera.getApplicationContextStatic())
                    ^
mnt/data/photon_26753_work/candidate/app/src/main/java/com/particlesdevs/photoncamera/processing/processor/PhotonMotionMgc1271Bridge.kt:263:57: error: cannot infer a type for this parameter. Please specify it explicitly.
                orderedPhysical.forEachIndexed { index, (frame, _) ->
                                                        ^
mnt/data/photon_26753_work/candidate/app/src/main/java/com/particlesdevs/photoncamera/processing/processor/PhotonMotionMgc1271Bridge.kt:265:41: error: unresolved reference: evaluate
                    val model = profile.evaluate(iso)
                                        ^
mnt/data/photon_26753_work/candidate/app/src/main/java/com/particlesdevs/photoncamera/processing/processor/PhotonMotionMgc1271Bridge.kt:268:48: error: unresolved reference: it
                    if (model.shotNoise.any { !it.isFinite() || it <= 0f } ||
                                               ^
mnt/data/photon_26753_work/candidate/app/src/main/java/com/particlesdevs/photoncamera/processing/processor/PhotonMotionMgc1271Bridge.kt:268:65: error: unresolved reference: it
                    if (model.shotNoise.any { !it.isFinite() || it <= 0f } ||
                                                                ^
mnt/data/photon_26753_work/candidate/app/src/main/java/com/particlesdevs/photoncamera/processing/processor/PhotonMotionMgc1271Bridge.kt:269:48: error: unresolved reference: it
                        model.readNoise.any { !it.isFinite() } || model.readNoise.none { it > 0f }) {
                                               ^
mnt/data/photon_26753_work/candidate/app/src/main/java/com/particlesdevs/photoncamera/processing/processor/PhotonMotionMgc1271Bridge.kt:269:90: error: unresolved reference: it
                        model.readNoise.any { !it.isFinite() } || model.readNoise.none { it > 0f }) {
                                                                                         ^
mnt/data/photon_26753_work/candidate/app/src/main/java/com/particlesdevs/photoncamera/processing/processor/PhotonMotionMgc1271Bridge.kt:274:46: error: unresolved reference: evaluate
                val baseNoiseModel = profile.evaluate(mgcBase.motionV2ActualIso)
                                             ^
mnt/data/photon_26753_work/candidate/app/src/main/java/com/particlesdevs/photoncamera/processing/processor/PhotonMotionMgc1271Bridge.kt:274:63: error: unresolved reference: motionV2ActualIso
                val baseNoiseModel = profile.evaluate(mgcBase.motionV2ActualIso)
                                                              ^
mnt/data/photon_26753_work/candidate/app/src/main/java/com/particlesdevs/photoncamera/processing/processor/PhotonMotionMgc1271Bridge.kt:276:95: error: unresolved reference: motionV2ActualIso
                        "IRIS_26545 custom noise model cannot evaluate MGC base iso=${mgcBase.motionV2ActualIso}")
                                                                                              ^
mnt/data/photon_26753_work/candidate/app/src/main/java/com/particlesdevs/photoncamera/processing/processor/PhotonMotionMgc1271Bridge.kt:277:45: error: unresolved reference: RawNoiseProfileLayout
                denoiseNoiseProfileLayout = RawNoiseProfileLayout.CANONICAL_BAYER
                                            ^
mnt/data/photon_26753_work/candidate/app/src/main/java/com/particlesdevs/photoncamera/processing/processor/PhotonMotionMgc1271Bridge.kt:286:34: error: unresolved reference: RawNoiseProfileSelection
                noiseSelection = RawNoiseProfileSelection.Calibrated(profile)
                                 ^
mnt/data/photon_26753_work/candidate/app/src/main/java/com/particlesdevs/photoncamera/processing/processor/PhotonMotionMgc1271Bridge.kt:288:34: error: unresolved reference: profileDisplayName
                    irisSettings.profileDisplayName.ifBlank { irisSettings.profileId }
                                 ^
mnt/data/photon_26753_work/candidate/app/src/main/java/com/particlesdevs/photoncamera/processing/processor/PhotonMotionMgc1271Bridge.kt:288:76: error: unresolved reference: profileId
                    irisSettings.profileDisplayName.ifBlank { irisSettings.profileId }
                                                                           ^
mnt/data/photon_26753_work/candidate/app/src/main/java/com/particlesdevs/photoncamera/processing/processor/PhotonMotionMgc1271Bridge.kt:290:57: error: cannot infer a type for this parameter. Please specify it explicitly.
                orderedPhysical.forEachIndexed { index, (frame, _) ->
                                                        ^
mnt/data/photon_26753_work/candidate/app/src/main/java/com/particlesdevs/photoncamera/processing/processor/PhotonMotionMgc1271Bridge.kt:296:33: error: unresolved reference: RawNoiseModel
                    val model = RawNoiseModel.fromCamera2NoiseProfile(frame.motionV2NoiseProfile)
                                ^
mnt/data/photon_26753_work/candidate/app/src/main/java/com/particlesdevs/photoncamera/processing/processor/PhotonMotionMgc1271Bridge.kt:302:45: error: unresolved reference: RawNoiseProfileLayout
                denoiseNoiseProfileLayout = RawNoiseProfileLayout.CAMERA2_CFA
                                            ^
mnt/data/photon_26753_work/candidate/app/src/main/java/com/particlesdevs/photoncamera/processing/processor/PhotonMotionMgc1271Bridge.kt:303:54: error: unresolved reference: motionV2NoiseProfile
                denoiseChannelNoiseProfile = mgcBase.motionV2NoiseProfile.copyOf()
                                                     ^
mnt/data/photon_26753_work/candidate/app/src/main/java/com/particlesdevs/photoncamera/processing/processor/PhotonMotionMgc1271Bridge.kt:305:21: error: unresolved reference: RawNoiseModel
                    RawNoiseModel.fromCamera2NoiseProfile(denoiseChannelNoiseProfile)
                    ^
mnt/data/photon_26753_work/candidate/app/src/main/java/com/particlesdevs/photoncamera/processing/processor/PhotonMotionMgc1271Bridge.kt:309:34: error: unresolved reference: RawNoiseProfileSelection
                noiseSelection = RawNoiseProfileSelection.Camera2
                                 ^
mnt/data/photon_26753_work/candidate/app/src/main/java/com/particlesdevs/photoncamera/processing/processor/PhotonMotionMgc1271Bridge.kt:312:13: error: unresolved reference: PLog
            PLog.i(TAG, "IRIS_26514_NOISE_AUTHORITY source=$noiseAuthority " +
            ^
mnt/data/photon_26753_work/candidate/app/src/main/java/com/particlesdevs/photoncamera/processing/processor/PhotonMotionMgc1271Bridge.kt:313:70: error: unresolved reference: motionV2ActualIso
                "frames=${orderedPhysical.size} mgcBaseIso=${mgcBase.motionV2ActualIso} " +
                                                                     ^
mnt/data/photon_26753_work/candidate/app/src/main/java/com/particlesdevs/photoncamera/processing/processor/PhotonMotionMgc1271Bridge.kt:314:48: error: unresolved reference: timestamp
                "residualDenoiseBase=${mgcBase.timestamp} baseFallback=0 pixelFallback=0 " +
                                               ^
mnt/data/photon_26753_work/candidate/app/src/main/java/com/particlesdevs/photoncamera/processing/processor/PhotonMotionMgc1271Bridge.kt:317:24: error: variable expected
            parameters.motionCanonicalExposureGain = 1.0f
                       ^
mnt/data/photon_26753_work/candidate/app/src/main/java/com/particlesdevs/photoncamera/processing/processor/PhotonMotionMgc1271Bridge.kt:318:24: error: variable expected
            parameters.motionV2ShortHighlightRecoveryExecuted = false
                       ^
mnt/data/photon_26753_work/candidate/app/src/main/java/com/particlesdevs/photoncamera/processing/processor/PhotonMotionMgc1271Bridge.kt:322:40: error: unresolved reference: MotionV2Merger
            val referenceDisplayGain = MotionV2Merger.computeDisplayGain(
                                       ^
mnt/data/photon_26753_work/candidate/app/src/main/java/com/particlesdevs/photoncamera/processing/processor/PhotonMotionMgc1271Bridge.kt:323:27: error: unresolved reference: buffer
                reference.buffer,
                          ^
mnt/data/photon_26753_work/candidate/app/src/main/java/com/particlesdevs/photoncamera/processing/processor/PhotonMotionMgc1271Bridge.kt:324:27: error: unresolved reference: width
                reference.width,
                          ^
mnt/data/photon_26753_work/candidate/app/src/main/java/com/particlesdevs/photoncamera/processing/processor/PhotonMotionMgc1271Bridge.kt:325:27: error: unresolved reference: height
                reference.height,
                          ^
mnt/data/photon_26753_work/candidate/app/src/main/java/com/particlesdevs/photoncamera/processing/processor/PhotonMotionMgc1271Bridge.kt:327:27: error: unresolved reference: motionV2ExposureEnergy
                reference.motionV2ExposureEnergy,
                          ^
mnt/data/photon_26753_work/candidate/app/src/main/java/com/particlesdevs/photoncamera/processing/processor/PhotonMotionMgc1271Bridge.kt:329:24: error: variable expected
            parameters.motionV2DisplayGain = 1.0f
                       ^
mnt/data/photon_26753_work/candidate/app/src/main/java/com/particlesdevs/photoncamera/processing/processor/PhotonMotionMgc1271Bridge.kt:333:42: error: unresolved reference: motionV2WhiteLevelValid
            val whiteLevel = if (mgcBase.motionV2WhiteLevelValid && mgcBase.motionV2WhiteLevel > 0) {
                                         ^
mnt/data/photon_26753_work/candidate/app/src/main/java/com/particlesdevs/photoncamera/processing/processor/PhotonMotionMgc1271Bridge.kt:333:77: error: unresolved reference: motionV2WhiteLevel
            val whiteLevel = if (mgcBase.motionV2WhiteLevelValid && mgcBase.motionV2WhiteLevel > 0) {
                                                                            ^
mnt/data/photon_26753_work/candidate/app/src/main/java/com/particlesdevs/photoncamera/processing/processor/PhotonMotionMgc1271Bridge.kt:334:25: error: unresolved reference: motionV2WhiteLevel
                mgcBase.motionV2WhiteLevel
                        ^
mnt/data/photon_26753_work/candidate/app/src/main/java/com/particlesdevs/photoncamera/processing/processor/PhotonMotionMgc1271Bridge.kt:340:28: error: unresolved reference: it
                ?.takeIf { it.size >= 4 && it.take(4).all { v -> v.isFinite() && v > 0f } }
                           ^
mnt/data/photon_26753_work/candidate/app/src/main/java/com/particlesdevs/photoncamera/processing/processor/PhotonMotionMgc1271Bridge.kt:340:44: error: unresolved reference: it
                ?.takeIf { it.size >= 4 && it.take(4).all { v -> v.isFinite() && v > 0f } }
                                           ^
mnt/data/photon_26753_work/candidate/app/src/main/java/com/particlesdevs/photoncamera/processing/processor/PhotonMotionMgc1271Bridge.kt:340:61: error: cannot infer a type for this parameter. Please specify it explicitly.
                ?.takeIf { it.size >= 4 && it.take(4).all { v -> v.isFinite() && v > 0f } }
                                                            ^
mnt/data/photon_26753_work/candidate/app/src/main/java/com/particlesdevs/photoncamera/processing/processor/PhotonMotionMgc1271Bridge.kt:342:62: error: cannot infer a type for this parameter. Please specify it explicitly.
            val lsc = parameters.gainMap?.copyOf()?.takeIf { values ->
                                                             ^
mnt/data/photon_26753_work/candidate/app/src/main/java/com/particlesdevs/photoncamera/processing/processor/PhotonMotionMgc1271Bridge.kt:345:34: error: unresolved reference: it
                    values.all { it.isFinite() && it > 0f }
                                 ^
mnt/data/photon_26753_work/candidate/app/src/main/java/com/particlesdevs/photoncamera/processing/processor/PhotonMotionMgc1271Bridge.kt:345:51: error: unresolved reference: it
                    values.all { it.isFinite() && it > 0f }
                                                  ^
mnt/data/photon_26753_work/candidate/app/src/main/java/com/particlesdevs/photoncamera/processing/processor/PhotonMotionMgc1271Bridge.kt:350:48: error: cannot infer a type for this parameter. Please specify it explicitly.
            val frames = orderedPhysical.map { (frame, role) ->
                                               ^
mnt/data/photon_26753_work/candidate/app/src/main/java/com/particlesdevs/photoncamera/processing/processor/PhotonMotionMgc1271Bridge.kt:351:17: error: unresolved reference: RawStackFrame
                RawStackFrame(
                ^
mnt/data/photon_26753_work/candidate/app/src/main/java/com/particlesdevs/photoncamera/processing/processor/PhotonMotionMgc1271Bridge.kt:353:88: error: unresolved reference: it
                    sensorTimestampNs = frame.motionV2ResultSensorTimestampNs.takeIf { it > 0L }
                                                                                       ^
mnt/data/photon_26753_work/candidate/app/src/main/java/com/particlesdevs/photoncamera/processing/processor/PhotonMotionMgc1271Bridge.kt:361:66: error: unresolved reference: it
                    lensState = frame.motionV2LensState.takeIf { it >= 0 },
                                                                 ^
mnt/data/photon_26753_work/candidate/app/src/main/java/com/particlesdevs/photoncamera/processing/processor/PhotonMotionMgc1271Bridge.kt:362:88: error: unresolved reference: it
                    rollingShutterSkewNs = frame.motionV2RollingShutterSkewNs.takeIf { it > 0L },
                                                                                       ^
mnt/data/photon_26753_work/candidate/app/src/main/java/com/particlesdevs/photoncamera/processing/processor/PhotonMotionMgc1271Bridge.kt:363:60: error: unresolved reference: customNoiseModelEnabled
                    channelNoiseProfile = if (irisSettings.customNoiseModelEnabled) {
                                                           ^
mnt/data/photon_26753_work/candidate/app/src/main/java/com/particlesdevs/photoncamera/processing/processor/PhotonMotionMgc1271Bridge.kt:369:54: error: unresolved reference: RawBurstFrameRole
                    rowFlickerHarmonic = if (role == RawBurstFrameRole.NORMAL && frame.motionV2RowFlickerValid)
                                                     ^
mnt/data/photon_26753_work/candidate/app/src/main/java/com/particlesdevs/photoncamera/processing/processor/PhotonMotionMgc1271Bridge.kt:371:47: error: unresolved reference: RawBurstFrameRole
                    rowFlickerA = if (role == RawBurstFrameRole.NORMAL && frame.motionV2RowFlickerValid)
                                              ^
mnt/data/photon_26753_work/candidate/app/src/main/java/com/particlesdevs/photoncamera/processing/processor/PhotonMotionMgc1271Bridge.kt:373:47: error: unresolved reference: RawBurstFrameRole
                    rowFlickerB = if (role == RawBurstFrameRole.NORMAL && frame.motionV2RowFlickerValid)
                                              ^
mnt/data/photon_26753_work/candidate/app/src/main/java/com/particlesdevs/photoncamera/processing/processor/PhotonMotionMgc1271Bridge.kt:375:54: error: unresolved reference: RawBurstFrameRole
                    rowFlickerStrength = if (role == RawBurstFrameRole.NORMAL && frame.motionV2RowFlickerValid)
                                                     ^
mnt/data/photon_26753_work/candidate/app/src/main/java/com/particlesdevs/photoncamera/processing/processor/PhotonMotionMgc1271Bridge.kt:377:74: error: unresolved reference: it
                    gyroShakiness = frame.frameGyro?.shakiness?.takeIf { it.isFinite() && it >= 0f } ?: Float.NaN,
                                                                         ^
mnt/data/photon_26753_work/candidate/app/src/main/java/com/particlesdevs/photoncamera/processing/processor/PhotonMotionMgc1271Bridge.kt:377:91: error: unresolved reference: it
                    gyroShakiness = frame.frameGyro?.shakiness?.takeIf { it.isFinite() && it >= 0f } ?: Float.NaN,
                                                                                          ^
mnt/data/photon_26753_work/candidate/app/src/main/java/com/particlesdevs/photoncamera/processing/processor/PhotonMotionMgc1271Bridge.kt:390:27: error: unresolved reference: it
                .takeIf { it.isFinite() }?.coerceAtLeast(1f) ?: 1f
                          ^
mnt/data/photon_26753_work/candidate/app/src/main/java/com/particlesdevs/photoncamera/processing/processor/PhotonMotionMgc1271Bridge.kt:392:27: error: unresolved reference: it
                .takeIf { it.isFinite() }?.coerceAtLeast(1f) ?: 1f
                          ^
mnt/data/photon_26753_work/candidate/app/src/main/java/com/particlesdevs/photoncamera/processing/processor/PhotonMotionMgc1271Bridge.kt:395:24: error: variable expected
            parameters.motionV2SpatialReconstructionZoom = 1f // compatibility field until Sabre-SR rebase
                       ^
mnt/data/photon_26753_work/candidate/app/src/main/java/com/particlesdevs/photoncamera/processing/processor/PhotonMotionMgc1271Bridge.kt:396:24: error: variable expected
            parameters.motionV2ReconstructionZoom = reconstructionZoom
                       ^
mnt/data/photon_26753_work/candidate/app/src/main/java/com/particlesdevs/photoncamera/processing/processor/PhotonMotionMgc1271Bridge.kt:397:24: error: variable expected
            parameters.motionV2RenderResidualZoom = renderResidualZoom
                       ^
mnt/data/photon_26753_work/candidate/app/src/main/java/com/particlesdevs/photoncamera/processing/processor/PhotonMotionMgc1271Bridge.kt:400:24: error: variable expected
            parameters.motionV2SuperResOutputScale = sabreSuperResOutputScale
                       ^
mnt/data/photon_26753_work/candidate/app/src/main/java/com/particlesdevs/photoncamera/processing/processor/PhotonMotionMgc1271Bridge.kt:408:24: error: variable expected
            parameters.motionV2HighZoomDetailPath = null
                       ^
mnt/data/photon_26753_work/candidate/app/src/main/java/com/particlesdevs/photoncamera/processing/processor/PhotonMotionMgc1271Bridge.kt:409:24: error: variable expected
            parameters.motionV2HighZoomDetailWidth = 0
                       ^
mnt/data/photon_26753_work/candidate/app/src/main/java/com/particlesdevs/photoncamera/processing/processor/PhotonMotionMgc1271Bridge.kt:410:24: error: variable expected
            parameters.motionV2HighZoomDetailHeight = 0
                       ^
mnt/data/photon_26753_work/candidate/app/src/main/java/com/particlesdevs/photoncamera/processing/processor/PhotonMotionMgc1271Bridge.kt:411:24: error: variable expected
            parameters.motionV2HighZoomDetailOriginX = 0
                       ^
mnt/data/photon_26753_work/candidate/app/src/main/java/com/particlesdevs/photoncamera/processing/processor/PhotonMotionMgc1271Bridge.kt:412:24: error: variable expected
            parameters.motionV2HighZoomDetailOriginY = 0
                       ^
mnt/data/photon_26753_work/candidate/app/src/main/java/com/particlesdevs/photoncamera/processing/processor/PhotonMotionMgc1271Bridge.kt:413:24: error: variable expected
            parameters.motionV2HighZoomDetailFullWidth = 0
                       ^
mnt/data/photon_26753_work/candidate/app/src/main/java/com/particlesdevs/photoncamera/processing/processor/PhotonMotionMgc1271Bridge.kt:414:24: error: variable expected
            parameters.motionV2HighZoomDetailFullHeight = 0
                       ^
mnt/data/photon_26753_work/candidate/app/src/main/java/com/particlesdevs/photoncamera/processing/processor/PhotonMotionMgc1271Bridge.kt:415:24: error: variable expected
            parameters.motionV2HighZoomDetailScaleX = 1f
                       ^
mnt/data/photon_26753_work/candidate/app/src/main/java/com/particlesdevs/photoncamera/processing/processor/PhotonMotionMgc1271Bridge.kt:416:24: error: variable expected
            parameters.motionV2HighZoomDetailScaleY = 1f
                       ^
mnt/data/photon_26753_work/candidate/app/src/main/java/com/particlesdevs/photoncamera/processing/processor/PhotonMotionMgc1271Bridge.kt:417:24: error: variable expected
            parameters.motionV2HighZoomDetailOriginXF = 0f
                       ^
mnt/data/photon_26753_work/candidate/app/src/main/java/com/particlesdevs/photoncamera/processing/processor/PhotonMotionMgc1271Bridge.kt:418:24: error: variable expected
            parameters.motionV2HighZoomDetailOriginYF = 0f
                       ^
mnt/data/photon_26753_work/candidate/app/src/main/java/com/particlesdevs/photoncamera/processing/processor/PhotonMotionMgc1271Bridge.kt:419:24: error: variable expected
            parameters.motionV2HighZoomDetailSourceZoom = localOutputZoom
                       ^
mnt/data/photon_26753_work/candidate/app/src/main/java/com/particlesdevs/photoncamera/processing/processor/PhotonMotionMgc1271Bridge.kt:420:24: error: variable expected
            parameters.motionV2HighZoomDetailActivePct = 0f
                       ^
mnt/data/photon_26753_work/candidate/app/src/main/java/com/particlesdevs/photoncamera/processing/processor/PhotonMotionMgc1271Bridge.kt:421:24: error: variable expected
            parameters.motionV2HighZoomDetailStrongPct = 0f
                       ^
mnt/data/photon_26753_work/candidate/app/src/main/java/com/particlesdevs/photoncamera/processing/processor/PhotonMotionMgc1271Bridge.kt:422:24: error: variable expected
            parameters.motionV2HighZoomRefineAcceptedPct = 0f
                       ^
mnt/data/photon_26753_work/candidate/app/src/main/java/com/particlesdevs/photoncamera/processing/processor/PhotonMotionMgc1271Bridge.kt:423:24: error: variable expected
            parameters.motionV2HighZoomDetailFrames = 0
                       ^
mnt/data/photon_26753_work/candidate/app/src/main/java/com/particlesdevs/photoncamera/processing/processor/PhotonMotionMgc1271Bridge.kt:424:24: error: variable expected
            parameters.motionV2HighZoomDetailReconstructionMs = 0L
                       ^
mnt/data/photon_26753_work/candidate/app/src/main/java/com/particlesdevs/photoncamera/processing/processor/PhotonMotionMgc1271Bridge.kt:425:24: error: variable expected
            parameters.motionV2HighZoomRgbPath = null
                       ^
mnt/data/photon_26753_work/candidate/app/src/main/java/com/particlesdevs/photoncamera/processing/processor/PhotonMotionMgc1271Bridge.kt:426:24: error: variable expected
            parameters.motionV2HighZoomRgbWidth = 0
                       ^
mnt/data/photon_26753_work/candidate/app/src/main/java/com/particlesdevs/photoncamera/processing/processor/PhotonMotionMgc1271Bridge.kt:427:24: error: variable expected
            parameters.motionV2HighZoomRgbHeight = 0
                       ^
mnt/data/photon_26753_work/candidate/app/src/main/java/com/particlesdevs/photoncamera/processing/processor/PhotonMotionMgc1271Bridge.kt:428:24: error: variable expected
            parameters.motionV2HighZoomRgbOriginX = 0
                       ^
mnt/data/photon_26753_work/candidate/app/src/main/java/com/particlesdevs/photoncamera/processing/processor/PhotonMotionMgc1271Bridge.kt:429:24: error: variable expected
            parameters.motionV2HighZoomRgbOriginY = 0
                       ^
mnt/data/photon_26753_work/candidate/app/src/main/java/com/particlesdevs/photoncamera/processing/processor/PhotonMotionMgc1271Bridge.kt:430:24: error: variable expected
            parameters.motionV2HighZoomRgbFullWidth = 0
                       ^
mnt/data/photon_26753_work/candidate/app/src/main/java/com/particlesdevs/photoncamera/processing/processor/PhotonMotionMgc1271Bridge.kt:431:24: error: variable expected
            parameters.motionV2HighZoomRgbFullHeight = 0
                       ^
mnt/data/photon_26753_work/candidate/app/src/main/java/com/particlesdevs/photoncamera/processing/processor/PhotonMotionMgc1271Bridge.kt:432:24: error: variable expected
            parameters.motionV2HighZoomRgbSourceZoom = localOutputZoom
                       ^
mnt/data/photon_26753_work/candidate/app/src/main/java/com/particlesdevs/photoncamera/processing/processor/PhotonMotionMgc1271Bridge.kt:433:24: error: variable expected
            parameters.motionV2HighZoomRgbActivePct = 0f
                       ^
mnt/data/photon_26753_work/candidate/app/src/main/java/com/particlesdevs/photoncamera/processing/processor/PhotonMotionMgc1271Bridge.kt:434:24: error: variable expected
            parameters.motionV2HighZoomRgbFullColorPct = 0f
                       ^
mnt/data/photon_26753_work/candidate/app/src/main/java/com/particlesdevs/photoncamera/processing/processor/PhotonMotionMgc1271Bridge.kt:435:24: error: variable expected
            parameters.motionV2HighZoomRgbPhaseMean = 0f
                       ^
mnt/data/photon_26753_work/candidate/app/src/main/java/com/particlesdevs/photoncamera/processing/processor/PhotonMotionMgc1271Bridge.kt:436:24: error: variable expected
            parameters.motionV2HighZoomRgbPhaseP10 = 0f
                       ^
mnt/data/photon_26753_work/candidate/app/src/main/java/com/particlesdevs/photoncamera/processing/processor/PhotonMotionMgc1271Bridge.kt:437:24: error: variable expected
            parameters.motionV2HighZoomRgbRefineAcceptedPct = 0f
                       ^
mnt/data/photon_26753_work/candidate/app/src/main/java/com/particlesdevs/photoncamera/processing/processor/PhotonMotionMgc1271Bridge.kt:438:24: error: variable expected
            parameters.motionV2HighZoomRgbFrames = 0
                       ^
mnt/data/photon_26753_work/candidate/app/src/main/java/com/particlesdevs/photoncamera/processing/processor/PhotonMotionMgc1271Bridge.kt:439:24: error: variable expected
            parameters.motionV2HighZoomRgbReconstructionMs = 0L
                       ^
mnt/data/photon_26753_work/candidate/app/src/main/java/com/particlesdevs/photoncamera/processing/processor/PhotonMotionMgc1271Bridge.kt:440:24: error: variable expected
            parameters.motionV2HighZoomRgbPrepared = false
                       ^
mnt/data/photon_26753_work/candidate/app/src/main/java/com/particlesdevs/photoncamera/processing/processor/PhotonMotionMgc1271Bridge.kt:441:24: error: variable expected
            parameters.motionV2HighZoomRgbApplied = false
                       ^
mnt/data/photon_26753_work/candidate/app/src/main/java/com/particlesdevs/photoncamera/processing/processor/PhotonMotionMgc1271Bridge.kt:442:63: error: unresolved reference: frameNumber
            val referenceStackFrame = frames.firstOrNull { it.frameNumber == mgcBase.motionV2FrameNumber } ?: frames.first()
                                                              ^
mnt/data/photon_26753_work/candidate/app/src/main/java/com/particlesdevs/photoncamera/processing/processor/PhotonMotionMgc1271Bridge.kt:442:86: error: unresolved reference: motionV2FrameNumber
            val referenceStackFrame = frames.firstOrNull { it.frameNumber == mgcBase.motionV2FrameNumber } ?: frames.first()
                                                                                     ^
mnt/data/photon_26753_work/candidate/app/src/main/java/com/particlesdevs/photoncamera/processing/processor/PhotonMotionMgc1271Bridge.kt:445:102: error: unresolved reference: focusDistanceDiopters
                "superResRequested=$sabreSuperResEnabled focusDistanceDiopters=${referenceStackFrame.focusDistanceDiopters} " +
                                                                                                     ^
mnt/data/photon_26753_work/candidate/app/src/main/java/com/particlesdevs/photoncamera/processing/processor/PhotonMotionMgc1271Bridge.kt:446:50: error: unresolved reference: lensState
                "lensState=${referenceStackFrame.lensState} rgbOwner=NATIVE_SABRE_VGN " +
                                                 ^
mnt/data/photon_26753_work/candidate/app/src/main/java/com/particlesdevs/photoncamera/processing/processor/PhotonMotionMgc1271Bridge.kt:449:13: error: unresolved reference: PLog
            PLog.i(TAG, "IRIS_26753_HIGH_ZOOM_ACTIVATION $highZoomActivation")
            ^
mnt/data/photon_26753_work/candidate/app/src/main/java/com/particlesdevs/photoncamera/processing/processor/PhotonMotionMgc1271Bridge.kt:450:13: error: unresolved reference: MotionTrace
            MotionTrace.processingState("IRIS_26753_HIGH_ZOOM_ACTIVATION", highZoomActivation)
            ^
mnt/data/photon_26753_work/candidate/app/src/main/java/com/particlesdevs/photoncamera/processing/processor/PhotonMotionMgc1271Bridge.kt:451:13: error: unresolved reference: PLog
            PLog.i(TAG, "IRIS_26564_TRUE_2X_SR_DNG_AUTHORITY " +
            ^
mnt/data/photon_26753_work/candidate/app/src/main/java/com/particlesdevs/photoncamera/processing/processor/PhotonMotionMgc1271Bridge.kt:460:26: error: unresolved reference: GlesMgcRawFusion
            val fusion = GlesMgcRawFusion(
                         ^
mnt/data/photon_26753_work/candidate/app/src/main/java/com/particlesdevs/photoncamera/processing/processor/PhotonMotionMgc1271Bridge.kt:475:39: error: unresolved reference: GpuLinearRgbStorage
                gpuLinearRgbStorage = GpuLinearRgbStorage.RGBA16F,
                                      ^
mnt/data/photon_26753_work/candidate/app/src/main/java/com/particlesdevs/photoncamera/processing/processor/PhotonMotionMgc1271Bridge.kt:479:40: error: unresolved reference: PhotonCamera
                sabreSuperResTempDir = PhotonCamera.getApplicationContextStatic().cacheDir,
                                       ^
mnt/data/photon_26753_work/candidate/app/src/main/java/com/particlesdevs/photoncamera/processing/processor/PhotonMotionMgc1271Bridge.kt:490:24: error: variable expected
            parameters.motionV2ShortRadianceAuthorityMask = stacked.shortRadianceAuthorityMask?.copyOf()
                       ^
mnt/data/photon_26753_work/candidate/app/src/main/java/com/particlesdevs/photoncamera/processing/processor/PhotonMotionMgc1271Bridge.kt:490:69: error: unresolved reference: shortRadianceAuthorityMask
            parameters.motionV2ShortRadianceAuthorityMask = stacked.shortRadianceAuthorityMask?.copyOf()
                                                                    ^
mnt/data/photon_26753_work/candidate/app/src/main/java/com/particlesdevs/photoncamera/processing/processor/PhotonMotionMgc1271Bridge.kt:491:24: error: variable expected
            parameters.motionV2ShortRadianceAuthorityWidth = stacked.shortRadianceAuthorityWidth
                       ^
mnt/data/photon_26753_work/candidate/app/src/main/java/com/particlesdevs/photoncamera/processing/processor/PhotonMotionMgc1271Bridge.kt:491:70: error: unresolved reference: shortRadianceAuthorityWidth
            parameters.motionV2ShortRadianceAuthorityWidth = stacked.shortRadianceAuthorityWidth
                                                                     ^
mnt/data/photon_26753_work/candidate/app/src/main/java/com/particlesdevs/photoncamera/processing/processor/PhotonMotionMgc1271Bridge.kt:492:24: error: variable expected
            parameters.motionV2ShortRadianceAuthorityHeight = stacked.shortRadianceAuthorityHeight
                       ^
mnt/data/photon_26753_work/candidate/app/src/main/java/com/particlesdevs/photoncamera/processing/processor/PhotonMotionMgc1271Bridge.kt:492:71: error: unresolved reference: shortRadianceAuthorityHeight
            parameters.motionV2ShortRadianceAuthorityHeight = stacked.shortRadianceAuthorityHeight
                                                                      ^
mnt/data/photon_26753_work/candidate/app/src/main/java/com/particlesdevs/photoncamera/processing/processor/PhotonMotionMgc1271Bridge.kt:493:13: error: unresolved reference: PLog
            PLog.i(TAG, "IRIS_26708_SHORT_AUTHORITY_HANDOFF active=" +
            ^
mnt/data/photon_26753_work/candidate/app/src/main/java/com/particlesdevs/photoncamera/processing/processor/PhotonMotionMgc1271Bridge.kt:494:73: error: unresolved reference: it
                (parameters.motionV2ShortRadianceAuthorityMask?.count { it.toInt() != 0 } ?: 0) +
                                                                        ^
mnt/data/photon_26753_work/candidate/app/src/main/java/com/particlesdevs/photoncamera/processing/processor/PhotonMotionMgc1271Bridge.kt:496:53: error: unresolved reference: true2xLinearRgbPath
            true2xLinearRgbPathForCleanup = stacked.true2xLinearRgbPath
                                                    ^
mnt/data/photon_26753_work/candidate/app/src/main/java/com/particlesdevs/photoncamera/processing/processor/PhotonMotionMgc1271Bridge.kt:497:53: error: unresolved reference: true2xRenderRgbPath
            true2xRenderRgbPathForCleanup = stacked.true2xRenderRgbPath
                                                    ^
mnt/data/photon_26753_work/candidate/app/src/main/java/com/particlesdevs/photoncamera/processing/processor/PhotonMotionMgc1271Bridge.kt:498:56: error: unresolved reference: true2xPhaseSupportPath
            true2xPhaseSupportPathForCleanup = stacked.true2xPhaseSupportPath
                                                       ^
mnt/data/photon_26753_work/candidate/app/src/main/java/com/particlesdevs/photoncamera/processing/processor/PhotonMotionMgc1271Bridge.kt:499:58: error: unresolved reference: true2xNativeVgnGuidePath
            true2xNativeVgnGuidePathForCleanup = stacked.true2xNativeVgnGuidePath
                                                         ^
mnt/data/photon_26753_work/candidate/app/src/main/java/com/particlesdevs/photoncamera/processing/processor/PhotonMotionMgc1271Bridge.kt:500:52: error: unresolved reference: highZoomDetailPath
            highZoomDetailPathForCleanup = stacked.highZoomDetailPath
                                                   ^
mnt/data/photon_26753_work/candidate/app/src/main/java/com/particlesdevs/photoncamera/processing/processor/PhotonMotionMgc1271Bridge.kt:501:49: error: unresolved reference: highZoomRgbPath
            highZoomRgbPathForCleanup = stacked.highZoomRgbPath
                                                ^
mnt/data/photon_26753_work/candidate/app/src/main/java/com/particlesdevs/photoncamera/processing/processor/PhotonMotionMgc1271Bridge.kt:503:39: error: unresolved reference: highZoomRgbPath
                requireParity(stacked.highZoomRgbPath == null, "26753 Plan-B must never publish high-zoom RGB/chroma")
                                      ^
mnt/data/photon_26753_work/candidate/app/src/main/java/com/particlesdevs/photoncamera/processing/processor/PhotonMotionMgc1271Bridge.kt:504:29: error: unresolved reference: highZoomDetailPath
                if (stacked.highZoomDetailPath != null) {
                            ^
mnt/data/photon_26753_work/candidate/app/src/main/java/com/particlesdevs/photoncamera/processing/processor/PhotonMotionMgc1271Bridge.kt:505:43: error: unresolved reference: highZoomDetailWidth
                    requireParity(stacked.highZoomDetailWidth > 0 && stacked.highZoomDetailHeight > 0 &&
                                          ^
mnt/data/photon_26753_work/candidate/app/src/main/java/com/particlesdevs/photoncamera/processing/processor/PhotonMotionMgc1271Bridge.kt:505:78: error: unresolved reference: highZoomDetailHeight
                    requireParity(stacked.highZoomDetailWidth > 0 && stacked.highZoomDetailHeight > 0 &&
                                                                             ^
mnt/data/photon_26753_work/candidate/app/src/main/java/com/particlesdevs/photoncamera/processing/processor/PhotonMotionMgc1271Bridge.kt:506:33: error: unresolved reference: highZoomDetailScaleX
                        stacked.highZoomDetailScaleX >= 1f && stacked.highZoomDetailScaleY >= 1f,
                                ^
mnt/data/photon_26753_work/candidate/app/src/main/java/com/particlesdevs/photoncamera/processing/processor/PhotonMotionMgc1271Bridge.kt:506:71: error: unresolved reference: highZoomDetailScaleY
                        stacked.highZoomDetailScaleX >= 1f && stacked.highZoomDetailScaleY >= 1f,
                                                                      ^
mnt/data/photon_26753_work/candidate/app/src/main/java/com/particlesdevs/photoncamera/processing/processor/PhotonMotionMgc1271Bridge.kt:508:70: error: unresolved reference: role
                    val expectedPlanBFrames26753 = frames.count { it.role == RawBurstFrameRole.NORMAL }
                                                                     ^
mnt/data/photon_26753_work/candidate/app/src/main/java/com/particlesdevs/photoncamera/processing/processor/PhotonMotionMgc1271Bridge.kt:508:78: error: unresolved reference: RawBurstFrameRole
                    val expectedPlanBFrames26753 = frames.count { it.role == RawBurstFrameRole.NORMAL }
                                                                             ^
mnt/data/photon_26753_work/candidate/app/src/main/java/com/particlesdevs/photoncamera/processing/processor/PhotonMotionMgc1271Bridge.kt:510:33: error: unresolved reference: highZoomDetailWidth
                        stacked.highZoomDetailWidth == size.x && stacked.highZoomDetailHeight == size.y,
                                ^
mnt/data/photon_26753_work/candidate/app/src/main/java/com/particlesdevs/photoncamera/processing/processor/PhotonMotionMgc1271Bridge.kt:510:74: error: unresolved reference: highZoomDetailHeight
                        stacked.highZoomDetailWidth == size.x && stacked.highZoomDetailHeight == size.y,
                                                                         ^
mnt/data/photon_26753_work/candidate/app/src/main/java/com/particlesdevs/photoncamera/processing/processor/PhotonMotionMgc1271Bridge.kt:512:47: error: unresolved reference: highZoomDetailWidth
                            "actual=${stacked.highZoomDetailWidth}x${stacked.highZoomDetailHeight}",
                                              ^
mnt/data/photon_26753_work/candidate/app/src/main/java/com/particlesdevs/photoncamera/processing/processor/PhotonMotionMgc1271Bridge.kt:512:78: error: unresolved reference: highZoomDetailHeight
                            "actual=${stacked.highZoomDetailWidth}x${stacked.highZoomDetailHeight}",
                                                                             ^
mnt/data/photon_26753_work/candidate/app/src/main/java/com/particlesdevs/photoncamera/processing/processor/PhotonMotionMgc1271Bridge.kt:515:33: error: unresolved reference: highZoomDetailFrames
                        stacked.highZoomDetailFrames == expectedPlanBFrames26753,
                                ^
mnt/data/photon_26753_work/candidate/app/src/main/java/com/particlesdevs/photoncamera/processing/processor/PhotonMotionMgc1271Bridge.kt:516:118: error: unresolved reference: highZoomDetailFrames
                        "26753 Plan-B fixed frame count mismatch expected=$expectedPlanBFrames26753 actual=${stacked.highZoomDetailFrames}",
                                                                                                                     ^
mnt/data/photon_26753_work/candidate/app/src/main/java/com/particlesdevs/photoncamera/processing/processor/PhotonMotionMgc1271Bridge.kt:518:59: error: unresolved reference: highZoomDetailSourceZoom
                    requireParity(kotlin.math.abs(stacked.highZoomDetailSourceZoom - localOutputZoom) < 1.0e-5f,
                                                          ^
mnt/data/photon_26753_work/candidate/app/src/main/java/com/particlesdevs/photoncamera/processing/processor/PhotonMotionMgc1271Bridge.kt:520:32: error: variable expected
                    parameters.motionV2HighZoomDetailPath = stacked.highZoomDetailPath
                               ^
mnt/data/photon_26753_work/candidate/app/src/main/java/com/particlesdevs/photoncamera/processing/processor/PhotonMotionMgc1271Bridge.kt:520:69: error: unresolved reference: highZoomDetailPath
                    parameters.motionV2HighZoomDetailPath = stacked.highZoomDetailPath
                                                                    ^
mnt/data/photon_26753_work/candidate/app/src/main/java/com/particlesdevs/photoncamera/processing/processor/PhotonMotionMgc1271Bridge.kt:521:32: error: variable expected
                    parameters.motionV2HighZoomDetailWidth = stacked.highZoomDetailWidth
                               ^
mnt/data/photon_26753_work/candidate/app/src/main/java/com/particlesdevs/photoncamera/processing/processor/PhotonMotionMgc1271Bridge.kt:521:70: error: unresolved reference: highZoomDetailWidth
                    parameters.motionV2HighZoomDetailWidth = stacked.highZoomDetailWidth
                                                                     ^
mnt/data/photon_26753_work/candidate/app/src/main/java/com/particlesdevs/photoncamera/processing/processor/PhotonMotionMgc1271Bridge.kt:522:32: error: variable expected
                    parameters.motionV2HighZoomDetailHeight = stacked.highZoomDetailHeight
                               ^
mnt/data/photon_26753_work/candidate/app/src/main/java/com/particlesdevs/photoncamera/processing/processor/PhotonMotionMgc1271Bridge.kt:522:71: error: unresolved reference: highZoomDetailHeight
                    parameters.motionV2HighZoomDetailHeight = stacked.highZoomDetailHeight
                                                                      ^
mnt/data/photon_26753_work/candidate/app/src/main/java/com/particlesdevs/photoncamera/processing/processor/PhotonMotionMgc1271Bridge.kt:523:32: error: variable expected
                    parameters.motionV2HighZoomDetailOriginX = stacked.highZoomDetailOriginX
                               ^
mnt/data/photon_26753_work/candidate/app/src/main/java/com/particlesdevs/photoncamera/processing/processor/PhotonMotionMgc1271Bridge.kt:523:72: error: unresolved reference: highZoomDetailOriginX
                    parameters.motionV2HighZoomDetailOriginX = stacked.highZoomDetailOriginX
                                                                       ^
mnt/data/photon_26753_work/candidate/app/src/main/java/com/particlesdevs/photoncamera/processing/processor/PhotonMotionMgc1271Bridge.kt:524:32: error: variable expected
                    parameters.motionV2HighZoomDetailOriginY = stacked.highZoomDetailOriginY
                               ^
mnt/data/photon_26753_work/candidate/app/src/main/java/com/particlesdevs/photoncamera/processing/processor/PhotonMotionMgc1271Bridge.kt:524:72: error: unresolved reference: highZoomDetailOriginY
                    parameters.motionV2HighZoomDetailOriginY = stacked.highZoomDetailOriginY
                                                                       ^
mnt/data/photon_26753_work/candidate/app/src/main/java/com/particlesdevs/photoncamera/processing/processor/PhotonMotionMgc1271Bridge.kt:525:32: error: variable expected
                    parameters.motionV2HighZoomDetailFullWidth = stacked.highZoomDetailFullWidth
                               ^
mnt/data/photon_26753_work/candidate/app/src/main/java/com/particlesdevs/photoncamera/processing/processor/PhotonMotionMgc1271Bridge.kt:525:74: error: unresolved reference: highZoomDetailFullWidth
                    parameters.motionV2HighZoomDetailFullWidth = stacked.highZoomDetailFullWidth
                                                                         ^
mnt/data/photon_26753_work/candidate/app/src/main/java/com/particlesdevs/photoncamera/processing/processor/PhotonMotionMgc1271Bridge.kt:526:32: error: variable expected
                    parameters.motionV2HighZoomDetailFullHeight = stacked.highZoomDetailFullHeight
                               ^
mnt/data/photon_26753_work/candidate/app/src/main/java/com/particlesdevs/photoncamera/processing/processor/PhotonMotionMgc1271Bridge.kt:526:75: error: unresolved reference: highZoomDetailFullHeight
                    parameters.motionV2HighZoomDetailFullHeight = stacked.highZoomDetailFullHeight
                                                                          ^
mnt/data/photon_26753_work/candidate/app/src/main/java/com/particlesdevs/photoncamera/processing/processor/PhotonMotionMgc1271Bridge.kt:527:32: error: variable expected
                    parameters.motionV2HighZoomDetailScaleX = stacked.highZoomDetailScaleX
                               ^
mnt/data/photon_26753_work/candidate/app/src/main/java/com/particlesdevs/photoncamera/processing/processor/PhotonMotionMgc1271Bridge.kt:527:71: error: unresolved reference: highZoomDetailScaleX
                    parameters.motionV2HighZoomDetailScaleX = stacked.highZoomDetailScaleX
                                                                      ^
mnt/data/photon_26753_work/candidate/app/src/main/java/com/particlesdevs/photoncamera/processing/processor/PhotonMotionMgc1271Bridge.kt:528:32: error: variable expected
                    parameters.motionV2HighZoomDetailScaleY = stacked.highZoomDetailScaleY
                               ^
mnt/data/photon_26753_work/candidate/app/src/main/java/com/particlesdevs/photoncamera/processing/processor/PhotonMotionMgc1271Bridge.kt:528:71: error: unresolved reference: highZoomDetailScaleY
                    parameters.motionV2HighZoomDetailScaleY = stacked.highZoomDetailScaleY
                                                                      ^
mnt/data/photon_26753_work/candidate/app/src/main/java/com/particlesdevs/photoncamera/processing/processor/PhotonMotionMgc1271Bridge.kt:529:32: error: variable expected
                    parameters.motionV2HighZoomDetailOriginXF = stacked.highZoomDetailOriginXF
                               ^
mnt/data/photon_26753_work/candidate/app/src/main/java/com/particlesdevs/photoncamera/processing/processor/PhotonMotionMgc1271Bridge.kt:529:73: error: unresolved reference: highZoomDetailOriginXF
                    parameters.motionV2HighZoomDetailOriginXF = stacked.highZoomDetailOriginXF
                                                                        ^
mnt/data/photon_26753_work/candidate/app/src/main/java/com/particlesdevs/photoncamera/processing/processor/PhotonMotionMgc1271Bridge.kt:530:32: error: variable expected
                    parameters.motionV2HighZoomDetailOriginYF = stacked.highZoomDetailOriginYF
                               ^
mnt/data/photon_26753_work/candidate/app/src/main/java/com/particlesdevs/photoncamera/processing/processor/PhotonMotionMgc1271Bridge.kt:530:73: error: unresolved reference: highZoomDetailOriginYF
                    parameters.motionV2HighZoomDetailOriginYF = stacked.highZoomDetailOriginYF
                                                                        ^
mnt/data/photon_26753_work/candidate/app/src/main/java/com/particlesdevs/photoncamera/processing/processor/PhotonMotionMgc1271Bridge.kt:531:32: error: variable expected
                    parameters.motionV2HighZoomDetailSourceZoom = stacked.highZoomDetailSourceZoom
                               ^
mnt/data/photon_26753_work/candidate/app/src/main/java/com/particlesdevs/photoncamera/processing/processor/PhotonMotionMgc1271Bridge.kt:531:75: error: unresolved reference: highZoomDetailSourceZoom
                    parameters.motionV2HighZoomDetailSourceZoom = stacked.highZoomDetailSourceZoom
                                                                          ^
mnt/data/photon_26753_work/candidate/app/src/main/java/com/particlesdevs/photoncamera/processing/processor/PhotonMotionMgc1271Bridge.kt:532:32: error: variable expected
                    parameters.motionV2HighZoomDetailActivePct = stacked.highZoomDetailActivePct
                               ^
mnt/data/photon_26753_work/candidate/app/src/main/java/com/particlesdevs/photoncamera/processing/processor/PhotonMotionMgc1271Bridge.kt:532:74: error: unresolved reference: highZoomDetailActivePct
                    parameters.motionV2HighZoomDetailActivePct = stacked.highZoomDetailActivePct
                                                                         ^
mnt/data/photon_26753_work/candidate/app/src/main/java/com/particlesdevs/photoncamera/processing/processor/PhotonMotionMgc1271Bridge.kt:533:32: error: variable expected
                    parameters.motionV2HighZoomDetailStrongPct = stacked.highZoomDetailStrongPct
                               ^
mnt/data/photon_26753_work/candidate/app/src/main/java/com/particlesdevs/photoncamera/processing/processor/PhotonMotionMgc1271Bridge.kt:533:74: error: unresolved reference: highZoomDetailStrongPct
                    parameters.motionV2HighZoomDetailStrongPct = stacked.highZoomDetailStrongPct
                                                                         ^
mnt/data/photon_26753_work/candidate/app/src/main/java/com/particlesdevs/photoncamera/processing/processor/PhotonMotionMgc1271Bridge.kt:534:32: error: variable expected
                    parameters.motionV2HighZoomRefineAcceptedPct = stacked.highZoomRefineAcceptedPct
                               ^
mnt/data/photon_26753_work/candidate/app/src/main/java/com/particlesdevs/photoncamera/processing/processor/PhotonMotionMgc1271Bridge.kt:534:76: error: unresolved reference: highZoomRefineAcceptedPct
                    parameters.motionV2HighZoomRefineAcceptedPct = stacked.highZoomRefineAcceptedPct
                                                                           ^
mnt/data/photon_26753_work/candidate/app/src/main/java/com/particlesdevs/photoncamera/processing/processor/PhotonMotionMgc1271Bridge.kt:535:32: error: variable expected
                    parameters.motionV2HighZoomDetailFrames = stacked.highZoomDetailFrames
                               ^
mnt/data/photon_26753_work/candidate/app/src/main/java/com/particlesdevs/photoncamera/processing/processor/PhotonMotionMgc1271Bridge.kt:535:71: error: unresolved reference: highZoomDetailFrames
                    parameters.motionV2HighZoomDetailFrames = stacked.highZoomDetailFrames
                                                                      ^
mnt/data/photon_26753_work/candidate/app/src/main/java/com/particlesdevs/photoncamera/processing/processor/PhotonMotionMgc1271Bridge.kt:536:32: error: variable expected
                    parameters.motionV2HighZoomDetailReconstructionMs = stacked.highZoomDetailReconstructionMs
                               ^
mnt/data/photon_26753_work/candidate/app/src/main/java/com/particlesdevs/photoncamera/processing/processor/PhotonMotionMgc1271Bridge.kt:536:81: error: unresolved reference: highZoomDetailReconstructionMs
                    parameters.motionV2HighZoomDetailReconstructionMs = stacked.highZoomDetailReconstructionMs
                                                                                ^
mnt/data/photon_26753_work/candidate/app/src/main/java/com/particlesdevs/photoncamera/processing/processor/PhotonMotionMgc1271Bridge.kt:537:61: error: unresolved reference: highZoomDetailWidth
                    val handoff = "path=true size=${stacked.highZoomDetailWidth}x${stacked.highZoomDetailHeight} " +
                                                            ^
mnt/data/photon_26753_work/candidate/app/src/main/java/com/particlesdevs/photoncamera/processing/processor/PhotonMotionMgc1271Bridge.kt:537:92: error: unresolved reference: highZoomDetailHeight
                    val handoff = "path=true size=${stacked.highZoomDetailWidth}x${stacked.highZoomDetailHeight} " +
                                                                                           ^
mnt/data/photon_26753_work/candidate/app/src/main/java/com/particlesdevs/photoncamera/processing/processor/PhotonMotionMgc1271Bridge.kt:538:43: error: unresolved reference: highZoomDetailOriginXF
                        "origin=${stacked.highZoomDetailOriginXF},${stacked.highZoomDetailOriginYF} " +
                                          ^
mnt/data/photon_26753_work/candidate/app/src/main/java/com/particlesdevs/photoncamera/processing/processor/PhotonMotionMgc1271Bridge.kt:538:77: error: unresolved reference: highZoomDetailOriginYF
                        "origin=${stacked.highZoomDetailOriginXF},${stacked.highZoomDetailOriginYF} " +
                                                                            ^
mnt/data/photon_26753_work/candidate/app/src/main/java/com/particlesdevs/photoncamera/processing/processor/PhotonMotionMgc1271Bridge.kt:539:42: error: unresolved reference: highZoomDetailScaleX
                        "scale=${stacked.highZoomDetailScaleX},${stacked.highZoomDetailScaleY} " +
                                         ^
mnt/data/photon_26753_work/candidate/app/src/main/java/com/particlesdevs/photoncamera/processing/processor/PhotonMotionMgc1271Bridge.kt:539:74: error: unresolved reference: highZoomDetailScaleY
                        "scale=${stacked.highZoomDetailScaleX},${stacked.highZoomDetailScaleY} " +
                                                                         ^
mnt/data/photon_26753_work/candidate/app/src/main/java/com/particlesdevs/photoncamera/processing/processor/PhotonMotionMgc1271Bridge.kt:540:47: error: unresolved reference: highZoomDetailSourceZoom
                        "sourceZoom=${stacked.highZoomDetailSourceZoom} frames=${stacked.highZoomDetailFrames} " +
                                              ^
mnt/data/photon_26753_work/candidate/app/src/main/java/com/particlesdevs/photoncamera/processing/processor/PhotonMotionMgc1271Bridge.kt:540:90: error: unresolved reference: highZoomDetailFrames
                        "sourceZoom=${stacked.highZoomDetailSourceZoom} frames=${stacked.highZoomDetailFrames} " +
                                                                                         ^
mnt/data/photon_26753_work/candidate/app/src/main/java/com/particlesdevs/photoncamera/processing/processor/PhotonMotionMgc1271Bridge.kt:541:46: error: unresolved reference: highZoomDetailActivePct
                        "activePct=${stacked.highZoomDetailActivePct} strongPct=${stacked.highZoomDetailStrongPct} " +
                                             ^
mnt/data/photon_26753_work/candidate/app/src/main/java/com/particlesdevs/photoncamera/processing/processor/PhotonMotionMgc1271Bridge.kt:541:91: error: unresolved reference: highZoomDetailStrongPct
                        "activePct=${stacked.highZoomDetailActivePct} strongPct=${stacked.highZoomDetailStrongPct} " +
                                                                                          ^
mnt/data/photon_26753_work/candidate/app/src/main/java/com/particlesdevs/photoncamera/processing/processor/PhotonMotionMgc1271Bridge.kt:542:39: error: unresolved reference: highZoomDetailReconstructionMs
                        "ms=${stacked.highZoomDetailReconstructionMs} directNativeSize=true fixedFrameCount=true secondScaler=false " +
                                      ^
mnt/data/photon_26753_work/candidate/app/src/main/java/com/particlesdevs/photoncamera/processing/processor/PhotonMotionMgc1271Bridge.kt:544:21: error: unresolved reference: PLog
                    PLog.i(TAG, "IRIS_26753_PLAN_B_HIGH_ZOOM_HANDOFF $handoff")
                    ^
mnt/data/photon_26753_work/candidate/app/src/main/java/com/particlesdevs/photoncamera/processing/processor/PhotonMotionMgc1271Bridge.kt:545:21: error: unresolved reference: MotionTrace
                    MotionTrace.processingState("IRIS_26753_PLAN_B_HIGH_ZOOM_HANDOFF", handoff)
                    ^
mnt/data/photon_26753_work/candidate/app/src/main/java/com/particlesdevs/photoncamera/processing/processor/PhotonMotionMgc1271Bridge.kt:547:21: error: unresolved reference: PLog
                    PLog.i(TAG, "IRIS_26753_PLAN_B_HIGH_ZOOM_NATIVE_FALLBACK sourceZoom=$localOutputZoom")
                    ^
mnt/data/photon_26753_work/candidate/app/src/main/java/com/particlesdevs/photoncamera/processing/processor/PhotonMotionMgc1271Bridge.kt:548:21: error: unresolved reference: MotionTrace
                    MotionTrace.processingState("IRIS_26753_PLAN_B_HIGH_ZOOM_NATIVE_FALLBACK",
                    ^
mnt/data/photon_26753_work/candidate/app/src/main/java/com/particlesdevs/photoncamera/processing/processor/PhotonMotionMgc1271Bridge.kt:552:39: error: unresolved reference: highZoomRgbPath
                requireParity(stacked.highZoomRgbPath == null && stacked.highZoomDetailPath == null &&
                                      ^
mnt/data/photon_26753_work/candidate/app/src/main/java/com/particlesdevs/photoncamera/processing/processor/PhotonMotionMgc1271Bridge.kt:552:74: error: unresolved reference: highZoomDetailPath
                requireParity(stacked.highZoomRgbPath == null && stacked.highZoomDetailPath == null &&
                                                                         ^
mnt/data/photon_26753_work/candidate/app/src/main/java/com/particlesdevs/photoncamera/processing/processor/PhotonMotionMgc1271Bridge.kt:553:29: error: unresolved reference: highZoomRgbWidth
                    stacked.highZoomRgbWidth == 0 && stacked.highZoomDetailWidth == 0,
                            ^
mnt/data/photon_26753_work/candidate/app/src/main/java/com/particlesdevs/photoncamera/processing/processor/PhotonMotionMgc1271Bridge.kt:553:62: error: unresolved reference: highZoomDetailWidth
                    stacked.highZoomRgbWidth == 0 && stacked.highZoomDetailWidth == 0,
                                                             ^
mnt/data/photon_26753_work/candidate/app/src/main/java/com/particlesdevs/photoncamera/processing/processor/PhotonMotionMgc1271Bridge.kt:562:39: error: unresolved reference: mergedFrameCount
                requireParity(stacked.mergedFrameCount == frames.size,
                                      ^
mnt/data/photon_26753_work/candidate/app/src/main/java/com/particlesdevs/photoncamera/processing/processor/PhotonMotionMgc1271Bridge.kt:563:53: error: unresolved reference: mergedFrameCount
                    "Night Sabre admitted=${stacked.mergedFrameCount} immutableBatch=${frames.size}")
                                                    ^
mnt/data/photon_26753_work/candidate/app/src/main/java/com/particlesdevs/photoncamera/processing/processor/PhotonMotionMgc1271Bridge.kt:566:35: error: unresolved reference: width
            requireParity(stacked.width == size.x && stacked.height == size.y,
                                  ^
mnt/data/photon_26753_work/candidate/app/src/main/java/com/particlesdevs/photoncamera/processing/processor/PhotonMotionMgc1271Bridge.kt:566:62: error: unresolved reference: height
            requireParity(stacked.width == size.x && stacked.height == size.y,
                                                             ^
mnt/data/photon_26753_work/candidate/app/src/main/java/com/particlesdevs/photoncamera/processing/processor/PhotonMotionMgc1271Bridge.kt:567:62: error: unresolved reference: width
                "Sabre native-grid output geometry ${stacked.width}x${stacked.height} != ${size.x}x${size.y}")
                                                             ^
mnt/data/photon_26753_work/candidate/app/src/main/java/com/particlesdevs/photoncamera/processing/processor/PhotonMotionMgc1271Bridge.kt:567:79: error: unresolved reference: height
                "Sabre native-grid output geometry ${stacked.width}x${stacked.height} != ${size.x}x${size.y}")
                                                                              ^
mnt/data/photon_26753_work/candidate/app/src/main/java/com/particlesdevs/photoncamera/processing/processor/PhotonMotionMgc1271Bridge.kt:576:25: error: unresolved reference: superResDetailPath
                stacked.superResDetailPath == null && stacked.superResLinearRawPath == null &&
                        ^
mnt/data/photon_26753_work/candidate/app/src/main/java/com/particlesdevs/photoncamera/processing/processor/PhotonMotionMgc1271Bridge.kt:576:63: error: unresolved reference: superResLinearRawPath
                stacked.superResDetailPath == null && stacked.superResLinearRawPath == null &&
                                                              ^
mnt/data/photon_26753_work/candidate/app/src/main/java/com/particlesdevs/photoncamera/processing/processor/PhotonMotionMgc1271Bridge.kt:577:29: error: unresolved reference: superResWidth
                    stacked.superResWidth == 0 && stacked.superResHeight == 0,
                            ^
mnt/data/photon_26753_work/candidate/app/src/main/java/com/particlesdevs/photoncamera/processing/processor/PhotonMotionMgc1271Bridge.kt:577:59: error: unresolved reference: superResHeight
                    stacked.superResWidth == 0 && stacked.superResHeight == 0,
                                                          ^
mnt/data/photon_26753_work/candidate/app/src/main/java/com/particlesdevs/photoncamera/processing/processor/PhotonMotionMgc1271Bridge.kt:581:39: error: unresolved reference: true2xWidth
                requireParity(stacked.true2xWidth==expectedSuperResWidth&&stacked.true2xHeight==expectedSuperResHeight,
                                      ^
mnt/data/photon_26753_work/candidate/app/src/main/java/com/particlesdevs/photoncamera/processing/processor/PhotonMotionMgc1271Bridge.kt:581:83: error: unresolved reference: true2xHeight
                requireParity(stacked.true2xWidth==expectedSuperResWidth&&stacked.true2xHeight==expectedSuperResHeight,
                                                                                  ^
mnt/data/photon_26753_work/candidate/app/src/main/java/com/particlesdevs/photoncamera/processing/processor/PhotonMotionMgc1271Bridge.kt:582:54: error: unresolved reference: true2xWidth
                    "26568 true2x geometry ${stacked.true2xWidth}x${stacked.true2xHeight} expected=${expectedSuperResWidth}x$expectedSuperResHeight")
                                                     ^
mnt/data/photon_26753_work/candidate/app/src/main/java/com/particlesdevs/photoncamera/processing/processor/PhotonMotionMgc1271Bridge.kt:582:77: error: unresolved reference: true2xHeight
                    "26568 true2x geometry ${stacked.true2xWidth}x${stacked.true2xHeight} expected=${expectedSuperResWidth}x$expectedSuperResHeight")
                                                                            ^
mnt/data/photon_26753_work/candidate/app/src/main/java/com/particlesdevs/photoncamera/processing/processor/PhotonMotionMgc1271Bridge.kt:584:30: error: unresolved reference: true2xBackend
                when(stacked.true2xBackend) {
                             ^
mnt/data/photon_26753_work/candidate/app/src/main/java/com/particlesdevs/photoncamera/processing/processor/PhotonMotionMgc1271Bridge.kt:586:44: error: unresolved reference: true2xRenderRgbPath
                        val render=stacked.true2xRenderRgbPath?.let(::File)
                                           ^
mnt/data/photon_26753_work/candidate/app/src/main/java/com/particlesdevs/photoncamera/processing/processor/PhotonMotionMgc1271Bridge.kt:588:48: error: unresolved reference: true2xLinearRgbPath
                        requireParity((stacked.true2xLinearRgbPath!=null)==produceNormalStackedDng,"26752 Plan-B DNG carrier ownership mismatch")
                                               ^
mnt/data/photon_26753_work/candidate/app/src/main/java/com/particlesdevs/photoncamera/processing/processor/PhotonMotionMgc1271Bridge.kt:589:33: error: unresolved reference: true2xLinearRgbPath
                        stacked.true2xLinearRgbPath?.let { path -> val f=File(path);requireParity(f.isFile&&f.length()==expectedBytes,"26752 Plan-B DNG carrier invalid") }
                                ^
mnt/data/photon_26753_work/candidate/app/src/main/java/com/particlesdevs/photoncamera/processing/processor/PhotonMotionMgc1271Bridge.kt:589:60: error: cannot infer a type for this parameter. Please specify it explicitly.
                        stacked.true2xLinearRgbPath?.let { path -> val f=File(path);requireParity(f.isFile&&f.length()==expectedBytes,"26752 Plan-B DNG carrier invalid") }
                                                           ^
mnt/data/photon_26753_work/candidate/app/src/main/java/com/particlesdevs/photoncamera/processing/processor/PhotonMotionMgc1271Bridge.kt:589:74: error: overload resolution ambiguity: 
public constructor File(p0: URI!) defined in java.io.File
public constructor File(p0: String!) defined in java.io.File
                        stacked.true2xLinearRgbPath?.let { path -> val f=File(path);requireParity(f.isFile&&f.length()==expectedBytes,"26752 Plan-B DNG carrier invalid") }
                                                                         ^
mnt/data/photon_26753_work/candidate/app/src/main/java/com/particlesdevs/photoncamera/processing/processor/PhotonMotionMgc1271Bridge.kt:590:47: error: unresolved reference: true2xNativeVgnGuidePath
                        requireParity(stacked.true2xNativeVgnGuidePath==null&&stacked.true2xPhaseSupportPath==null,"26752 Plan-B intermediates escaped stacker")
                                              ^
mnt/data/photon_26753_work/candidate/app/src/main/java/com/particlesdevs/photoncamera/processing/processor/PhotonMotionMgc1271Bridge.kt:590:87: error: unresolved reference: true2xPhaseSupportPath
                        requireParity(stacked.true2xNativeVgnGuidePath==null&&stacked.true2xPhaseSupportPath==null,"26752 Plan-B intermediates escaped stacker")
                                                                                      ^
mnt/data/photon_26753_work/candidate/app/src/main/java/com/particlesdevs/photoncamera/processing/processor/PhotonMotionMgc1271Bridge.kt:593:44: error: unresolved reference: true2xRenderRgbPath
                        val render=stacked.true2xRenderRgbPath?.let(::File)
                                           ^
mnt/data/photon_26753_work/candidate/app/src/main/java/com/particlesdevs/photoncamera/processing/processor/PhotonMotionMgc1271Bridge.kt:595:48: error: unresolved reference: true2xLinearRgbPath
                        requireParity((stacked.true2xLinearRgbPath!=null)==produceNormalStackedDng,"26568 direct-CFA DNG carrier ownership mismatch")
                                               ^
mnt/data/photon_26753_work/candidate/app/src/main/java/com/particlesdevs/photoncamera/processing/processor/PhotonMotionMgc1271Bridge.kt:596:33: error: unresolved reference: true2xLinearRgbPath
                        stacked.true2xLinearRgbPath?.let { path -> val f=File(path);requireParity(f.isFile&&f.length()==expectedBytes,"26568 direct-CFA DNG carrier invalid") }
                                ^
mnt/data/photon_26753_work/candidate/app/src/main/java/com/particlesdevs/photoncamera/processing/processor/PhotonMotionMgc1271Bridge.kt:596:60: error: cannot infer a type for this parameter. Please specify it explicitly.
                        stacked.true2xLinearRgbPath?.let { path -> val f=File(path);requireParity(f.isFile&&f.length()==expectedBytes,"26568 direct-CFA DNG carrier invalid") }
                                                           ^
mnt/data/photon_26753_work/candidate/app/src/main/java/com/particlesdevs/photoncamera/processing/processor/PhotonMotionMgc1271Bridge.kt:596:74: error: overload resolution ambiguity: 
public constructor File(p0: URI!) defined in java.io.File
public constructor File(p0: String!) defined in java.io.File
                        stacked.true2xLinearRgbPath?.let { path -> val f=File(path);requireParity(f.isFile&&f.length()==expectedBytes,"26568 direct-CFA DNG carrier invalid") }
                                                                         ^
mnt/data/photon_26753_work/candidate/app/src/main/java/com/particlesdevs/photoncamera/processing/processor/PhotonMotionMgc1271Bridge.kt:597:47: error: unresolved reference: true2xNativeVgnGuidePath
                        requireParity(stacked.true2xNativeVgnGuidePath==null&&stacked.true2xPhaseSupportPath==null,"26568 GPU path serialized retired guide/phase intermediates")
                                              ^
mnt/data/photon_26753_work/candidate/app/src/main/java/com/particlesdevs/photoncamera/processing/processor/PhotonMotionMgc1271Bridge.kt:597:87: error: unresolved reference: true2xPhaseSupportPath
                        requireParity(stacked.true2xNativeVgnGuidePath==null&&stacked.true2xPhaseSupportPath==null,"26568 GPU path serialized retired guide/phase intermediates")
                                                                                      ^
mnt/data/photon_26753_work/candidate/app/src/main/java/com/particlesdevs/photoncamera/processing/processor/PhotonMotionMgc1271Bridge.kt:600:44: error: unresolved reference: true2xLinearRgbPath
                        val direct=stacked.true2xLinearRgbPath?.let(::File); val guide=stacked.true2xNativeVgnGuidePath?.let(::File); val phase=stacked.true2xPhaseSupportPath?.let(::File)
                                           ^
mnt/data/photon_26753_work/candidate/app/src/main/java/com/particlesdevs/photoncamera/processing/processor/PhotonMotionMgc1271Bridge.kt:600:96: error: unresolved reference: true2xNativeVgnGuidePath
                        val direct=stacked.true2xLinearRgbPath?.let(::File); val guide=stacked.true2xNativeVgnGuidePath?.let(::File); val phase=stacked.true2xPhaseSupportPath?.let(::File)
                                                                                               ^
mnt/data/photon_26753_work/candidate/app/src/main/java/com/particlesdevs/photoncamera/processing/processor/PhotonMotionMgc1271Bridge.kt:600:153: error: unresolved reference: true2xPhaseSupportPath
                        val direct=stacked.true2xLinearRgbPath?.let(::File); val guide=stacked.true2xNativeVgnGuidePath?.let(::File); val phase=stacked.true2xPhaseSupportPath?.let(::File)
                                                                                                                                                        ^
mnt/data/photon_26753_work/candidate/app/src/main/java/com/particlesdevs/photoncamera/processing/processor/PhotonMotionMgc1271Bridge.kt:604:47: error: unresolved reference: true2xRenderRgbPath
                        requireParity(stacked.true2xRenderRgbPath==null,"26568 CPU fallback must use proven file-based derivative builder")
                                              ^
mnt/data/photon_26753_work/candidate/app/src/main/java/com/particlesdevs/photoncamera/processing/processor/PhotonMotionMgc1271Bridge.kt:606:81: error: unresolved reference: true2xBackend
                    else -> requireParity(false,"26568 true2x backend=${stacked.true2xBackend}")
                                                                                ^
mnt/data/photon_26753_work/candidate/app/src/main/java/com/particlesdevs/photoncamera/processing/processor/PhotonMotionMgc1271Bridge.kt:608:39: error: unresolved reference: true2xPhaseSupportMean
                requireParity(stacked.true2xPhaseSupportMean.isFinite()&&stacked.true2xPhaseSupportMean in 0f..4f&&stacked.true2xPhaseSupportP10.isFinite()&&stacked.true2xPhaseSupportP10 in 0f..4f,
                                      ^
mnt/data/photon_26753_work/candidate/app/src/main/java/com/particlesdevs/photoncamera/processing/processor/PhotonMotionMgc1271Bridge.kt:608:82: error: unresolved reference: true2xPhaseSupportMean
                requireParity(stacked.true2xPhaseSupportMean.isFinite()&&stacked.true2xPhaseSupportMean in 0f..4f&&stacked.true2xPhaseSupportP10.isFinite()&&stacked.true2xPhaseSupportP10 in 0f..4f,
                                                                                 ^
mnt/data/photon_26753_work/candidate/app/src/main/java/com/particlesdevs/photoncamera/processing/processor/PhotonMotionMgc1271Bridge.kt:608:124: error: unresolved reference: true2xPhaseSupportP10
                requireParity(stacked.true2xPhaseSupportMean.isFinite()&&stacked.true2xPhaseSupportMean in 0f..4f&&stacked.true2xPhaseSupportP10.isFinite()&&stacked.true2xPhaseSupportP10 in 0f..4f,
                                                                                                                           ^
mnt/data/photon_26753_work/candidate/app/src/main/java/com/particlesdevs/photoncamera/processing/processor/PhotonMotionMgc1271Bridge.kt:608:166: error: unresolved reference: true2xPhaseSupportP10
                requireParity(stacked.true2xPhaseSupportMean.isFinite()&&stacked.true2xPhaseSupportMean in 0f..4f&&stacked.true2xPhaseSupportP10.isFinite()&&stacked.true2xPhaseSupportP10 in 0f..4f,
                                                                                                                                                                     ^
mnt/data/photon_26753_work/candidate/app/src/main/java/com/particlesdevs/photoncamera/processing/processor/PhotonMotionMgc1271Bridge.kt:609:57: error: unresolved reference: true2xPhaseSupportMean
                    "26568 phase support mean=${stacked.true2xPhaseSupportMean} p10=${stacked.true2xPhaseSupportP10}")
                                                        ^
mnt/data/photon_26753_work/candidate/app/src/main/java/com/particlesdevs/photoncamera/processing/processor/PhotonMotionMgc1271Bridge.kt:609:95: error: unresolved reference: true2xPhaseSupportP10
                    "26568 phase support mean=${stacked.true2xPhaseSupportMean} p10=${stacked.true2xPhaseSupportP10}")
                                                                                              ^
mnt/data/photon_26753_work/candidate/app/src/main/java/com/particlesdevs/photoncamera/processing/processor/PhotonMotionMgc1271Bridge.kt:611:39: error: unresolved reference: true2xLinearRgbPath
                requireParity(stacked.true2xLinearRgbPath==null&&stacked.true2xRenderRgbPath==null&&stacked.true2xNativeVgnGuidePath==null&&stacked.true2xPhaseSupportPath==null&&stacked.true2xWidth==0&&stacked.true2xHeight==0&&stacked.true2xBackend==null,
                                      ^
mnt/data/photon_26753_work/candidate/app/src/main/java/com/particlesdevs/photoncamera/processing/processor/PhotonMotionMgc1271Bridge.kt:611:74: error: unresolved reference: true2xRenderRgbPath
                requireParity(stacked.true2xLinearRgbPath==null&&stacked.true2xRenderRgbPath==null&&stacked.true2xNativeVgnGuidePath==null&&stacked.true2xPhaseSupportPath==null&&stacked.true2xWidth==0&&stacked.true2xHeight==0&&stacked.true2xBackend==null,
                                                                         ^
mnt/data/photon_26753_work/candidate/app/src/main/java/com/particlesdevs/photoncamera/processing/processor/PhotonMotionMgc1271Bridge.kt:611:109: error: unresolved reference: true2xNativeVgnGuidePath
                requireParity(stacked.true2xLinearRgbPath==null&&stacked.true2xRenderRgbPath==null&&stacked.true2xNativeVgnGuidePath==null&&stacked.true2xPhaseSupportPath==null&&stacked.true2xWidth==0&&stacked.true2xHeight==0&&stacked.true2xBackend==null,
                                                                                                            ^
mnt/data/photon_26753_work/candidate/app/src/main/java/com/particlesdevs/photoncamera/processing/processor/PhotonMotionMgc1271Bridge.kt:611:149: error: unresolved reference: true2xPhaseSupportPath
                requireParity(stacked.true2xLinearRgbPath==null&&stacked.true2xRenderRgbPath==null&&stacked.true2xNativeVgnGuidePath==null&&stacked.true2xPhaseSupportPath==null&&stacked.true2xWidth==0&&stacked.true2xHeight==0&&stacked.true2xBackend==null,
                                                                                                                                                    ^
mnt/data/photon_26753_work/candidate/app/src/main/java/com/particlesdevs/photoncamera/processing/processor/PhotonMotionMgc1271Bridge.kt:611:187: error: unresolved reference: true2xWidth
                requireParity(stacked.true2xLinearRgbPath==null&&stacked.true2xRenderRgbPath==null&&stacked.true2xNativeVgnGuidePath==null&&stacked.true2xPhaseSupportPath==null&&stacked.true2xWidth==0&&stacked.true2xHeight==0&&stacked.true2xBackend==null,
                                                                                                                                                                                          ^
mnt/data/photon_26753_work/candidate/app/src/main/java/com/particlesdevs/photoncamera/processing/processor/PhotonMotionMgc1271Bridge.kt:611:211: error: unresolved reference: true2xHeight
                requireParity(stacked.true2xLinearRgbPath==null&&stacked.true2xRenderRgbPath==null&&stacked.true2xNativeVgnGuidePath==null&&stacked.true2xPhaseSupportPath==null&&stacked.true2xWidth==0&&stacked.true2xHeight==0&&stacked.true2xBackend==null,
                                                                                                                                                                                                                  ^
mnt/data/photon_26753_work/candidate/app/src/main/java/com/particlesdevs/photoncamera/processing/processor/PhotonMotionMgc1271Bridge.kt:611:236: error: unresolved reference: true2xBackend
                requireParity(stacked.true2xLinearRgbPath==null&&stacked.true2xRenderRgbPath==null&&stacked.true2xNativeVgnGuidePath==null&&stacked.true2xPhaseSupportPath==null&&stacked.true2xWidth==0&&stacked.true2xHeight==0&&stacked.true2xBackend==null,
                                                                                                                                                                                                                                           ^
mnt/data/photon_26753_work/candidate/app/src/main/java/com/particlesdevs/photoncamera/processing/processor/PhotonMotionMgc1271Bridge.kt:614:35: error: unresolved reference: bufferLayout
            requireParity(stacked.bufferLayout == RawStackBufferLayout.LINEAR_RGB,
                                  ^
mnt/data/photon_26753_work/candidate/app/src/main/java/com/particlesdevs/photoncamera/processing/processor/PhotonMotionMgc1271Bridge.kt:614:51: error: unresolved reference: RawStackBufferLayout
            requireParity(stacked.bufferLayout == RawStackBufferLayout.LINEAR_RGB,
                                                  ^
mnt/data/photon_26753_work/candidate/app/src/main/java/com/particlesdevs/photoncamera/processing/processor/PhotonMotionMgc1271Bridge.kt:615:42: error: unresolved reference: bufferLayout
                "output layout=${stacked.bufferLayout}")
                                         ^
mnt/data/photon_26753_work/candidate/app/src/main/java/com/particlesdevs/photoncamera/processing/processor/PhotonMotionMgc1271Bridge.kt:616:35: error: unresolved reference: isNormalizedSensorData
            requireParity(stacked.isNormalizedSensorData, "output is not normalized sensor data")
                                  ^
mnt/data/photon_26753_work/candidate/app/src/main/java/com/particlesdevs/photoncamera/processing/processor/PhotonMotionMgc1271Bridge.kt:617:31: error: unresolved reference: gpuLinearRgbSource
            val gpu = stacked.gpuLinearRgbSource
                              ^
mnt/data/photon_26753_work/candidate/app/src/main/java/com/particlesdevs/photoncamera/processing/processor/PhotonMotionMgc1271Bridge.kt:619:42: error: unresolved reference: GpuLinearRgbStorage
            requireParity(gpu.storage == GpuLinearRgbStorage.RGBA16F && gpu.samplesPerPixel == 4,
                                         ^
mnt/data/photon_26753_work/candidate/app/src/main/java/com/particlesdevs/photoncamera/processing/processor/PhotonMotionMgc1271Bridge.kt:622:35: error: unresolved reference: mergedFrameCount
            requireParity(stacked.mergedFrameCount >= 1, "mergedFrameCount=${stacked.mergedFrameCount}")
                                  ^
mnt/data/photon_26753_work/candidate/app/src/main/java/com/particlesdevs/photoncamera/processing/processor/PhotonMotionMgc1271Bridge.kt:622:86: error: unresolved reference: mergedFrameCount
            requireParity(stacked.mergedFrameCount >= 1, "mergedFrameCount=${stacked.mergedFrameCount}")
                                                                                     ^
mnt/data/photon_26753_work/candidate/app/src/main/java/com/particlesdevs/photoncamera/processing/processor/PhotonMotionMgc1271Bridge.kt:629:23: error: unresolved reference: role
                frame.role == RawBurstFrameRole.NORMAL || frame.role == RawBurstFrameRole.SHADOW_LONG
                      ^
mnt/data/photon_26753_work/candidate/app/src/main/java/com/particlesdevs/photoncamera/processing/processor/PhotonMotionMgc1271Bridge.kt:629:31: error: unresolved reference: RawBurstFrameRole
                frame.role == RawBurstFrameRole.NORMAL || frame.role == RawBurstFrameRole.SHADOW_LONG
                              ^
mnt/data/photon_26753_work/candidate/app/src/main/java/com/particlesdevs/photoncamera/processing/processor/PhotonMotionMgc1271Bridge.kt:629:65: error: unresolved reference: role
                frame.role == RawBurstFrameRole.NORMAL || frame.role == RawBurstFrameRole.SHADOW_LONG
                                                                ^
mnt/data/photon_26753_work/candidate/app/src/main/java/com/particlesdevs/photoncamera/processing/processor/PhotonMotionMgc1271Bridge.kt:629:73: error: unresolved reference: RawBurstFrameRole
                frame.role == RawBurstFrameRole.NORMAL || frame.role == RawBurstFrameRole.SHADOW_LONG
                                                                        ^
mnt/data/photon_26753_work/candidate/app/src/main/java/com/particlesdevs/photoncamera/processing/processor/PhotonMotionMgc1271Bridge.kt:631:35: error: unresolved reference: mergedFrameCount
            requireParity(stacked.mergedFrameCount == expectedMergedFrames26589,
                                  ^
mnt/data/photon_26753_work/candidate/app/src/main/java/com/particlesdevs/photoncamera/processing/processor/PhotonMotionMgc1271Bridge.kt:632:63: error: unresolved reference: mergedFrameCount
                "26658 bracket role mismatch merged=${stacked.mergedFrameCount} " +
                                                              ^
mnt/data/photon_26753_work/candidate/app/src/main/java/com/particlesdevs/photoncamera/processing/processor/PhotonMotionMgc1271Bridge.kt:640:39: error: unresolved reference: highlightShortAdmitted
                requireParity(stacked.highlightShortAdmitted,
                                      ^
mnt/data/photon_26753_work/candidate/app/src/main/java/com/particlesdevs/photoncamera/processing/processor/PhotonMotionMgc1271Bridge.kt:642:39: error: unresolved reference: highlightShortRestoreMaskGenerated
                requireParity(stacked.highlightShortRestoreMaskGenerated,
                                      ^
mnt/data/photon_26753_work/candidate/app/src/main/java/com/particlesdevs/photoncamera/processing/processor/PhotonMotionMgc1271Bridge.kt:644:39: error: unresolved reference: highlightShortExposureRatio
                requireParity(stacked.highlightShortExposureRatio.isFinite() &&
                                      ^
mnt/data/photon_26753_work/candidate/app/src/main/java/com/particlesdevs/photoncamera/processing/processor/PhotonMotionMgc1271Bridge.kt:645:33: error: unresolved reference: highlightShortExposureRatio
                        stacked.highlightShortExposureRatio > 1f,
                                ^
mnt/data/photon_26753_work/candidate/app/src/main/java/com/particlesdevs/photoncamera/processing/processor/PhotonMotionMgc1271Bridge.kt:646:67: error: unresolved reference: highlightShortExposureRatio
                    "26670 invalid SHORT exposure ratio=${stacked.highlightShortExposureRatio}")
                                                                  ^
mnt/data/photon_26753_work/candidate/app/src/main/java/com/particlesdevs/photoncamera/processing/processor/PhotonMotionMgc1271Bridge.kt:648:29: error: unresolved reference: highlightShortAppliedToTrue2x
                    stacked.highlightShortAppliedToTrue2x == sabreSuperResEnabled,
                            ^
mnt/data/photon_26753_work/candidate/app/src/main/java/com/particlesdevs/photoncamera/processing/processor/PhotonMotionMgc1271Bridge.kt:649:74: error: unresolved reference: highlightShortAppliedToTrue2x
                    "26670 true2x SHORT guide mismatch applied=${stacked.highlightShortAppliedToTrue2x} " +
                                                                         ^
mnt/data/photon_26753_work/candidate/app/src/main/java/com/particlesdevs/photoncamera/processing/processor/PhotonMotionMgc1271Bridge.kt:652:17: error: unresolved reference: PLog
                PLog.i(TAG, "IRIS_26670_SHORT_BRIDGE_SCHEDULE_STATE captured=true scheduled=true " +
                ^
mnt/data/photon_26753_work/candidate/app/src/main/java/com/particlesdevs/photoncamera/processing/processor/PhotonMotionMgc1271Bridge.kt:654:46: error: unresolved reference: highlightShortExposureRatio
                    "exposureRatio=${stacked.highlightShortExposureRatio} " +
                                             ^
mnt/data/photon_26753_work/candidate/app/src/main/java/com/particlesdevs/photoncamera/processing/processor/PhotonMotionMgc1271Bridge.kt:655:49: error: unresolved reference: mergedFrameCount
                    "mergedFrameCount=${stacked.mergedFrameCount} normalBodyOwner=true " +
                                                ^
mnt/data/photon_26753_work/candidate/app/src/main/java/com/particlesdevs/photoncamera/processing/processor/PhotonMotionMgc1271Bridge.kt:659:40: error: unresolved reference: highlightShortAdmitted
                requireParity(!stacked.highlightShortAdmitted,
                                       ^
mnt/data/photon_26753_work/candidate/app/src/main/java/com/particlesdevs/photoncamera/processing/processor/PhotonMotionMgc1271Bridge.kt:662:39: error: unresolved reference: mgcDenoiseCorrelation
            val correlation = stacked.mgcDenoiseCorrelation
                                      ^
mnt/data/photon_26753_work/candidate/app/src/main/java/com/particlesdevs/photoncamera/processing/processor/PhotonMotionMgc1271Bridge.kt:663:37: error: unresolved reference: mgcDenoiseReadNoise
            val readNoise = stacked.mgcDenoiseReadNoise
                                    ^
mnt/data/photon_26753_work/candidate/app/src/main/java/com/particlesdevs/photoncamera/processing/processor/PhotonMotionMgc1271Bridge.kt:664:37: error: unresolved reference: mgcDenoiseShotNoise
            val shotNoise = stacked.mgcDenoiseShotNoise
                                    ^
mnt/data/photon_26753_work/candidate/app/src/main/java/com/particlesdevs/photoncamera/processing/processor/PhotonMotionMgc1271Bridge.kt:665:36: error: unresolved reference: mgcSpatialStrengthMap
            val strength = stacked.mgcSpatialStrengthMap
                                   ^
mnt/data/photon_26753_work/candidate/app/src/main/java/com/particlesdevs/photoncamera/processing/processor/PhotonMotionMgc1271Bridge.kt:666:40: error: unresolved reference: mgcReferenceSnr
            val referenceSnr = stacked.mgcReferenceSnr
                                       ^
mnt/data/photon_26753_work/candidate/app/src/main/java/com/particlesdevs/photoncamera/processing/processor/PhotonMotionMgc1271Bridge.kt:667:37: error: unresolved reference: mgcDenoiseTuningSnr
            val tuningSnr = stacked.mgcDenoiseTuningSnr
                                    ^
mnt/data/photon_26753_work/candidate/app/src/main/java/com/particlesdevs/photoncamera/processing/processor/PhotonMotionMgc1271Bridge.kt:668:43: error: unresolved reference: mgcSabreNoiseModelScale
            val sabreNoiseScale = stacked.mgcSabreNoiseModelScale
                                          ^
mnt/data/photon_26753_work/candidate/app/src/main/java/com/particlesdevs/photoncamera/processing/processor/PhotonMotionMgc1271Bridge.kt:676:40: error: unresolved reference: it
                    strength.q8.all { (it.toInt() and 0xffff) in 192..256 },
                                       ^
mnt/data/photon_26753_work/candidate/app/src/main/java/com/particlesdevs/photoncamera/processing/processor/PhotonMotionMgc1271Bridge.kt:685:69: error: unresolved reference: Parameters
            requireParity(parameters.motionV2ReconstructionOwner == Parameters.MOTION_V2_RECONSTRUCTION_SABRE,
                                                                    ^
mnt/data/photon_26753_work/candidate/app/src/main/java/com/particlesdevs/photoncamera/processing/processor/PhotonMotionMgc1271Bridge.kt:687:35: error: unresolved reference: baselineExposureEv
            requireParity(stacked.baselineExposureEv == null,
                                  ^
mnt/data/photon_26753_work/candidate/app/src/main/java/com/particlesdevs/photoncamera/processing/processor/PhotonMotionMgc1271Bridge.kt:698:50: error: unresolved reference: lensShadingCorrectionApplied
            requireParity(lsc == null || stacked.lensShadingCorrectionApplied,
                                                 ^
mnt/data/photon_26753_work/candidate/app/src/main/java/com/particlesdevs/photoncamera/processing/processor/PhotonMotionMgc1271Bridge.kt:701:13: error: unresolved reference: GLES30
            GLES30.glFinish()
            ^
mnt/data/photon_26753_work/candidate/app/src/main/java/com/particlesdevs/photoncamera/processing/processor/PhotonMotionMgc1271Bridge.kt:705:35: error: unresolved reference: RawMetadata
            val denoiseMetadata = RawMetadata(
                                  ^
mnt/data/photon_26753_work/candidate/app/src/main/java/com/particlesdevs/photoncamera/processing/processor/PhotonMotionMgc1271Bridge.kt:725:51: error: unresolved reference: lumaDenoise
            val requestedLumaScale = irisSettings.lumaDenoise.coerceIn(0f, 2f)
                                                  ^
mnt/data/photon_26753_work/candidate/app/src/main/java/com/particlesdevs/photoncamera/processing/processor/PhotonMotionMgc1271Bridge.kt:727:21: error: none of the following functions can be called with the arguments supplied: 
public final operator fun div(other: Byte): Float defined in kotlin.Float
public final operator fun div(other: Double): Double defined in kotlin.Float
public final operator fun div(other: Float): Float defined in kotlin.Float
public final operator fun div(other: Int): Float defined in kotlin.Float
public final operator fun div(other: Long): Float defined in kotlin.Float
public final operator fun div(other: Short): Float defined in kotlin.Float
                (1f / checkNotNull(sabreNoiseScale)).coerceIn(1f, stacked.mergedFrameCount.toFloat())
                    ^
mnt/data/photon_26753_work/candidate/app/src/main/java/com/particlesdevs/photoncamera/processing/processor/PhotonMotionMgc1271Bridge.kt:727:75: error: unresolved reference: mergedFrameCount
                (1f / checkNotNull(sabreNoiseScale)).coerceIn(1f, stacked.mergedFrameCount.toFloat())
                                                                          ^
mnt/data/photon_26753_work/candidate/app/src/main/java/com/particlesdevs/photoncamera/processing/processor/PhotonMotionMgc1271Bridge.kt:747:44: error: unresolved reference: chromaDenoise
            val chromaScale = irisSettings.chromaDenoise.coerceIn(0f, 2f)
                                           ^
mnt/data/photon_26753_work/candidate/app/src/main/java/com/particlesdevs/photoncamera/processing/processor/PhotonMotionMgc1271Bridge.kt:752:88: error: unresolved reference: residualChromaCustom
            val customResidualChroma = if (!parameters.irisNightActive && irisSettings.residualChromaCustom) {
                                                                                       ^
mnt/data/photon_26753_work/candidate/app/src/main/java/com/particlesdevs/photoncamera/processing/processor/PhotonMotionMgc1271Bridge.kt:753:30: error: unresolved reference: residualChromaLevels
                irisSettings.residualChromaLevels.copyOf()
                             ^
mnt/data/photon_26753_work/candidate/app/src/main/java/com/particlesdevs/photoncamera/processing/processor/PhotonMotionMgc1271Bridge.kt:757:69: error: overload resolution ambiguity: 
public inline fun <T> Array<out TypeVariable(T)>.any(predicate: (TypeVariable(T)) -> Boolean): Boolean defined in kotlin.collections
public inline fun BooleanArray.any(predicate: (Boolean) -> Boolean): Boolean defined in kotlin.collections
public inline fun ByteArray.any(predicate: (Byte) -> Boolean): Boolean defined in kotlin.collections
public inline fun CharArray.any(predicate: (Char) -> Boolean): Boolean defined in kotlin.collections
public inline fun CharSequence.any(predicate: (Char) -> Boolean): Boolean defined in kotlin.text
public inline fun DoubleArray.any(predicate: (Double) -> Boolean): Boolean defined in kotlin.collections
public inline fun FloatArray.any(predicate: (Float) -> Boolean): Boolean defined in kotlin.collections
public inline fun IntArray.any(predicate: (Int) -> Boolean): Boolean defined in kotlin.collections
public inline fun LongArray.any(predicate: (Long) -> Boolean): Boolean defined in kotlin.collections
public inline fun ShortArray.any(predicate: (Short) -> Boolean): Boolean defined in kotlin.collections
public inline fun UByteArray.any(predicate: (UByte) -> Boolean): Boolean defined in kotlin.collections
public inline fun UIntArray.any(predicate: (UInt) -> Boolean): Boolean defined in kotlin.collections
public inline fun ULongArray.any(predicate: (ULong) -> Boolean): Boolean defined in kotlin.collections
public inline fun UShortArray.any(predicate: (UShort) -> Boolean): Boolean defined in kotlin.collections
public inline fun <T> Iterable<TypeVariable(T)>.any(predicate: (TypeVariable(T)) -> Boolean): Boolean defined in kotlin.collections
public inline fun <K, V> Map<out TypeVariable(K), TypeVariable(V)>.any(predicate: (Map.Entry<TypeVariable(K), TypeVariable(V)>) -> Boolean): Boolean defined in kotlin.collections
public inline fun <T> Sequence<TypeVariable(T)>.any(predicate: (TypeVariable(T)) -> Boolean): Boolean defined in kotlin.sequences
            val customResidualChromaEnabled = customResidualChroma?.any { it > 0f } ?: false
                                                                    ^
mnt/data/photon_26753_work/candidate/app/src/main/java/com/particlesdevs/photoncamera/processing/processor/PhotonMotionMgc1271Bridge.kt:757:75: error: unresolved reference: it
            val customResidualChromaEnabled = customResidualChroma?.any { it > 0f } ?: false
                                                                          ^
mnt/data/photon_26753_work/candidate/app/src/main/java/com/particlesdevs/photoncamera/processing/processor/PhotonMotionMgc1271Bridge.kt:764:23: error: overload resolution ambiguity: 
public final operator fun times(other: Byte): Float defined in kotlin.Float
public final operator fun times(other: Double): Double defined in kotlin.Float
public final operator fun times(other: Float): Float defined in kotlin.Float
public final operator fun times(other: Int): Float defined in kotlin.Float
public final operator fun times(other: Long): Float defined in kotlin.Float
public final operator fun times(other: Short): Float defined in kotlin.Float
                (0.5f * chromaScale).coerceIn(0f, 2f)
                      ^
mnt/data/photon_26753_work/candidate/app/src/main/java/com/particlesdevs/photoncamera/processing/processor/PhotonMotionMgc1271Bridge.kt:770:31: error: unresolved reference: MgcFullResolutionDenoise
            val denoisePass = MgcFullResolutionDenoise.Pass.SABRE_DEFAULT
                              ^
mnt/data/photon_26753_work/candidate/app/src/main/java/com/particlesdevs/photoncamera/processing/processor/PhotonMotionMgc1271Bridge.kt:771:57: error: unresolved reference: noiseReductionEnabled
            val runFullResolutionDenoise = irisSettings.noiseReductionEnabled &&
                                                        ^
mnt/data/photon_26753_work/candidate/app/src/main/java/com/particlesdevs/photoncamera/processing/processor/PhotonMotionMgc1271Bridge.kt:774:17: error: unresolved reference: PLog
                PLog.i("MotionTrace", "IRIS_26733_RESIDUAL_CHROMA_CONTROL mode=${if (customResidualChroma != null) "CUSTOM_EXACT" else "AUTO_SNR_HALF"} levels=${customResidualChroma?.contentToString() ?: "AUTO"} requestedScale=$chromaScale appliedAutoScale=$automaticResidualChromaScale26733 bypass=${customResidualChroma != null && !customResidualChromaEnabled}")
                ^
mnt/data/photon_26753_work/candidate/app/src/main/java/com/particlesdevs/photoncamera/processing/processor/PhotonMotionMgc1271Bridge.kt:774:184: error: overload resolution ambiguity: 
public inline fun <T> Array<out TypeVariable(T)>?.contentToString(): String defined in kotlin.collections
public inline fun BooleanArray?.contentToString(): String defined in kotlin.collections
public inline fun ByteArray?.contentToString(): String defined in kotlin.collections
public inline fun CharArray?.contentToString(): String defined in kotlin.collections
public inline fun DoubleArray?.contentToString(): String defined in kotlin.collections
public inline fun FloatArray?.contentToString(): String defined in kotlin.collections
public inline fun IntArray?.contentToString(): String defined in kotlin.collections
public inline fun LongArray?.contentToString(): String defined in kotlin.collections
public inline fun ShortArray?.contentToString(): String defined in kotlin.collections
public fun UByteArray?.contentToString(): String defined in kotlin.collections
public fun UIntArray?.contentToString(): String defined in kotlin.collections
public fun ULongArray?.contentToString(): String defined in kotlin.collections
public fun UShortArray?.contentToString(): String defined in kotlin.collections
                PLog.i("MotionTrace", "IRIS_26733_RESIDUAL_CHROMA_CONTROL mode=${if (customResidualChroma != null) "CUSTOM_EXACT" else "AUTO_SNR_HALF"} levels=${customResidualChroma?.contentToString() ?: "AUTO"} requestedScale=$chromaScale appliedAutoScale=$automaticResidualChromaScale26733 bypass=${customResidualChroma != null && !customResidualChromaEnabled}")
                                                                                                                                                                                       ^
mnt/data/photon_26753_work/candidate/app/src/main/java/com/particlesdevs/photoncamera/processing/processor/PhotonMotionMgc1271Bridge.kt:780:31: error: unresolved reference: MgcFullResolutionDenoise
                requireParity(MgcFullResolutionDenoise.ensureInitialized(
                              ^
mnt/data/photon_26753_work/candidate/app/src/main/java/com/particlesdevs/photoncamera/processing/processor/PhotonMotionMgc1271Bridge.kt:781:21: error: unresolved reference: PhotonCamera
                    PhotonCamera.getApplicationContextStatic()),
                    ^
mnt/data/photon_26753_work/candidate/app/src/main/java/com/particlesdevs/photoncamera/processing/processor/PhotonMotionMgc1271Bridge.kt:803:31: error: unresolved reference: MgcFullResolutionDenoise
                requireParity(MgcFullResolutionDenoise.denoise(
                              ^
mnt/data/photon_26753_work/candidate/app/src/main/java/com/particlesdevs/photoncamera/processing/processor/PhotonMotionMgc1271Bridge.kt:812:35: error: unresolved reference: MgcFullResolutionDenoise
                    inputLayout = MgcFullResolutionDenoise.InputLayout.CAMERA_RGBA16F,
                                  ^
mnt/data/photon_26753_work/candidate/app/src/main/java/com/particlesdevs/photoncamera/processing/processor/PhotonMotionMgc1271Bridge.kt:832:28: error: unresolved reference: true2xBackend
                if(stacked.true2xBackend=="PLAN_B" || stacked.true2xBackend=="GPU") {
                           ^
mnt/data/photon_26753_work/candidate/app/src/main/java/com/particlesdevs/photoncamera/processing/processor/PhotonMotionMgc1271Bridge.kt:832:63: error: unresolved reference: true2xBackend
                if(stacked.true2xBackend=="PLAN_B" || stacked.true2xBackend=="GPU") {
                                                              ^
mnt/data/photon_26753_work/candidate/app/src/main/java/com/particlesdevs/photoncamera/processing/processor/PhotonMotionMgc1271Bridge.kt:833:52: error: unresolved reference: true2xRenderRgbPath
                    val fused=checkNotNull(stacked.true2xRenderRgbPath)
                                                   ^
mnt/data/photon_26753_work/candidate/app/src/main/java/com/particlesdevs/photoncamera/processing/processor/PhotonMotionMgc1271Bridge.kt:835:95: error: unresolved reference: true2xLinearRgbPath
                    if(produceNormalStackedDng)resultTrue2xLinearRawPath=checkNotNull(stacked.true2xLinearRgbPath)
                                                                                              ^
mnt/data/photon_26753_work/candidate/app/src/main/java/com/particlesdevs/photoncamera/processing/processor/PhotonMotionMgc1271Bridge.kt:836:46: error: unresolved reference: true2xBackend
                    val lumaOwner=if(stacked.true2xBackend=="PLAN_B") "IPOL_PLAN_B_DIRECT_WLS_OPTIONAL_IRLS" else "DIRECT_CFA_TEMPORAL"
                                             ^
mnt/data/photon_26753_work/candidate/app/src/main/java/com/particlesdevs/photoncamera/processing/processor/PhotonMotionMgc1271Bridge.kt:837:21: error: unresolved reference: PLog
                    PLog.i(TAG,"IRIS_26752_TRUE_DETAIL_RENDER_FUSED backend=${stacked.true2xBackend} size=${stacked.true2xWidth}x${stacked.true2xHeight} dngRawPreserved=${resultTrue2xLinearRawPath!=null} sabreRgbChromaOwner=true highResLumaOwner=$lumaOwner directChromaOwner=false prepMs=0")
                    ^
mnt/data/photon_26753_work/candidate/app/src/main/java/com/particlesdevs/photoncamera/processing/processor/PhotonMotionMgc1271Bridge.kt:837:87: error: unresolved reference: true2xBackend
                    PLog.i(TAG,"IRIS_26752_TRUE_DETAIL_RENDER_FUSED backend=${stacked.true2xBackend} size=${stacked.true2xWidth}x${stacked.true2xHeight} dngRawPreserved=${resultTrue2xLinearRawPath!=null} sabreRgbChromaOwner=true highResLumaOwner=$lumaOwner directChromaOwner=false prepMs=0")
                                                                                      ^
mnt/data/photon_26753_work/candidate/app/src/main/java/com/particlesdevs/photoncamera/processing/processor/PhotonMotionMgc1271Bridge.kt:837:117: error: unresolved reference: true2xWidth
                    PLog.i(TAG,"IRIS_26752_TRUE_DETAIL_RENDER_FUSED backend=${stacked.true2xBackend} size=${stacked.true2xWidth}x${stacked.true2xHeight} dngRawPreserved=${resultTrue2xLinearRawPath!=null} sabreRgbChromaOwner=true highResLumaOwner=$lumaOwner directChromaOwner=false prepMs=0")
                                                                                                                    ^
mnt/data/photon_26753_work/candidate/app/src/main/java/com/particlesdevs/photoncamera/processing/processor/PhotonMotionMgc1271Bridge.kt:837:140: error: unresolved reference: true2xHeight
                    PLog.i(TAG,"IRIS_26752_TRUE_DETAIL_RENDER_FUSED backend=${stacked.true2xBackend} size=${stacked.true2xWidth}x${stacked.true2xHeight} dngRawPreserved=${resultTrue2xLinearRawPath!=null} sabreRgbChromaOwner=true highResLumaOwner=$lumaOwner directChromaOwner=false prepMs=0")
                                                                                                                                           ^
mnt/data/photon_26753_work/candidate/app/src/main/java/com/particlesdevs/photoncamera/processing/processor/PhotonMotionMgc1271Bridge.kt:838:21: error: unresolved reference: PLog
                    PLog.i("MotionTrace", "PIPELINE_STATE stage=IRIS_26752_SR_PROOF_HANDOFF details=backend=${stacked.true2xBackend} statsValidatedByStacker=true fusedCarrier=true")
                    ^
mnt/data/photon_26753_work/candidate/app/src/main/java/com/particlesdevs/photoncamera/processing/processor/PhotonMotionMgc1271Bridge.kt:838:119: error: unresolved reference: true2xBackend
                    PLog.i("MotionTrace", "PIPELINE_STATE stage=IRIS_26752_SR_PROOF_HANDOFF details=backend=${stacked.true2xBackend} statsValidatedByStacker=true fusedCarrier=true")
                                                                                                                      ^
mnt/data/photon_26753_work/candidate/app/src/main/java/com/particlesdevs/photoncamera/processing/processor/PhotonMotionMgc1271Bridge.kt:840:54: error: unresolved reference: true2xLinearRgbPath
                    val rawPath=checkNotNull(stacked.true2xLinearRgbPath); val guidePath=checkNotNull(stacked.true2xNativeVgnGuidePath); val phaseSupportPath=checkNotNull(stacked.true2xPhaseSupportPath)
                                                     ^
mnt/data/photon_26753_work/candidate/app/src/main/java/com/particlesdevs/photoncamera/processing/processor/PhotonMotionMgc1271Bridge.kt:840:111: error: unresolved reference: true2xNativeVgnGuidePath
                    val rawPath=checkNotNull(stacked.true2xLinearRgbPath); val guidePath=checkNotNull(stacked.true2xNativeVgnGuidePath); val phaseSupportPath=checkNotNull(stacked.true2xPhaseSupportPath)
                                                                                                              ^
mnt/data/photon_26753_work/candidate/app/src/main/java/com/particlesdevs/photoncamera/processing/processor/PhotonMotionMgc1271Bridge.kt:840:180: error: unresolved reference: true2xPhaseSupportPath
                    val rawPath=checkNotNull(stacked.true2xLinearRgbPath); val guidePath=checkNotNull(stacked.true2xNativeVgnGuidePath); val phaseSupportPath=checkNotNull(stacked.true2xPhaseSupportPath)
                                                                                                                                                                                   ^
mnt/data/photon_26753_work/candidate/app/src/main/java/com/particlesdevs/photoncamera/processing/processor/PhotonMotionMgc1271Bridge.kt:842:115: error: unresolved reference: true2xWidth
                    resultTrue2xRenderRgbPath=buildTrue2xRenderCarrier(rawPath,guidePath,phaseSupportPath,stacked.true2xWidth,stacked.true2xHeight,denoiseMetadata,checkNotNull(tuningSnr),denoisePass,runTrue2xFullResolutionMgc,lumaScale,chromaScale)
                                                                                                                  ^
mnt/data/photon_26753_work/candidate/app/src/main/java/com/particlesdevs/photoncamera/processing/processor/PhotonMotionMgc1271Bridge.kt:842:135: error: unresolved reference: true2xHeight
                    resultTrue2xRenderRgbPath=buildTrue2xRenderCarrier(rawPath,guidePath,phaseSupportPath,stacked.true2xWidth,stacked.true2xHeight,denoiseMetadata,checkNotNull(tuningSnr),denoisePass,runTrue2xFullResolutionMgc,lumaScale,chromaScale)
                                                                                                                                      ^
mnt/data/photon_26753_work/candidate/app/src/main/java/com/particlesdevs/photoncamera/processing/processor/PhotonMotionMgc1271Bridge.kt:844:33: error: overload resolution ambiguity: 
public constructor File(p0: URI!) defined in java.io.File
public constructor File(p0: String!) defined in java.io.File
                    runCatching{File(guidePath).delete()};true2xNativeVgnGuidePathForCleanup=null;runCatching{File(phaseSupportPath).delete()};true2xPhaseSupportPathForCleanup=null
                                ^
mnt/data/photon_26753_work/candidate/app/src/main/java/com/particlesdevs/photoncamera/processing/processor/PhotonMotionMgc1271Bridge.kt:844:111: error: overload resolution ambiguity: 
public constructor File(p0: URI!) defined in java.io.File
public constructor File(p0: String!) defined in java.io.File
                    runCatching{File(guidePath).delete()};true2xNativeVgnGuidePathForCleanup=null;runCatching{File(phaseSupportPath).delete()};true2xPhaseSupportPathForCleanup=null
                                                                                                              ^
mnt/data/photon_26753_work/candidate/app/src/main/java/com/particlesdevs/photoncamera/processing/processor/PhotonMotionMgc1271Bridge.kt:845:100: error: overload resolution ambiguity: 
public constructor File(p0: URI!) defined in java.io.File
public constructor File(p0: String!) defined in java.io.File
                    if(produceNormalStackedDng)resultTrue2xLinearRawPath=rawPath else {runCatching{File(rawPath).delete()};true2xLinearRgbPathForCleanup=null}
                                                                                                   ^
mnt/data/photon_26753_work/candidate/app/src/main/java/com/particlesdevs/photoncamera/processing/processor/PhotonMotionMgc1271Bridge.kt:846:21: error: unresolved reference: PLog
                    PLog.i(TAG,"IRIS_26568_TRUE2X_RENDER_CPU_FALLBACK size=${stacked.true2xWidth}x${stacked.true2xHeight} prepMs=$iris26564True2xRenderPrepMs")
                    ^
mnt/data/photon_26753_work/candidate/app/src/main/java/com/particlesdevs/photoncamera/processing/processor/PhotonMotionMgc1271Bridge.kt:846:86: error: unresolved reference: true2xWidth
                    PLog.i(TAG,"IRIS_26568_TRUE2X_RENDER_CPU_FALLBACK size=${stacked.true2xWidth}x${stacked.true2xHeight} prepMs=$iris26564True2xRenderPrepMs")
                                                                                     ^
mnt/data/photon_26753_work/candidate/app/src/main/java/com/particlesdevs/photoncamera/processing/processor/PhotonMotionMgc1271Bridge.kt:846:109: error: unresolved reference: true2xHeight
                    PLog.i(TAG,"IRIS_26568_TRUE2X_RENDER_CPU_FALLBACK size=${stacked.true2xWidth}x${stacked.true2xHeight} prepMs=$iris26564True2xRenderPrepMs")
                                                                                                            ^
mnt/data/photon_26753_work/candidate/app/src/main/java/com/particlesdevs/photoncamera/processing/processor/PhotonMotionMgc1271Bridge.kt:869:39: error: unresolved reference: MotionV2Merger
                outputCarrierFormat = MotionV2Merger.Result.LINEAR_RGB_CARRIER_RGBA16F
                                      ^
mnt/data/photon_26753_work/candidate/app/src/main/java/com/particlesdevs/photoncamera/processing/processor/PhotonMotionMgc1271Bridge.kt:870:17: error: unresolved reference: PLog
                PLog.i(TAG, "IRIS_26726_UNIVERSAL_RGBA16F_CARRIER bytes=${output.capacity()} " +
                ^
mnt/data/photon_26753_work/candidate/app/src/main/java/com/particlesdevs/photoncamera/processing/processor/PhotonMotionMgc1271Bridge.kt:874:39: error: unresolved reference: MotionV2Merger
                outputCarrierFormat = MotionV2Merger.Result.LINEAR_RGB_CARRIER_RGBA32F
                                      ^
mnt/data/photon_26753_work/candidate/app/src/main/java/com/particlesdevs/photoncamera/processing/processor/PhotonMotionMgc1271Bridge.kt:875:17: error: unresolved reference: PLog
                PLog.i(TAG, "IRIS_26726_SPECIAL_CFA_RGBA32F_FALLBACK bytes=${output.capacity()} " +
                ^
mnt/data/photon_26753_work/candidate/app/src/main/java/com/particlesdevs/photoncamera/processing/processor/PhotonMotionMgc1271Bridge.kt:878:13: error: unresolved reference: GLES30
            GLES30.glDeleteTextures(1, intArrayOf(resultTexture), 0)
            ^
mnt/data/photon_26753_work/candidate/app/src/main/java/com/particlesdevs/photoncamera/processing/processor/PhotonMotionMgc1271Bridge.kt:882:13: error: unresolved reference: PLog
            PLog.i(TAG, "IRIS_26545_DENOISE_NOISE_AUTHORITY " +
            ^
mnt/data/photon_26753_work/candidate/app/src/main/java/com/particlesdevs/photoncamera/processing/processor/PhotonMotionMgc1271Bridge.kt:883:74: error: unresolved reference: noiseReductionEnabled
                "stage=PRE_POSTPIPELINE_LINEAR_RGB master=${irisSettings.noiseReductionEnabled} " +
                                                                         ^
mnt/data/photon_26753_work/candidate/app/src/main/java/com/particlesdevs/photoncamera/processing/processor/PhotonMotionMgc1271Bridge.kt:886:82: error: unresolved reference: timestamp
                "pass=$denoisePass noiseSource=$noiseAuthority mgcBase=${mgcBase.timestamp} " +
                                                                                 ^
mnt/data/photon_26753_work/candidate/app/src/main/java/com/particlesdevs/photoncamera/processing/processor/PhotonMotionMgc1271Bridge.kt:902:35: error: unresolved reference: baselineExposureEv
            requireParity(stacked.baselineExposureEv == null,
                                  ^
mnt/data/photon_26753_work/candidate/app/src/main/java/com/particlesdevs/photoncamera/processing/processor/PhotonMotionMgc1271Bridge.kt:904:24: error: variable expected
            parameters.motionV2MgcSourceExposureGain = 1.0f
                       ^
mnt/data/photon_26753_work/candidate/app/src/main/java/com/particlesdevs/photoncamera/processing/processor/PhotonMotionMgc1271Bridge.kt:905:24: error: variable expected
            parameters.motionV2DisplayGain = 1.0f
                       ^
mnt/data/photon_26753_work/candidate/app/src/main/java/com/particlesdevs/photoncamera/processing/processor/PhotonMotionMgc1271Bridge.kt:906:24: error: variable expected
            parameters.motionV2ShortHighlightRecoveryExecuted = false
                       ^
mnt/data/photon_26753_work/candidate/app/src/main/java/com/particlesdevs/photoncamera/processing/processor/PhotonMotionMgc1271Bridge.kt:907:24: error: variable expected
            parameters.motionV2ShortRadianceAuthorityMask = null
                       ^
mnt/data/photon_26753_work/candidate/app/src/main/java/com/particlesdevs/photoncamera/processing/processor/PhotonMotionMgc1271Bridge.kt:908:24: error: variable expected
            parameters.motionV2ShortRadianceAuthorityWidth = 0
                       ^
mnt/data/photon_26753_work/candidate/app/src/main/java/com/particlesdevs/photoncamera/processing/processor/PhotonMotionMgc1271Bridge.kt:909:24: error: variable expected
            parameters.motionV2ShortRadianceAuthorityHeight = 0
                       ^
mnt/data/photon_26753_work/candidate/app/src/main/java/com/particlesdevs/photoncamera/processing/processor/PhotonMotionMgc1271Bridge.kt:910:13: error: unresolved reference: PLog
            PLog.i(TAG, "IRIS_26560_SABRE_SOURCE_DOMAIN_IDENTITY " +
            ^
mnt/data/photon_26753_work/candidate/app/src/main/java/com/particlesdevs/photoncamera/processing/processor/PhotonMotionMgc1271Bridge.kt:913:24: error: variable expected
            parameters.motionV2EffectiveSupport = noiseEquivalentSupport
                       ^
mnt/data/photon_26753_work/candidate/app/src/main/java/com/particlesdevs/photoncamera/processing/processor/PhotonMotionMgc1271Bridge.kt:922:41: error: unresolved reference: ImageFrame
                it.motionV2FrameRole == ImageFrame.MotionV2FrameRole.NORMAL
                                        ^
mnt/data/photon_26753_work/candidate/app/src/main/java/com/particlesdevs/photoncamera/processing/processor/PhotonMotionMgc1271Bridge.kt:937:39: error: unresolved reference: normalStackedDngRaw16
                requireParity(stacked.normalStackedDngRaw16 != null,
                                      ^
mnt/data/photon_26753_work/candidate/app/src/main/java/com/particlesdevs/photoncamera/processing/processor/PhotonMotionMgc1271Bridge.kt:939:39: error: unresolved reference: normalStackedDngFrameCount
                requireParity(stacked.normalStackedDngFrameCount == expectedNormalDngFrames,
                                      ^
mnt/data/photon_26753_work/candidate/app/src/main/java/com/particlesdevs/photoncamera/processing/processor/PhotonMotionMgc1271Bridge.kt:940:62: error: unresolved reference: normalStackedDngFrameCount
                    "normal stacked DNG population=${stacked.normalStackedDngFrameCount} expectedNormals=$expectedNormalDngFrames totalInputs=${inputImages.size}")
                                                             ^
mnt/data/photon_26753_work/candidate/app/src/main/java/com/particlesdevs/photoncamera/processing/processor/PhotonMotionMgc1271Bridge.kt:941:39: error: unresolved reference: normalStackedDngNoiseProfile
                requireParity(stacked.normalStackedDngNoiseProfile?.size == 6,
                                      ^
mnt/data/photon_26753_work/candidate/app/src/main/java/com/particlesdevs/photoncamera/processing/processor/PhotonMotionMgc1271Bridge.kt:943:39: error: unresolved reference: normalStackedDngNoiseEquivalentSupport
                requireParity(stacked.normalStackedDngNoiseEquivalentSupport.isFinite() &&
                                      ^
mnt/data/photon_26753_work/candidate/app/src/main/java/com/particlesdevs/photoncamera/processing/processor/PhotonMotionMgc1271Bridge.kt:944:29: error: unresolved reference: normalStackedDngNoiseEquivalentSupport
                    stacked.normalStackedDngNoiseEquivalentSupport >= 1f &&
                            ^
mnt/data/photon_26753_work/candidate/app/src/main/java/com/particlesdevs/photoncamera/processing/processor/PhotonMotionMgc1271Bridge.kt:945:29: error: unresolved reference: normalStackedDngNoiseEquivalentSupport
                    stacked.normalStackedDngNoiseEquivalentSupport <= expectedNormalDngFrames.toFloat() + 0.01f,
                            ^
mnt/data/photon_26753_work/candidate/app/src/main/java/com/particlesdevs/photoncamera/processing/processor/PhotonMotionMgc1271Bridge.kt:947:42: error: unresolved reference: normalStackedDngRaw16
                resultDngRaw16 = stacked.normalStackedDngRaw16
                                         ^
mnt/data/photon_26753_work/candidate/app/src/main/java/com/particlesdevs/photoncamera/processing/processor/PhotonMotionMgc1271Bridge.kt:948:47: error: unresolved reference: normalStackedDngFrameCount
                resultDngFrameCount = stacked.normalStackedDngFrameCount
                                              ^
mnt/data/photon_26753_work/candidate/app/src/main/java/com/particlesdevs/photoncamera/processing/processor/PhotonMotionMgc1271Bridge.kt:949:49: error: unresolved reference: normalStackedDngNoiseProfile
                resultDngNoiseProfile = stacked.normalStackedDngNoiseProfile
                                                ^
mnt/data/photon_26753_work/candidate/app/src/main/java/com/particlesdevs/photoncamera/processing/processor/PhotonMotionMgc1271Bridge.kt:950:47: error: unresolved reference: normalStackedDngSupportMin
                resultDngSupportMin = stacked.normalStackedDngSupportMin
                                              ^
mnt/data/photon_26753_work/candidate/app/src/main/java/com/particlesdevs/photoncamera/processing/processor/PhotonMotionMgc1271Bridge.kt:951:47: error: unresolved reference: normalStackedDngSupportP01
                resultDngSupportP01 = stacked.normalStackedDngSupportP01
                                              ^
mnt/data/photon_26753_work/candidate/app/src/main/java/com/particlesdevs/photoncamera/processing/processor/PhotonMotionMgc1271Bridge.kt:952:47: error: unresolved reference: normalStackedDngSupportP10
                resultDngSupportP10 = stacked.normalStackedDngSupportP10
                                              ^
mnt/data/photon_26753_work/candidate/app/src/main/java/com/particlesdevs/photoncamera/processing/processor/PhotonMotionMgc1271Bridge.kt:953:50: error: unresolved reference: normalStackedDngSupportMedian
                resultDngSupportMedian = stacked.normalStackedDngSupportMedian
                                                 ^
mnt/data/photon_26753_work/candidate/app/src/main/java/com/particlesdevs/photoncamera/processing/processor/PhotonMotionMgc1271Bridge.kt:954:48: error: unresolved reference: normalStackedDngSupportMean
                resultDngSupportMean = stacked.normalStackedDngSupportMean
                                               ^
mnt/data/photon_26753_work/candidate/app/src/main/java/com/particlesdevs/photoncamera/processing/processor/PhotonMotionMgc1271Bridge.kt:955:47: error: unresolved reference: normalStackedDngSupportMax
                resultDngSupportMax = stacked.normalStackedDngSupportMax
                                              ^
mnt/data/photon_26753_work/candidate/app/src/main/java/com/particlesdevs/photoncamera/processing/processor/PhotonMotionMgc1271Bridge.kt:956:59: error: unresolved reference: normalStackedDngNoiseEquivalentSupport
                resultDngNoiseEquivalentSupport = stacked.normalStackedDngNoiseEquivalentSupport
                                                          ^
mnt/data/photon_26753_work/candidate/app/src/main/java/com/particlesdevs/photoncamera/processing/processor/PhotonMotionMgc1271Bridge.kt:957:17: error: unresolved reference: PLog
                PLog.i(TAG, "IRIS_26545_DNG_RECONSTRUCTION_PARITY " +
                ^
mnt/data/photon_26753_work/candidate/app/src/main/java/com/particlesdevs/photoncamera/processing/processor/PhotonMotionMgc1271Bridge.kt:962:39: error: unresolved reference: normalStackedDngRaw16
                requireParity(stacked.normalStackedDngRaw16 == null && stacked.normalStackedDngFrameCount == 0,
                                      ^
mnt/data/photon_26753_work/candidate/app/src/main/java/com/particlesdevs/photoncamera/processing/processor/PhotonMotionMgc1271Bridge.kt:962:80: error: unresolved reference: normalStackedDngFrameCount
                requireParity(stacked.normalStackedDngRaw16 == null && stacked.normalStackedDngFrameCount == 0,
                                                                               ^
mnt/data/photon_26753_work/candidate/app/src/main/java/com/particlesdevs/photoncamera/processing/processor/PhotonMotionMgc1271Bridge.kt:964:39: error: unresolved reference: normalStackedDngNoiseProfile
                requireParity(stacked.normalStackedDngNoiseProfile == null,
                                      ^
mnt/data/photon_26753_work/candidate/app/src/main/java/com/particlesdevs/photoncamera/processing/processor/PhotonMotionMgc1271Bridge.kt:968:13: error: unresolved reference: PLog
            PLog.i(TAG, "IRIS_26568_SABRE_ONLY_RECONSTRUCTION_OWNERSHIP " +
            ^
mnt/data/photon_26753_work/candidate/app/src/main/java/com/particlesdevs/photoncamera/processing/processor/PhotonMotionMgc1271Bridge.kt:973:35: error: unresolved reference: true2xRenderRgbPath
                "true2x=${stacked.true2xRenderRgbPath != null || stacked.true2xLinearRgbPath != null} backend=${stacked.true2xBackend} " +
                                  ^
mnt/data/photon_26753_work/candidate/app/src/main/java/com/particlesdevs/photoncamera/processing/processor/PhotonMotionMgc1271Bridge.kt:973:74: error: unresolved reference: true2xLinearRgbPath
                "true2x=${stacked.true2xRenderRgbPath != null || stacked.true2xLinearRgbPath != null} backend=${stacked.true2xBackend} " +
                                                                         ^
mnt/data/photon_26753_work/candidate/app/src/main/java/com/particlesdevs/photoncamera/processing/processor/PhotonMotionMgc1271Bridge.kt:973:121: error: unresolved reference: true2xBackend
                "true2x=${stacked.true2xRenderRgbPath != null || stacked.true2xLinearRgbPath != null} backend=${stacked.true2xBackend} " +
                                                                                                                        ^
mnt/data/photon_26753_work/candidate/app/src/main/java/com/particlesdevs/photoncamera/processing/processor/PhotonMotionMgc1271Bridge.kt:974:38: error: unresolved reference: true2xPhaseSupportMean
                "phaseMean=${stacked.true2xPhaseSupportMean} phaseP10=${stacked.true2xPhaseSupportP10} " +
                                     ^
mnt/data/photon_26753_work/candidate/app/src/main/java/com/particlesdevs/photoncamera/processing/processor/PhotonMotionMgc1271Bridge.kt:974:81: error: unresolved reference: true2xPhaseSupportP10
                "phaseMean=${stacked.true2xPhaseSupportMean} phaseP10=${stacked.true2xPhaseSupportP10} " +
                                                                                ^
mnt/data/photon_26753_work/candidate/app/src/main/java/com/particlesdevs/photoncamera/processing/processor/PhotonMotionMgc1271Bridge.kt:976:13: error: unresolved reference: PLog
            PLog.i(TAG, "IRIS_26545_RECONSTRUCTION_TIMING " +
            ^
mnt/data/photon_26753_work/candidate/app/src/main/java/com/particlesdevs/photoncamera/processing/processor/PhotonMotionMgc1271Bridge.kt:978:37: error: unresolved reference: true2xReconstructionMs
                "true2xMs=${stacked.true2xReconstructionMs} true2xRenderPrepMs=$iris26564True2xRenderPrepMs " +
                                    ^
mnt/data/photon_26753_work/candidate/app/src/main/java/com/particlesdevs/photoncamera/processing/processor/PhotonMotionMgc1271Bridge.kt:981:57: error: unresolved reference: mergedFrameCount
                "frames=${frames.size} merged=${stacked.mergedFrameCount}")
                                                        ^
mnt/data/photon_26753_work/candidate/app/src/main/java/com/particlesdevs/photoncamera/processing/processor/PhotonMotionMgc1271Bridge.kt:982:13: error: unresolved reference: PLog
            PLog.i(TAG, "IRIS_26512_MGC1271_PARITY_VALID " +
            ^
mnt/data/photon_26753_work/candidate/app/src/main/java/com/particlesdevs/photoncamera/processing/processor/PhotonMotionMgc1271Bridge.kt:984:72: error: unresolved reference: timestamp
                "photonReference=$referenceTimestamp mgcBase=${mgcBase.timestamp} " +
                                                                       ^
mnt/data/photon_26753_work/candidate/app/src/main/java/com/particlesdevs/photoncamera/processing/processor/PhotonMotionMgc1271Bridge.kt:986:35: error: unresolved reference: mergedFrameCount
                "merged=${stacked.mergedFrameCount} cfa=$cfa " +
                                  ^
mnt/data/photon_26753_work/candidate/app/src/main/java/com/particlesdevs/photoncamera/processing/processor/PhotonMotionMgc1271Bridge.kt:987:32: error: unresolved reference: lensShadingCorrectionApplied
                "lsc=${stacked.lensShadingCorrectionApplied} " +
                               ^
mnt/data/photon_26753_work/candidate/app/src/main/java/com/particlesdevs/photoncamera/processing/processor/PhotonMotionMgc1271Bridge.kt:989:39: error: unresolved reference: baselineExposureEv
                "baselineEv=${stacked.baselineExposureEv} " +
                                      ^
mnt/data/photon_26753_work/candidate/app/src/main/java/com/particlesdevs/photoncamera/processing/processor/PhotonMotionMgc1271Bridge.kt:993:20: error: unresolved reference: MotionV2Merger
            return MotionV2Merger.Result(
                   ^
mnt/data/photon_26753_work/candidate/app/src/main/java/com/particlesdevs/photoncamera/processing/processor/PhotonMotionMgc1271Bridge.kt:995:25: error: unresolved reference: timestamp
                mgcBase.timestamp,
                        ^
mnt/data/photon_26753_work/candidate/app/src/main/java/com/particlesdevs/photoncamera/processing/processor/PhotonMotionMgc1271Bridge.kt:1013:25: error: unresolved reference: true2xWidth
                stacked.true2xWidth,
                        ^
mnt/data/photon_26753_work/candidate/app/src/main/java/com/particlesdevs/photoncamera/processing/processor/PhotonMotionMgc1271Bridge.kt:1014:25: error: unresolved reference: true2xHeight
                stacked.true2xHeight,
                        ^
mnt/data/photon_26753_work/candidate/app/src/main/java/com/particlesdevs/photoncamera/processing/processor/PhotonMotionMgc1271Bridge.kt:1015:25: error: unresolved reference: true2xBackend
                stacked.true2xBackend,
                        ^
mnt/data/photon_26753_work/candidate/app/src/main/java/com/particlesdevs/photoncamera/processing/processor/PhotonMotionMgc1271Bridge.kt:1016:25: error: unresolved reference: true2xPhaseSupportMean
                stacked.true2xPhaseSupportMean,
                        ^
mnt/data/photon_26753_work/candidate/app/src/main/java/com/particlesdevs/photoncamera/processing/processor/PhotonMotionMgc1271Bridge.kt:1017:25: error: unresolved reference: true2xPhaseSupportP10
                stacked.true2xPhaseSupportP10,
                        ^
mnt/data/photon_26753_work/candidate/app/src/main/java/com/particlesdevs/photoncamera/processing/processor/PhotonMotionMgc1271Bridge.kt:1018:25: error: unresolved reference: true2xReconstructionMs
                stacked.true2xReconstructionMs,
                        ^
mnt/data/photon_26753_work/candidate/app/src/main/java/com/particlesdevs/photoncamera/processing/processor/PhotonMotionMgc1271Bridge.kt:1019:22: error: cannot infer a type for this parameter. Please specify it explicitly.
            ).also { result ->
                     ^
mnt/data/photon_26753_work/candidate/app/src/main/java/com/particlesdevs/photoncamera/processing/processor/PhotonMotionMgc1271Bridge.kt:1020:24: error: variable expected
                result.sabreSelected = true
                       ^
mnt/data/photon_26753_work/candidate/app/src/main/java/com/particlesdevs/photoncamera/processing/processor/PhotonMotionMgc1271Bridge.kt:1021:24: error: variable expected
                result.linearRgbCarrierFormat = outputCarrierFormat
                       ^
mnt/data/photon_26753_work/candidate/app/src/main/java/com/particlesdevs/photoncamera/processing/processor/PhotonMotionMgc1271Bridge.kt:1030:13: error: unresolved reference: PLog
            PLog.e(TAG, "MGC PARITY ARCHITECTURE INVALID", error)
            ^
mnt/data/photon_26753_work/candidate/app/src/main/java/com/particlesdevs/photoncamera/processing/processor/PhotonMotionMgc1271Bridge.kt:1039:17: error: unresolved reference: GLES30
                GLES30.glDeleteTextures(1, intArrayOf(resultTexture), 0)
                ^
mnt/data/photon_26753_work/candidate/app/src/main/java/com/particlesdevs/photoncamera/processing/processor/PhotonMotionMgc1271Bridge.kt:1041:13: error: unresolved reference: LargeDirectBuffer
            LargeDirectBuffer.free(halfBuffer)
            ^
mnt/data/photon_26753_work/candidate/app/src/main/java/com/particlesdevs/photoncamera/processing/processor/PhotonMotionMgc1271Bridge.kt:1055:35: error: cannot infer a type for this parameter. Please specify it explicitly.
            inputImages.forEach { frame ->
                                  ^
mnt/data/photon_26753_work/candidate/app/src/main/java/com/particlesdevs/photoncamera/processing/processor/PhotonMotionMgc1271Bridge.kt:1069:16: error: unresolved reference: ImageFrame
        frame: ImageFrame,
               ^
mnt/data/photon_26753_work/candidate/app/src/main/java/com/particlesdevs/photoncamera/processing/processor/PhotonMotionMgc1271Bridge.kt:1070:15: error: unresolved reference: Point
        size: Point,
              ^
mnt/data/photon_26753_work/candidate/app/src/main/java/com/particlesdevs/photoncamera/processing/processor/PhotonMotionMgc1271Bridge.kt:1071:15: error: unresolved reference: RawBurstFrameRole
        role: RawBurstFrameRole,
              ^
mnt/data/photon_26753_work/candidate/app/src/main/java/com/particlesdevs/photoncamera/processing/processor/PhotonMotionMgc1271Bridge.kt:1080:52: error: unresolved reference: ImageFormat
        requireParity(frame.motionV2PlaneFormat == ImageFormat.RAW_SENSOR,
                                                   ^
mnt/data/photon_26753_work/candidate/app/src/main/java/com/particlesdevs/photoncamera/processing/processor/PhotonMotionMgc1271Bridge.kt:1109:13: error: unresolved reference: it
            it.isFinite() && it >= 0f
            ^
mnt/data/photon_26753_work/candidate/app/src/main/java/com/particlesdevs/photoncamera/processing/processor/PhotonMotionMgc1271Bridge.kt:1109:30: error: unresolved reference: it
            it.isFinite() && it >= 0f
                             ^
mnt/data/photon_26753_work/candidate/app/src/main/java/com/particlesdevs/photoncamera/processing/processor/PhotonMotionMgc1271Bridge.kt:1111:21: error: unresolved reference: RawBurstFrameRole
        if (role == RawBurstFrameRole.SHADOW_LONG) {
                    ^
mnt/data/photon_26753_work/candidate/app/src/main/java/com/particlesdevs/photoncamera/processing/processor/PhotonMotionMgc1271Bridge.kt:1115:21: error: unresolved reference: RawBurstFrameRole
        if (role == RawBurstFrameRole.HIGHLIGHT_SHORT) {
                    ^
mnt/data/photon_26753_work/candidate/app/src/main/java/com/particlesdevs/photoncamera/processing/processor/PhotonMotionMgc1271Bridge.kt:1121:34: error: unresolved reference: ImageFrame
    private fun safeImage(frame: ImageFrame, size: Point): SafeImage {
                                 ^
mnt/data/photon_26753_work/candidate/app/src/main/java/com/particlesdevs/photoncamera/processing/processor/PhotonMotionMgc1271Bridge.kt:1121:52: error: unresolved reference: Point
    private fun safeImage(frame: ImageFrame, size: Point): SafeImage {
                                                   ^
mnt/data/photon_26753_work/candidate/app/src/main/java/com/particlesdevs/photoncamera/processing/processor/PhotonMotionMgc1271Bridge.kt:1121:60: error: unresolved reference: SafeImage
    private fun safeImage(frame: ImageFrame, size: Point): SafeImage {
                                                           ^
mnt/data/photon_26753_work/candidate/app/src/main/java/com/particlesdevs/photoncamera/processing/processor/PhotonMotionMgc1271Bridge.kt:1124:20: error: unresolved reference: SafeImage
            return SafeImage(
                   ^
mnt/data/photon_26753_work/candidate/app/src/main/java/com/particlesdevs/photoncamera/processing/processor/PhotonMotionMgc1271Bridge.kt:1137:60: error: unresolved reference: isFile
        requireParity(frame.irisNightRawDiskBacked && file.isFile,
                                                           ^
mnt/data/photon_26753_work/candidate/app/src/main/java/com/particlesdevs/photoncamera/processing/processor/PhotonMotionMgc1271Bridge.kt:1141:16: error: unresolved reference: SafeImage
        return SafeImage(
               ^
mnt/data/photon_26753_work/candidate/app/src/main/java/com/particlesdevs/photoncamera/processing/processor/PhotonMotionMgc1271Bridge.kt:1174:22: error: unresolved reference: LargeDirectBuffer
        val output = LargeDirectBuffer.allocate(bytes, "MGC1271 RGBA16F black-box input")
                     ^
mnt/data/photon_26753_work/candidate/app/src/main/java/com/particlesdevs/photoncamera/processing/processor/PhotonMotionMgc1271Bridge.kt:1177:9: error: unresolved reference: GLES30
        GLES30.glGenFramebuffers(1, fbo, 0)
        ^
mnt/data/photon_26753_work/candidate/app/src/main/java/com/particlesdevs/photoncamera/processing/processor/PhotonMotionMgc1271Bridge.kt:1180:13: error: unresolved reference: GLES30
            GLES30.glBindFramebuffer(GLES30.GL_FRAMEBUFFER, fbo[0])
            ^
mnt/data/photon_26753_work/candidate/app/src/main/java/com/particlesdevs/photoncamera/processing/processor/PhotonMotionMgc1271Bridge.kt:1180:38: error: unresolved reference: GLES30
            GLES30.glBindFramebuffer(GLES30.GL_FRAMEBUFFER, fbo[0])
                                     ^
mnt/data/photon_26753_work/candidate/app/src/main/java/com/particlesdevs/photoncamera/processing/processor/PhotonMotionMgc1271Bridge.kt:1181:13: error: unresolved reference: GLES30
            GLES30.glFramebufferTexture2D(
            ^
mnt/data/photon_26753_work/candidate/app/src/main/java/com/particlesdevs/photoncamera/processing/processor/PhotonMotionMgc1271Bridge.kt:1182:17: error: unresolved reference: GLES30
                GLES30.GL_FRAMEBUFFER, GLES30.GL_COLOR_ATTACHMENT0,
                ^
mnt/data/photon_26753_work/candidate/app/src/main/java/com/particlesdevs/photoncamera/processing/processor/PhotonMotionMgc1271Bridge.kt:1182:40: error: unresolved reference: GLES30
                GLES30.GL_FRAMEBUFFER, GLES30.GL_COLOR_ATTACHMENT0,
                                       ^
mnt/data/photon_26753_work/candidate/app/src/main/java/com/particlesdevs/photoncamera/processing/processor/PhotonMotionMgc1271Bridge.kt:1183:17: error: unresolved reference: GLES30
                GLES30.GL_TEXTURE_2D, texture, 0)
                ^
mnt/data/photon_26753_work/candidate/app/src/main/java/com/particlesdevs/photoncamera/processing/processor/PhotonMotionMgc1271Bridge.kt:1184:27: error: unresolved reference: GLES30
            requireParity(GLES30.glCheckFramebufferStatus(GLES30.GL_FRAMEBUFFER) ==
                          ^
mnt/data/photon_26753_work/candidate/app/src/main/java/com/particlesdevs/photoncamera/processing/processor/PhotonMotionMgc1271Bridge.kt:1184:59: error: unresolved reference: GLES30
            requireParity(GLES30.glCheckFramebufferStatus(GLES30.GL_FRAMEBUFFER) ==
                                                          ^
mnt/data/photon_26753_work/candidate/app/src/main/java/com/particlesdevs/photoncamera/processing/processor/PhotonMotionMgc1271Bridge.kt:1185:21: error: unresolved reference: GLES30
                    GLES30.GL_FRAMEBUFFER_COMPLETE,
                    ^
mnt/data/photon_26753_work/candidate/app/src/main/java/com/particlesdevs/photoncamera/processing/processor/PhotonMotionMgc1271Bridge.kt:1187:13: error: unresolved reference: GLES30
            GLES30.glReadBuffer(GLES30.GL_COLOR_ATTACHMENT0)
            ^
mnt/data/photon_26753_work/candidate/app/src/main/java/com/particlesdevs/photoncamera/processing/processor/PhotonMotionMgc1271Bridge.kt:1187:33: error: unresolved reference: GLES30
            GLES30.glReadBuffer(GLES30.GL_COLOR_ATTACHMENT0)
                                ^
mnt/data/photon_26753_work/candidate/app/src/main/java/com/particlesdevs/photoncamera/processing/processor/PhotonMotionMgc1271Bridge.kt:1188:13: error: unresolved reference: GLES30
            GLES30.glPixelStorei(GLES30.GL_PACK_ALIGNMENT, 8)
            ^
mnt/data/photon_26753_work/candidate/app/src/main/java/com/particlesdevs/photoncamera/processing/processor/PhotonMotionMgc1271Bridge.kt:1188:34: error: unresolved reference: GLES30
            GLES30.glPixelStorei(GLES30.GL_PACK_ALIGNMENT, 8)
                                 ^
mnt/data/photon_26753_work/candidate/app/src/main/java/com/particlesdevs/photoncamera/processing/processor/PhotonMotionMgc1271Bridge.kt:1189:20: error: unresolved reference: position
            output.position(0)
                   ^
mnt/data/photon_26753_work/candidate/app/src/main/java/com/particlesdevs/photoncamera/processing/processor/PhotonMotionMgc1271Bridge.kt:1190:13: error: unresolved reference: GLES30
            GLES30.glReadPixels(0, 0, width, height, GLES30.GL_RGBA, GLES30.GL_HALF_FLOAT, output)
            ^
mnt/data/photon_26753_work/candidate/app/src/main/java/com/particlesdevs/photoncamera/processing/processor/PhotonMotionMgc1271Bridge.kt:1190:54: error: unresolved reference: GLES30
            GLES30.glReadPixels(0, 0, width, height, GLES30.GL_RGBA, GLES30.GL_HALF_FLOAT, output)
                                                     ^
mnt/data/photon_26753_work/candidate/app/src/main/java/com/particlesdevs/photoncamera/processing/processor/PhotonMotionMgc1271Bridge.kt:1190:70: error: unresolved reference: GLES30
            GLES30.glReadPixels(0, 0, width, height, GLES30.GL_RGBA, GLES30.GL_HALF_FLOAT, output)
                                                                     ^
mnt/data/photon_26753_work/candidate/app/src/main/java/com/particlesdevs/photoncamera/processing/processor/PhotonMotionMgc1271Bridge.kt:1192:20: error: unresolved reference: position
            output.position(0)
                   ^
mnt/data/photon_26753_work/candidate/app/src/main/java/com/particlesdevs/photoncamera/processing/processor/PhotonMotionMgc1271Bridge.kt:1195:13: error: unresolved reference: LargeDirectBuffer
            LargeDirectBuffer.free(output)
            ^
mnt/data/photon_26753_work/candidate/app/src/main/java/com/particlesdevs/photoncamera/processing/processor/PhotonMotionMgc1271Bridge.kt:1198:13: error: unresolved reference: GLES30
            GLES30.glPixelStorei(GLES30.GL_PACK_ALIGNMENT, 1)
            ^
mnt/data/photon_26753_work/candidate/app/src/main/java/com/particlesdevs/photoncamera/processing/processor/PhotonMotionMgc1271Bridge.kt:1198:34: error: unresolved reference: GLES30
            GLES30.glPixelStorei(GLES30.GL_PACK_ALIGNMENT, 1)
                                 ^
mnt/data/photon_26753_work/candidate/app/src/main/java/com/particlesdevs/photoncamera/processing/processor/PhotonMotionMgc1271Bridge.kt:1199:13: error: unresolved reference: GLES30
            GLES30.glBindFramebuffer(GLES30.GL_FRAMEBUFFER, 0)
            ^
mnt/data/photon_26753_work/candidate/app/src/main/java/com/particlesdevs/photoncamera/processing/processor/PhotonMotionMgc1271Bridge.kt:1199:38: error: unresolved reference: GLES30
            GLES30.glBindFramebuffer(GLES30.GL_FRAMEBUFFER, 0)
                                     ^
mnt/data/photon_26753_work/candidate/app/src/main/java/com/particlesdevs/photoncamera/processing/processor/PhotonMotionMgc1271Bridge.kt:1200:13: error: unresolved reference: GLES30
            GLES30.glDeleteFramebuffers(1, fbo, 0)
            ^
mnt/data/photon_26753_work/candidate/app/src/main/java/com/particlesdevs/photoncamera/processing/processor/PhotonMotionMgc1271Bridge.kt:1231:29: error: unresolved reference: Half
            val preVgnRaw = Half.toFloat(shorts.get(base + 3))
                            ^
mnt/data/photon_26753_work/candidate/app/src/main/java/com/particlesdevs/photoncamera/processing/processor/PhotonMotionMgc1271Bridge.kt:1235:24: error: unresolved reference: Half
            val rawR = Half.toFloat(shorts.get(base))
                       ^
mnt/data/photon_26753_work/candidate/app/src/main/java/com/particlesdevs/photoncamera/processing/processor/PhotonMotionMgc1271Bridge.kt:1236:24: error: unresolved reference: Half
            val rawG = Half.toFloat(shorts.get(base + 1))
                       ^
mnt/data/photon_26753_work/candidate/app/src/main/java/com/particlesdevs/photoncamera/processing/processor/PhotonMotionMgc1271Bridge.kt:1237:24: error: unresolved reference: Half
            val rawB = Half.toFloat(shorts.get(base + 2))
                       ^
mnt/data/photon_26753_work/candidate/app/src/main/java/com/particlesdevs/photoncamera/processing/processor/PhotonMotionMgc1271Bridge.kt:1252:9: error: unresolved reference: PLog
        PLog.i(TAG, "IRIS_26728_PROTECTED_CHROMA_PRE_VGN protectedPixels=$protectedPixels " +
        ^
mnt/data/photon_26753_work/candidate/app/src/main/java/com/particlesdevs/photoncamera/processing/processor/PhotonMotionMgc1271Bridge.kt:1254:9: error: unresolved reference: PLog
        PLog.i(TAG, "IRIS_26728_PROTECTED_CHROMA_POST_VGN protectedPixels=$protectedPixels " +
        ^
mnt/data/photon_26753_work/candidate/app/src/main/java/com/particlesdevs/photoncamera/processing/processor/PhotonMotionMgc1271Bridge.kt:1282:28: error: unresolved reference: Half
                val rawR = Half.toFloat(shorts.get(base))
                           ^
mnt/data/photon_26753_work/candidate/app/src/main/java/com/particlesdevs/photoncamera/processing/processor/PhotonMotionMgc1271Bridge.kt:1283:28: error: unresolved reference: Half
                val rawG = Half.toFloat(shorts.get(base + 1))
                           ^
mnt/data/photon_26753_work/candidate/app/src/main/java/com/particlesdevs/photoncamera/processing/processor/PhotonMotionMgc1271Bridge.kt:1284:28: error: unresolved reference: Half
                val rawB = Half.toFloat(shorts.get(base + 2))
                           ^
mnt/data/photon_26753_work/candidate/app/src/main/java/com/particlesdevs/photoncamera/processing/processor/PhotonMotionMgc1271Bridge.kt:1292:31: error: overload resolution ambiguity: 
public final operator fun times(other: Byte): Float defined in kotlin.Float
public final operator fun times(other: Double): Double defined in kotlin.Float
public final operator fun times(other: Float): Float defined in kotlin.Float
public final operator fun times(other: Int): Float defined in kotlin.Float
public final operator fun times(other: Long): Float defined in kotlin.Float
public final operator fun times(other: Short): Float defined in kotlin.Float
                val y = 0.25f * r + 0.50f * g + 0.25f * b
                              ^
mnt/data/photon_26753_work/candidate/app/src/main/java/com/particlesdevs/photoncamera/processing/processor/PhotonMotionMgc1271Bridge.kt:1292:43: error: overload resolution ambiguity: 
public final operator fun times(other: Byte): Float defined in kotlin.Float
public final operator fun times(other: Double): Double defined in kotlin.Float
public final operator fun times(other: Float): Float defined in kotlin.Float
public final operator fun times(other: Int): Float defined in kotlin.Float
public final operator fun times(other: Long): Float defined in kotlin.Float
public final operator fun times(other: Short): Float defined in kotlin.Float
                val y = 0.25f * r + 0.50f * g + 0.25f * b
                                          ^
mnt/data/photon_26753_work/candidate/app/src/main/java/com/particlesdevs/photoncamera/processing/processor/PhotonMotionMgc1271Bridge.kt:1292:55: error: overload resolution ambiguity: 
public final operator fun times(other: Byte): Float defined in kotlin.Float
public final operator fun times(other: Double): Double defined in kotlin.Float
public final operator fun times(other: Float): Float defined in kotlin.Float
public final operator fun times(other: Int): Float defined in kotlin.Float
public final operator fun times(other: Long): Float defined in kotlin.Float
public final operator fun times(other: Short): Float defined in kotlin.Float
                val y = 0.25f * r + 0.50f * g + 0.25f * b
                                                      ^
mnt/data/photon_26753_work/candidate/app/src/main/java/com/particlesdevs/photoncamera/processing/processor/PhotonMotionMgc1271Bridge.kt:1306:90: error: overload resolution ambiguity: 
public final operator fun minus(other: Byte): Float defined in kotlin.Float
public final operator fun minus(other: Double): Double defined in kotlin.Float
public final operator fun minus(other: Float): Float defined in kotlin.Float
public final operator fun minus(other: Int): Float defined in kotlin.Float
public final operator fun minus(other: Long): Float defined in kotlin.Float
public final operator fun minus(other: Short): Float defined in kotlin.Float
                        if (dr > 1.0e-7f) maximumMagnitude = minOf(maximumMagnitude, (1f - y) / dr)
                                                                                         ^
mnt/data/photon_26753_work/candidate/app/src/main/java/com/particlesdevs/photoncamera/processing/processor/PhotonMotionMgc1271Bridge.kt:1307:96: error: overload resolution ambiguity: 
public final operator fun minus(other: Byte): Float defined in kotlin.Float
public final operator fun minus(other: Double): Double defined in kotlin.Float
public final operator fun minus(other: Float): Float defined in kotlin.Float
public final operator fun minus(other: Int): Float defined in kotlin.Float
public final operator fun minus(other: Long): Float defined in kotlin.Float
public final operator fun minus(other: Short): Float defined in kotlin.Float
                        else if (dr < -1.0e-7f) maximumMagnitude = minOf(maximumMagnitude, (0f - y) / dr)
                                                                                               ^
mnt/data/photon_26753_work/candidate/app/src/main/java/com/particlesdevs/photoncamera/processing/processor/PhotonMotionMgc1271Bridge.kt:1308:90: error: overload resolution ambiguity: 
public final operator fun minus(other: Byte): Float defined in kotlin.Float
public final operator fun minus(other: Double): Double defined in kotlin.Float
public final operator fun minus(other: Float): Float defined in kotlin.Float
public final operator fun minus(other: Int): Float defined in kotlin.Float
public final operator fun minus(other: Long): Float defined in kotlin.Float
public final operator fun minus(other: Short): Float defined in kotlin.Float
                        if (dg > 1.0e-7f) maximumMagnitude = minOf(maximumMagnitude, (1f - y) / dg)
                                                                                         ^
mnt/data/photon_26753_work/candidate/app/src/main/java/com/particlesdevs/photoncamera/processing/processor/PhotonMotionMgc1271Bridge.kt:1309:96: error: overload resolution ambiguity: 
public final operator fun minus(other: Byte): Float defined in kotlin.Float
public final operator fun minus(other: Double): Double defined in kotlin.Float
public final operator fun minus(other: Float): Float defined in kotlin.Float
public final operator fun minus(other: Int): Float defined in kotlin.Float
public final operator fun minus(other: Long): Float defined in kotlin.Float
public final operator fun minus(other: Short): Float defined in kotlin.Float
                        else if (dg < -1.0e-7f) maximumMagnitude = minOf(maximumMagnitude, (0f - y) / dg)
                                                                                               ^
mnt/data/photon_26753_work/candidate/app/src/main/java/com/particlesdevs/photoncamera/processing/processor/PhotonMotionMgc1271Bridge.kt:1310:90: error: overload resolution ambiguity: 
public final operator fun minus(other: Byte): Float defined in kotlin.Float
public final operator fun minus(other: Double): Double defined in kotlin.Float
public final operator fun minus(other: Float): Float defined in kotlin.Float
public final operator fun minus(other: Int): Float defined in kotlin.Float
public final operator fun minus(other: Long): Float defined in kotlin.Float
public final operator fun minus(other: Short): Float defined in kotlin.Float
                        if (db > 1.0e-7f) maximumMagnitude = minOf(maximumMagnitude, (1f - y) / db)
                                                                                         ^
mnt/data/photon_26753_work/candidate/app/src/main/java/com/particlesdevs/photoncamera/processing/processor/PhotonMotionMgc1271Bridge.kt:1311:96: error: overload resolution ambiguity: 
public final operator fun minus(other: Byte): Float defined in kotlin.Float
public final operator fun minus(other: Double): Double defined in kotlin.Float
public final operator fun minus(other: Float): Float defined in kotlin.Float
public final operator fun minus(other: Int): Float defined in kotlin.Float
public final operator fun minus(other: Long): Float defined in kotlin.Float
public final operator fun minus(other: Short): Float defined in kotlin.Float
                        else if (db < -1.0e-7f) maximumMagnitude = minOf(maximumMagnitude, (0f - y) / db)
                                                                                               ^
mnt/data/photon_26753_work/candidate/app/src/main/java/com/particlesdevs/photoncamera/processing/processor/PhotonMotionMgc1271Bridge.kt:1317:46: error: unresolved reference: Half
                            shorts.put(base, Half.toHalf((y + cr).coerceIn(0f, 1f)))
                                             ^
mnt/data/photon_26753_work/candidate/app/src/main/java/com/particlesdevs/photoncamera/processing/processor/PhotonMotionMgc1271Bridge.kt:1318:50: error: unresolved reference: Half
                            shorts.put(base + 1, Half.toHalf((y + cg).coerceIn(0f, 1f)))
                                                 ^
mnt/data/photon_26753_work/candidate/app/src/main/java/com/particlesdevs/photoncamera/processing/processor/PhotonMotionMgc1271Bridge.kt:1319:50: error: unresolved reference: Half
                            shorts.put(base + 2, Half.toHalf((y + cb).coerceIn(0f, 1f)))
                                                 ^
mnt/data/photon_26753_work/candidate/app/src/main/java/com/particlesdevs/photoncamera/processing/processor/PhotonMotionMgc1271Bridge.kt:1320:46: error: type mismatch: inferred type is Float but Double was expected
                            finalMagnitude = targetMagnitude
                                             ^
mnt/data/photon_26753_work/candidate/app/src/main/java/com/particlesdevs/photoncamera/processing/processor/PhotonMotionMgc1271Bridge.kt:1333:9: error: unresolved reference: PLog
        PLog.i(TAG, "IRIS_26728_PROTECTED_CHROMA_POST_RESIDUAL_DENOISE protectedPixels=${state.protectedPixels} " +
        ^
mnt/data/photon_26753_work/candidate/app/src/main/java/com/particlesdevs/photoncamera/processing/processor/PhotonMotionMgc1271Bridge.kt:1351:9: error: unresolved reference: GLES30
        GLES30.glGenTextures(1, textureIds, 0)
        ^
mnt/data/photon_26753_work/candidate/app/src/main/java/com/particlesdevs/photoncamera/processing/processor/PhotonMotionMgc1271Bridge.kt:1352:9: error: unresolved reference: GLES30
        GLES30.glGenFramebuffers(1, fboIds, 0)
        ^
mnt/data/photon_26753_work/candidate/app/src/main/java/com/particlesdevs/photoncamera/processing/processor/PhotonMotionMgc1271Bridge.kt:1356:22: error: unresolved reference: LargeDirectBuffer
        val output = LargeDirectBuffer.allocate(outputBytes, "MGC1271 Photon FLOAT32 RGBA")
                     ^
mnt/data/photon_26753_work/candidate/app/src/main/java/com/particlesdevs/photoncamera/processing/processor/PhotonMotionMgc1271Bridge.kt:1359:13: error: unresolved reference: GLES30
            GLES30.glBindTexture(GLES30.GL_TEXTURE_2D, textureIds[0])
            ^
mnt/data/photon_26753_work/candidate/app/src/main/java/com/particlesdevs/photoncamera/processing/processor/PhotonMotionMgc1271Bridge.kt:1359:34: error: unresolved reference: GLES30
            GLES30.glBindTexture(GLES30.GL_TEXTURE_2D, textureIds[0])
                                 ^
mnt/data/photon_26753_work/candidate/app/src/main/java/com/particlesdevs/photoncamera/processing/processor/PhotonMotionMgc1271Bridge.kt:1360:13: error: unresolved reference: GLES30
            GLES30.glTexParameteri(GLES30.GL_TEXTURE_2D, GLES30.GL_TEXTURE_MIN_FILTER, GLES30.GL_NEAREST)
            ^
mnt/data/photon_26753_work/candidate/app/src/main/java/com/particlesdevs/photoncamera/processing/processor/PhotonMotionMgc1271Bridge.kt:1360:36: error: unresolved reference: GLES30
            GLES30.glTexParameteri(GLES30.GL_TEXTURE_2D, GLES30.GL_TEXTURE_MIN_FILTER, GLES30.GL_NEAREST)
                                   ^
mnt/data/photon_26753_work/candidate/app/src/main/java/com/particlesdevs/photoncamera/processing/processor/PhotonMotionMgc1271Bridge.kt:1360:58: error: unresolved reference: GLES30
            GLES30.glTexParameteri(GLES30.GL_TEXTURE_2D, GLES30.GL_TEXTURE_MIN_FILTER, GLES30.GL_NEAREST)
                                                         ^
mnt/data/photon_26753_work/candidate/app/src/main/java/com/particlesdevs/photoncamera/processing/processor/PhotonMotionMgc1271Bridge.kt:1360:88: error: unresolved reference: GLES30
            GLES30.glTexParameteri(GLES30.GL_TEXTURE_2D, GLES30.GL_TEXTURE_MIN_FILTER, GLES30.GL_NEAREST)
                                                                                       ^
mnt/data/photon_26753_work/candidate/app/src/main/java/com/particlesdevs/photoncamera/processing/processor/PhotonMotionMgc1271Bridge.kt:1361:13: error: unresolved reference: GLES30
            GLES30.glTexParameteri(GLES30.GL_TEXTURE_2D, GLES30.GL_TEXTURE_MAG_FILTER, GLES30.GL_NEAREST)
            ^
mnt/data/photon_26753_work/candidate/app/src/main/java/com/particlesdevs/photoncamera/processing/processor/PhotonMotionMgc1271Bridge.kt:1361:36: error: unresolved reference: GLES30
            GLES30.glTexParameteri(GLES30.GL_TEXTURE_2D, GLES30.GL_TEXTURE_MAG_FILTER, GLES30.GL_NEAREST)
                                   ^
mnt/data/photon_26753_work/candidate/app/src/main/java/com/particlesdevs/photoncamera/processing/processor/PhotonMotionMgc1271Bridge.kt:1361:58: error: unresolved reference: GLES30
            GLES30.glTexParameteri(GLES30.GL_TEXTURE_2D, GLES30.GL_TEXTURE_MAG_FILTER, GLES30.GL_NEAREST)
                                                         ^
mnt/data/photon_26753_work/candidate/app/src/main/java/com/particlesdevs/photoncamera/processing/processor/PhotonMotionMgc1271Bridge.kt:1361:88: error: unresolved reference: GLES30
            GLES30.glTexParameteri(GLES30.GL_TEXTURE_2D, GLES30.GL_TEXTURE_MAG_FILTER, GLES30.GL_NEAREST)
                                                                                       ^
mnt/data/photon_26753_work/candidate/app/src/main/java/com/particlesdevs/photoncamera/processing/processor/PhotonMotionMgc1271Bridge.kt:1362:13: error: unresolved reference: GLES30
            GLES30.glPixelStorei(GLES30.GL_UNPACK_ALIGNMENT, 8)
            ^
mnt/data/photon_26753_work/candidate/app/src/main/java/com/particlesdevs/photoncamera/processing/processor/PhotonMotionMgc1271Bridge.kt:1362:34: error: unresolved reference: GLES30
            GLES30.glPixelStorei(GLES30.GL_UNPACK_ALIGNMENT, 8)
                                 ^
mnt/data/photon_26753_work/candidate/app/src/main/java/com/particlesdevs/photoncamera/processing/processor/PhotonMotionMgc1271Bridge.kt:1364:13: error: unresolved reference: GLES30
            GLES30.glTexImage2D(
            ^
mnt/data/photon_26753_work/candidate/app/src/main/java/com/particlesdevs/photoncamera/processing/processor/PhotonMotionMgc1271Bridge.kt:1365:17: error: unresolved reference: GLES30
                GLES30.GL_TEXTURE_2D, 0, GLES30.GL_RGBA16F, width, height, 0,
                ^
mnt/data/photon_26753_work/candidate/app/src/main/java/com/particlesdevs/photoncamera/processing/processor/PhotonMotionMgc1271Bridge.kt:1365:42: error: unresolved reference: GLES30
                GLES30.GL_TEXTURE_2D, 0, GLES30.GL_RGBA16F, width, height, 0,
                                         ^
mnt/data/photon_26753_work/candidate/app/src/main/java/com/particlesdevs/photoncamera/processing/processor/PhotonMotionMgc1271Bridge.kt:1366:17: error: unresolved reference: GLES30
                GLES30.GL_RGBA, GLES30.GL_HALF_FLOAT, half)
                ^
mnt/data/photon_26753_work/candidate/app/src/main/java/com/particlesdevs/photoncamera/processing/processor/PhotonMotionMgc1271Bridge.kt:1366:33: error: unresolved reference: GLES30
                GLES30.GL_RGBA, GLES30.GL_HALF_FLOAT, half)
                                ^
mnt/data/photon_26753_work/candidate/app/src/main/java/com/particlesdevs/photoncamera/processing/processor/PhotonMotionMgc1271Bridge.kt:1368:13: error: unresolved reference: GLES30
            GLES30.glBindFramebuffer(GLES30.GL_FRAMEBUFFER, fboIds[0])
            ^
mnt/data/photon_26753_work/candidate/app/src/main/java/com/particlesdevs/photoncamera/processing/processor/PhotonMotionMgc1271Bridge.kt:1368:38: error: unresolved reference: GLES30
            GLES30.glBindFramebuffer(GLES30.GL_FRAMEBUFFER, fboIds[0])
                                     ^
mnt/data/photon_26753_work/candidate/app/src/main/java/com/particlesdevs/photoncamera/processing/processor/PhotonMotionMgc1271Bridge.kt:1369:13: error: unresolved reference: GLES30
            GLES30.glFramebufferTexture2D(
            ^
mnt/data/photon_26753_work/candidate/app/src/main/java/com/particlesdevs/photoncamera/processing/processor/PhotonMotionMgc1271Bridge.kt:1370:17: error: unresolved reference: GLES30
                GLES30.GL_FRAMEBUFFER, GLES30.GL_COLOR_ATTACHMENT0,
                ^
mnt/data/photon_26753_work/candidate/app/src/main/java/com/particlesdevs/photoncamera/processing/processor/PhotonMotionMgc1271Bridge.kt:1370:40: error: unresolved reference: GLES30
                GLES30.GL_FRAMEBUFFER, GLES30.GL_COLOR_ATTACHMENT0,
                                       ^
mnt/data/photon_26753_work/candidate/app/src/main/java/com/particlesdevs/photoncamera/processing/processor/PhotonMotionMgc1271Bridge.kt:1371:17: error: unresolved reference: GLES30
                GLES30.GL_TEXTURE_2D, textureIds[0], 0)
                ^
mnt/data/photon_26753_work/candidate/app/src/main/java/com/particlesdevs/photoncamera/processing/processor/PhotonMotionMgc1271Bridge.kt:1372:27: error: unresolved reference: GLES30
            requireParity(GLES30.glCheckFramebufferStatus(GLES30.GL_FRAMEBUFFER) ==
                          ^
mnt/data/photon_26753_work/candidate/app/src/main/java/com/particlesdevs/photoncamera/processing/processor/PhotonMotionMgc1271Bridge.kt:1372:59: error: unresolved reference: GLES30
            requireParity(GLES30.glCheckFramebufferStatus(GLES30.GL_FRAMEBUFFER) ==
                                                          ^
mnt/data/photon_26753_work/candidate/app/src/main/java/com/particlesdevs/photoncamera/processing/processor/PhotonMotionMgc1271Bridge.kt:1373:21: error: unresolved reference: GLES30
                    GLES30.GL_FRAMEBUFFER_COMPLETE,
                    ^
mnt/data/photon_26753_work/candidate/app/src/main/java/com/particlesdevs/photoncamera/processing/processor/PhotonMotionMgc1271Bridge.kt:1375:13: error: unresolved reference: GLES30
            GLES30.glReadBuffer(GLES30.GL_COLOR_ATTACHMENT0)
            ^
mnt/data/photon_26753_work/candidate/app/src/main/java/com/particlesdevs/photoncamera/processing/processor/PhotonMotionMgc1271Bridge.kt:1375:33: error: unresolved reference: GLES30
            GLES30.glReadBuffer(GLES30.GL_COLOR_ATTACHMENT0)
                                ^
mnt/data/photon_26753_work/candidate/app/src/main/java/com/particlesdevs/photoncamera/processing/processor/PhotonMotionMgc1271Bridge.kt:1376:13: error: unresolved reference: GLES30
            GLES30.glPixelStorei(GLES30.GL_PACK_ALIGNMENT, 4)
            ^
mnt/data/photon_26753_work/candidate/app/src/main/java/com/particlesdevs/photoncamera/processing/processor/PhotonMotionMgc1271Bridge.kt:1376:34: error: unresolved reference: GLES30
            GLES30.glPixelStorei(GLES30.GL_PACK_ALIGNMENT, 4)
                                 ^
mnt/data/photon_26753_work/candidate/app/src/main/java/com/particlesdevs/photoncamera/processing/processor/PhotonMotionMgc1271Bridge.kt:1377:20: error: unresolved reference: position
            output.position(0)
                   ^
mnt/data/photon_26753_work/candidate/app/src/main/java/com/particlesdevs/photoncamera/processing/processor/PhotonMotionMgc1271Bridge.kt:1378:13: error: unresolved reference: GLES30
            GLES30.glReadPixels(0, 0, width, height, GLES30.GL_RGBA, GLES30.GL_FLOAT, output)
            ^
mnt/data/photon_26753_work/candidate/app/src/main/java/com/particlesdevs/photoncamera/processing/processor/PhotonMotionMgc1271Bridge.kt:1378:54: error: unresolved reference: GLES30
            GLES30.glReadPixels(0, 0, width, height, GLES30.GL_RGBA, GLES30.GL_FLOAT, output)
                                                     ^
mnt/data/photon_26753_work/candidate/app/src/main/java/com/particlesdevs/photoncamera/processing/processor/PhotonMotionMgc1271Bridge.kt:1378:70: error: unresolved reference: GLES30
            GLES30.glReadPixels(0, 0, width, height, GLES30.GL_RGBA, GLES30.GL_FLOAT, output)
                                                                     ^
mnt/data/photon_26753_work/candidate/app/src/main/java/com/particlesdevs/photoncamera/processing/processor/PhotonMotionMgc1271Bridge.kt:1380:20: error: unresolved reference: position
            output.position(0)
                   ^
mnt/data/photon_26753_work/candidate/app/src/main/java/com/particlesdevs/photoncamera/processing/processor/PhotonMotionMgc1271Bridge.kt:1383:13: error: unresolved reference: LargeDirectBuffer
            LargeDirectBuffer.free(output)
            ^
mnt/data/photon_26753_work/candidate/app/src/main/java/com/particlesdevs/photoncamera/processing/processor/PhotonMotionMgc1271Bridge.kt:1386:13: error: unresolved reference: GLES30
            GLES30.glPixelStorei(GLES30.GL_PACK_ALIGNMENT, 1)
            ^
mnt/data/photon_26753_work/candidate/app/src/main/java/com/particlesdevs/photoncamera/processing/processor/PhotonMotionMgc1271Bridge.kt:1386:34: error: unresolved reference: GLES30
            GLES30.glPixelStorei(GLES30.GL_PACK_ALIGNMENT, 1)
                                 ^
mnt/data/photon_26753_work/candidate/app/src/main/java/com/particlesdevs/photoncamera/processing/processor/PhotonMotionMgc1271Bridge.kt:1387:13: error: unresolved reference: GLES30
            GLES30.glPixelStorei(GLES30.GL_UNPACK_ALIGNMENT, 1)
            ^
mnt/data/photon_26753_work/candidate/app/src/main/java/com/particlesdevs/photoncamera/processing/processor/PhotonMotionMgc1271Bridge.kt:1387:34: error: unresolved reference: GLES30
            GLES30.glPixelStorei(GLES30.GL_UNPACK_ALIGNMENT, 1)
                                 ^
mnt/data/photon_26753_work/candidate/app/src/main/java/com/particlesdevs/photoncamera/processing/processor/PhotonMotionMgc1271Bridge.kt:1388:13: error: unresolved reference: GLES30
            GLES30.glBindFramebuffer(GLES30.GL_FRAMEBUFFER, 0)
            ^
mnt/data/photon_26753_work/candidate/app/src/main/java/com/particlesdevs/photoncamera/processing/processor/PhotonMotionMgc1271Bridge.kt:1388:38: error: unresolved reference: GLES30
            GLES30.glBindFramebuffer(GLES30.GL_FRAMEBUFFER, 0)
                                     ^
mnt/data/photon_26753_work/candidate/app/src/main/java/com/particlesdevs/photoncamera/processing/processor/PhotonMotionMgc1271Bridge.kt:1389:13: error: unresolved reference: GLES30
            GLES30.glBindTexture(GLES30.GL_TEXTURE_2D, 0)
            ^
mnt/data/photon_26753_work/candidate/app/src/main/java/com/particlesdevs/photoncamera/processing/processor/PhotonMotionMgc1271Bridge.kt:1389:34: error: unresolved reference: GLES30
            GLES30.glBindTexture(GLES30.GL_TEXTURE_2D, 0)
                                 ^
mnt/data/photon_26753_work/candidate/app/src/main/java/com/particlesdevs/photoncamera/processing/processor/PhotonMotionMgc1271Bridge.kt:1390:13: error: unresolved reference: GLES30
            GLES30.glDeleteFramebuffers(1, fboIds, 0)
            ^
mnt/data/photon_26753_work/candidate/app/src/main/java/com/particlesdevs/photoncamera/processing/processor/PhotonMotionMgc1271Bridge.kt:1391:13: error: unresolved reference: GLES30
            GLES30.glDeleteTextures(1, textureIds, 0)
            ^
mnt/data/photon_26753_work/candidate/app/src/main/java/com/particlesdevs/photoncamera/processing/processor/PhotonMotionMgc1271Bridge.kt:1402:19: error: unresolved reference: RawMetadata
        metadata: RawMetadata,
                  ^
mnt/data/photon_26753_work/candidate/app/src/main/java/com/particlesdevs/photoncamera/processing/processor/PhotonMotionMgc1271Bridge.kt:1404:15: error: unresolved reference: MgcFullResolutionDenoise
        pass: MgcFullResolutionDenoise.Pass,
              ^
mnt/data/photon_26753_work/candidate/app/src/main/java/com/particlesdevs/photoncamera/processing/processor/PhotonMotionMgc1271Bridge.kt:1457:38: error: unresolved reference: Half
                    val diagnostic = Half.toFloat(half.get(index * 4 + 3)).toInt()
                                     ^
mnt/data/photon_26753_work/candidate/app/src/main/java/com/particlesdevs/photoncamera/processing/processor/PhotonMotionMgc1271Bridge.kt:1494:32: error: unresolved reference: LargeDirectBuffer
                    val rgba = LargeDirectBuffer.allocate(bytes, "IRIS26564 true2x render tile")
                               ^
mnt/data/photon_26753_work/candidate/app/src/main/java/com/particlesdevs/photoncamera/processing/processor/PhotonMotionMgc1271Bridge.kt:1498:71: error: unresolved reference: IrisTrue2xSrNative
                            com.particlesdevs.photoncamera.processing.IrisTrue2xSrNative.prepareVgnGuidedRenderTile(
                                                                      ^
mnt/data/photon_26753_work/candidate/app/src/main/java/com/particlesdevs/photoncamera/processing/processor/PhotonMotionMgc1271Bridge.kt:1505:30: error: unresolved reference: position
                        rgba.position(0)
                             ^
mnt/data/photon_26753_work/candidate/app/src/main/java/com/particlesdevs/photoncamera/processing/processor/PhotonMotionMgc1271Bridge.kt:1510:30: error: unresolved reference: position
                        rgba.position(0)
                             ^
mnt/data/photon_26753_work/candidate/app/src/main/java/com/particlesdevs/photoncamera/processing/processor/PhotonMotionMgc1271Bridge.kt:1512:43: error: unresolved reference: MgcFullResolutionDenoise
                            requireParity(MgcFullResolutionDenoise.denoise(
                                          ^
mnt/data/photon_26753_work/candidate/app/src/main/java/com/particlesdevs/photoncamera/processing/processor/PhotonMotionMgc1271Bridge.kt:1521:47: error: unresolved reference: MgcFullResolutionDenoise
                                inputLayout = MgcFullResolutionDenoise.InputLayout.CAMERA_RGBA16F,
                                              ^
mnt/data/photon_26753_work/candidate/app/src/main/java/com/particlesdevs/photoncamera/processing/processor/PhotonMotionMgc1271Bridge.kt:1534:71: error: unresolved reference: IrisTrue2xSrNative
                            com.particlesdevs.photoncamera.processing.IrisTrue2xSrNative.writeRenderTileInterior(
                                                                      ^
mnt/data/photon_26753_work/candidate/app/src/main/java/com/particlesdevs/photoncamera/processing/processor/PhotonMotionMgc1271Bridge.kt:1542:25: error: unresolved reference: LargeDirectBuffer
                        LargeDirectBuffer.free(rgba)
                        ^
mnt/data/photon_26753_work/candidate/app/src/main/java/com/particlesdevs/photoncamera/processing/processor/PhotonMotionMgc1271Bridge.kt:1581:13: error: unresolved reference: PLog
            PLog.i(TAG, "IRIS_26573_SR_PROOF $proof")
            ^
mnt/data/photon_26753_work/candidate/app/src/main/java/com/particlesdevs/photoncamera/processing/processor/PhotonMotionMgc1271Bridge.kt:1582:13: error: unresolved reference: PLog
            PLog.i("MotionTrace", "PIPELINE_STATE stage=IRIS_26573_SR_PROOF details=$proof")
            ^
mnt/data/photon_26753_work/candidate/app/src/main/java/com/particlesdevs/photoncamera/processing/processor/PhotonMotionMgc1271Bridge.kt:1594:25: error: unresolved reference: GLES30
            val error = GLES30.glGetError()
                        ^
mnt/data/photon_26753_work/candidate/app/src/main/java/com/particlesdevs/photoncamera/processing/processor/PhotonMotionMgc1271Bridge.kt:1595:26: error: unresolved reference: GLES20
            if (error == GLES20.GL_NO_ERROR) break
                         ^
mnt/data/photon_26753_work/candidate/app/src/main/java/com/particlesdevs/photoncamera/processing/processor/PhotonMotionMgc1271Bridge.kt:1609:30: error: unresolved reference: EGLDisplay
        private val display: EGLDisplay,
                             ^
mnt/data/photon_26753_work/candidate/app/src/main/java/com/particlesdevs/photoncamera/processing/processor/PhotonMotionMgc1271Bridge.kt:1610:30: error: unresolved reference: EGLContext
        private val context: EGLContext,
                             ^
mnt/data/photon_26753_work/candidate/app/src/main/java/com/particlesdevs/photoncamera/processing/processor/PhotonMotionMgc1271Bridge.kt:1611:30: error: unresolved reference: EGLSurface
        private val surface: EGLSurface,
                             ^
mnt/data/photon_26753_work/candidate/app/src/main/java/com/particlesdevs/photoncamera/processing/processor/PhotonMotionMgc1271Bridge.kt:1615:31: error: unresolved reference: EGL14
                val display = EGL14.eglGetDisplay(EGL14.EGL_DEFAULT_DISPLAY)
                              ^
mnt/data/photon_26753_work/candidate/app/src/main/java/com/particlesdevs/photoncamera/processing/processor/PhotonMotionMgc1271Bridge.kt:1615:51: error: unresolved reference: EGL14
                val display = EGL14.eglGetDisplay(EGL14.EGL_DEFAULT_DISPLAY)
                                                  ^
mnt/data/photon_26753_work/candidate/app/src/main/java/com/particlesdevs/photoncamera/processing/processor/PhotonMotionMgc1271Bridge.kt:1616:42: error: unresolved reference: EGL14
                requireParity(display != EGL14.EGL_NO_DISPLAY, "eglGetDisplay failed")
                                         ^
mnt/data/photon_26753_work/candidate/app/src/main/java/com/particlesdevs/photoncamera/processing/processor/PhotonMotionMgc1271Bridge.kt:1618:31: error: unresolved reference: EGL14
                requireParity(EGL14.eglInitialize(display, versions, 0, versions, 1),
                              ^
mnt/data/photon_26753_work/candidate/app/src/main/java/com/particlesdevs/photoncamera/processing/processor/PhotonMotionMgc1271Bridge.kt:1619:53: error: unresolved reference: EGL14
                    "eglInitialize failed error=0x${EGL14.eglGetError().toString(16)}")
                                                    ^
mnt/data/photon_26753_work/candidate/app/src/main/java/com/particlesdevs/photoncamera/processing/processor/PhotonMotionMgc1271Bridge.kt:1621:21: error: unresolved reference: EGL14
                    EGL14.EGL_RED_SIZE, 8,
                    ^
mnt/data/photon_26753_work/candidate/app/src/main/java/com/particlesdevs/photoncamera/processing/processor/PhotonMotionMgc1271Bridge.kt:1622:21: error: unresolved reference: EGL14
                    EGL14.EGL_GREEN_SIZE, 8,
                    ^
mnt/data/photon_26753_work/candidate/app/src/main/java/com/particlesdevs/photoncamera/processing/processor/PhotonMotionMgc1271Bridge.kt:1623:21: error: unresolved reference: EGL14
                    EGL14.EGL_BLUE_SIZE, 8,
                    ^
mnt/data/photon_26753_work/candidate/app/src/main/java/com/particlesdevs/photoncamera/processing/processor/PhotonMotionMgc1271Bridge.kt:1624:21: error: unresolved reference: EGL14
                    EGL14.EGL_ALPHA_SIZE, 8,
                    ^
mnt/data/photon_26753_work/candidate/app/src/main/java/com/particlesdevs/photoncamera/processing/processor/PhotonMotionMgc1271Bridge.kt:1625:21: error: unresolved reference: EGL14
                    EGL14.EGL_SURFACE_TYPE, EGL14.EGL_PBUFFER_BIT,
                    ^
mnt/data/photon_26753_work/candidate/app/src/main/java/com/particlesdevs/photoncamera/processing/processor/PhotonMotionMgc1271Bridge.kt:1625:45: error: unresolved reference: EGL14
                    EGL14.EGL_SURFACE_TYPE, EGL14.EGL_PBUFFER_BIT,
                                            ^
mnt/data/photon_26753_work/candidate/app/src/main/java/com/particlesdevs/photoncamera/processing/processor/PhotonMotionMgc1271Bridge.kt:1626:21: error: unresolved reference: EGL14
                    EGL14.EGL_RENDERABLE_TYPE, EGL_OPENGL_ES3_BIT_KHR,
                    ^
mnt/data/photon_26753_work/candidate/app/src/main/java/com/particlesdevs/photoncamera/processing/processor/PhotonMotionMgc1271Bridge.kt:1627:21: error: unresolved reference: EGL14
                    EGL14.EGL_NONE,
                    ^
mnt/data/photon_26753_work/candidate/app/src/main/java/com/particlesdevs/photoncamera/processing/processor/PhotonMotionMgc1271Bridge.kt:1629:44: error: unresolved reference: EGLConfig
                val configs = arrayOfNulls<EGLConfig>(1)
                                           ^
mnt/data/photon_26753_work/candidate/app/src/main/java/com/particlesdevs/photoncamera/processing/processor/PhotonMotionMgc1271Bridge.kt:1631:31: error: unresolved reference: EGL14
                requireParity(EGL14.eglChooseConfig(display, attrs, 0, configs, 0, 1, count, 0) &&
                              ^
mnt/data/photon_26753_work/candidate/app/src/main/java/com/particlesdevs/photoncamera/processing/processor/PhotonMotionMgc1271Bridge.kt:1635:31: error: unresolved reference: GlesGpuScheduler
                val context = GlesGpuScheduler.createBackgroundContext(display, config, TAG)
                              ^
mnt/data/photon_26753_work/candidate/app/src/main/java/com/particlesdevs/photoncamera/processing/processor/PhotonMotionMgc1271Bridge.kt:1636:42: error: unresolved reference: EGL14
                requireParity(context != EGL14.EGL_NO_CONTEXT,
                                         ^
mnt/data/photon_26753_work/candidate/app/src/main/java/com/particlesdevs/photoncamera/processing/processor/PhotonMotionMgc1271Bridge.kt:1637:56: error: unresolved reference: EGL14
                    "eglCreateContext failed error=0x${EGL14.eglGetError().toString(16)}")
                                                       ^
mnt/data/photon_26753_work/candidate/app/src/main/java/com/particlesdevs/photoncamera/processing/processor/PhotonMotionMgc1271Bridge.kt:1638:31: error: unresolved reference: EGL14
                val surface = EGL14.eglCreatePbufferSurface(
                              ^
mnt/data/photon_26753_work/candidate/app/src/main/java/com/particlesdevs/photoncamera/processing/processor/PhotonMotionMgc1271Bridge.kt:1640:32: error: unresolved reference: EGL14
                    intArrayOf(EGL14.EGL_WIDTH, 1, EGL14.EGL_HEIGHT, 1, EGL14.EGL_NONE), 0)
                               ^
mnt/data/photon_26753_work/candidate/app/src/main/java/com/particlesdevs/photoncamera/processing/processor/PhotonMotionMgc1271Bridge.kt:1640:52: error: unresolved reference: EGL14
                    intArrayOf(EGL14.EGL_WIDTH, 1, EGL14.EGL_HEIGHT, 1, EGL14.EGL_NONE), 0)
                                                   ^
mnt/data/photon_26753_work/candidate/app/src/main/java/com/particlesdevs/photoncamera/processing/processor/PhotonMotionMgc1271Bridge.kt:1640:73: error: unresolved reference: EGL14
                    intArrayOf(EGL14.EGL_WIDTH, 1, EGL14.EGL_HEIGHT, 1, EGL14.EGL_NONE), 0)
                                                                        ^
mnt/data/photon_26753_work/candidate/app/src/main/java/com/particlesdevs/photoncamera/processing/processor/PhotonMotionMgc1271Bridge.kt:1641:42: error: unresolved reference: EGL14
                requireParity(surface != EGL14.EGL_NO_SURFACE,
                                         ^
mnt/data/photon_26753_work/candidate/app/src/main/java/com/particlesdevs/photoncamera/processing/processor/PhotonMotionMgc1271Bridge.kt:1642:63: error: unresolved reference: EGL14
                    "eglCreatePbufferSurface failed error=0x${EGL14.eglGetError().toString(16)}")
                                                              ^
mnt/data/photon_26753_work/candidate/app/src/main/java/com/particlesdevs/photoncamera/processing/processor/PhotonMotionMgc1271Bridge.kt:1643:31: error: unresolved reference: EGL14
                requireParity(EGL14.eglMakeCurrent(display, surface, surface, context),
                              ^
mnt/data/photon_26753_work/candidate/app/src/main/java/com/particlesdevs/photoncamera/processing/processor/PhotonMotionMgc1271Bridge.kt:1644:54: error: unresolved reference: EGL14
                    "eglMakeCurrent failed error=0x${EGL14.eglGetError().toString(16)}")
                                                     ^
mnt/data/photon_26753_work/candidate/app/src/main/java/com/particlesdevs/photoncamera/processing/processor/PhotonMotionMgc1271Bridge.kt:1645:17: error: unresolved reference: PLog
                PLog.i(TAG, "IRIS_26512_MGC1271_EGL_OWNER " +
                ^
mnt/data/photon_26753_work/candidate/app/src/main/java/com/particlesdevs/photoncamera/processing/processor/PhotonMotionMgc1271Bridge.kt:1646:32: error: unresolved reference: GLES30
                    "version=${GLES30.glGetString(GLES30.GL_VERSION)} " +
                               ^
mnt/data/photon_26753_work/candidate/app/src/main/java/com/particlesdevs/photoncamera/processing/processor/PhotonMotionMgc1271Bridge.kt:1646:51: error: unresolved reference: GLES30
                    "version=${GLES30.glGetString(GLES30.GL_VERSION)} " +
                                                  ^
mnt/data/photon_26753_work/candidate/app/src/main/java/com/particlesdevs/photoncamera/processing/processor/PhotonMotionMgc1271Bridge.kt:1647:33: error: unresolved reference: GLES30
                    "renderer=${GLES30.glGetString(GLES30.GL_RENDERER)}")
                                ^
mnt/data/photon_26753_work/candidate/app/src/main/java/com/particlesdevs/photoncamera/processing/processor/PhotonMotionMgc1271Bridge.kt:1647:52: error: unresolved reference: GLES30
                    "renderer=${GLES30.glGetString(GLES30.GL_RENDERER)}")
                                                   ^
mnt/data/photon_26753_work/candidate/app/src/main/java/com/particlesdevs/photoncamera/processing/processor/PhotonMotionMgc1271Bridge.kt:1653:27: error: unresolved reference: GLES30
            runCatching { GLES30.glFinish() }
                          ^
mnt/data/photon_26753_work/candidate/app/src/main/java/com/particlesdevs/photoncamera/processing/processor/PhotonMotionMgc1271Bridge.kt:1655:17: error: unresolved reference: EGL14
                EGL14.eglMakeCurrent(
                ^
mnt/data/photon_26753_work/candidate/app/src/main/java/com/particlesdevs/photoncamera/processing/processor/PhotonMotionMgc1271Bridge.kt:1656:30: error: unresolved reference: EGL14
                    display, EGL14.EGL_NO_SURFACE, EGL14.EGL_NO_SURFACE, EGL14.EGL_NO_CONTEXT)
                             ^
mnt/data/photon_26753_work/candidate/app/src/main/java/com/particlesdevs/photoncamera/processing/processor/PhotonMotionMgc1271Bridge.kt:1656:52: error: unresolved reference: EGL14
                    display, EGL14.EGL_NO_SURFACE, EGL14.EGL_NO_SURFACE, EGL14.EGL_NO_CONTEXT)
                                                   ^
mnt/data/photon_26753_work/candidate/app/src/main/java/com/particlesdevs/photoncamera/processing/processor/PhotonMotionMgc1271Bridge.kt:1656:74: error: unresolved reference: EGL14
                    display, EGL14.EGL_NO_SURFACE, EGL14.EGL_NO_SURFACE, EGL14.EGL_NO_CONTEXT)
                                                                         ^
mnt/data/photon_26753_work/candidate/app/src/main/java/com/particlesdevs/photoncamera/processing/processor/PhotonMotionMgc1271Bridge.kt:1658:27: error: unresolved reference: EGL14
            runCatching { EGL14.eglDestroySurface(display, surface) }
                          ^
mnt/data/photon_26753_work/candidate/app/src/main/java/com/particlesdevs/photoncamera/processing/processor/PhotonMotionMgc1271Bridge.kt:1659:27: error: unresolved reference: EGL14
            runCatching { EGL14.eglDestroyContext(display, context) }
                          ^
mnt/data/photon_26753_work/candidate/app/src/main/java/com/particlesdevs/photoncamera/processing/processor/PhotonMotionMgc1271Bridge.kt:1660:27: error: unresolved reference: EGL14
            runCatching { EGL14.eglTerminate(display) }
                          ^
kotlinc_exit=1
